country,year,population,gdp_usd,gdp_per_capita_usd,inflation_rate,unemployment_rate,life_expectancy,hdi,co2_tonnes_per_capita,economic_growth_rate
USA,2015,668000000,14209696000000,21272,4.13,2.77,80.9,0.589,11.86,7.92
USA,2015,444000000,2847816000000,6414,0.12,8.69,67.5,0.776,1.65,3.79
USA,2015,462000000,38880534000000,84157,7.16,17.16,75.3,0.713,19.54,-2.44
USA,2015,277000000,10930143000000,39459,4.45,10.65,75.1,0.78,13.8,-1.76
USA,2015,1174000000,30669576000000,26124,3.84,10.76,63.4,0.574,4.52,5.16
USA,2015,880000000,37554000000000,42675,5.05,16.78,70.3,0.652,4.01,6.36
USA,2015,172000000,13207880000000,76790,2.9,9.92,69.9,0.734,12.37,-2.12
USA,2015,1053000000,59288112000000,56304,1.14,7.47,83.5,0.723,19.26,-2.07
USA,2015,1147000000,87868229000000,76607,9.26,15.09,69.8,0.694,10.19,6.56
USA,2015,145000000,1996215000000,13767,11.28,9.59,77.3,0.575,14.18,4.77
USA,2015,1400000000,83875400000000,59911,2.7,8.17,77.4,0.559,9.5,-0.98
USA,2015,244000000,16154996000000,66209,-0.23,14.29,65.0,0.652,8.12,7.46
USA,2015,170000000,3961850000000,23305,4.84,10.79,82.3,0.886,17.35,0.34
USA,2015,855000000,41488020000000,48524,7.88,8.09,67.3,0.584,3.45,4.9
USA,2015,29000000,1886885000000,65065,9.8,4.92,68.5,0.61,10.92,4.32
USA,2015,657000000,11791836000000,17948,7.98,10.25,76.2,0.827,1.55,7.79
USA,2015,1398000000,104575992000000,74804,4.1,8.38,64.4,0.81,1.71,-2.19
USA,2015,432000000,25597296000000,59253,1.11,7.44,63.2,0.55,3.45,-1.78
USA,2015,749000000,61375307000000,81943,-0.67,15.99,76.1,0.611,5.42,1.17
USA,2015,750000000,47735250000000,63647,0.6,15.58,84.8,0.741,9.93,-1.97
China,2015,214000000,9931526000000,46409,8.62,9.66,77.9,0.762,4.5,8.42
China,2015,745000000,15432675000000,20715,7.97,16.63,79.4,0.672,13.04,-1.91
China,2015,539000000,37431933000000,69447,3.77,4.67,79.8,0.768,15.69,0.96
China,2015,461000000,37745297000000,81877,9.55,17.76,81.6,0.88,16.46,5.88
China,2015,469000000,12992707000000,27703,5.73,7.69,62.7,0.561,5.95,0.11
China,2015,1244000000,58001500000000,46625,4.81,16.99,84.7,0.942,7.61,-0.35
China,2015,469000000,29600466000000,63114,1.56,5.27,76.4,0.919,16.89,2.75
China,2015,1342000000,62522438000000,46589,9.4,3.36,77.2,0.923,15.75,6.0
China,2015,984000000,24500616000000,24899,4.64,12.17,64.0,0.938,14.58,2.56
China,2015,178000000,3973138000000,22321,1.21,4.03,65.5,0.921,16.23,-1.25
China,2015,1225000000,78000650000000,63674,7.54,7.61,74.6,0.604,0.78,8.65
China,2015,1335000000,19984950000000,14970,5.85,16.94,72.0,0.907,16.61,-0.47
China,2015,520000000,15282280000000,29389,2.81,5.85,75.5,0.656,8.67,-1.43
China,2015,729000000,44871408000000,61552,7.61,15.04,73.9,0.889,17.62,-1.43
China,2015,315000000,22086855000000,70117,5.64,15.96,79.9,0.8,15.63,-1.2
China,2015,294000000,18686934000000,63561,7.05,3.93,63.4,0.83,10.85,2.79
China,2015,222000000,16636458000000,74939,-0.26,5.06,63.0,0.59,9.32,-2.67
China,2015,134000000,7985998000000,59597,3.23,17.57,75.9,0.632,5.91,3.1
China,2015,984000000,66963168000000,68052,11.24,13.19,82.2,0.936,5.56,3.71
China,2015,419000000,25206202000000,60158,0.78,3.95,72.2,0.58,5.19,-2.12
India,2015,1376000000,56670560000000,41185,9.19,16.35,65.6,0.844,13.38,-1.28
India,2015,286000000,17962802000000,62807,1.85,17.24,71.2,0.75,19.8,6.99
India,2015,335000000,19450100000000,58060,11.92,8.46,71.7,0.696,2.3,1.39
India,2015,697000000,51661640000000,74120,4.96,13.25,70.8,0.762,6.26,8.53
India,2015,236000000,7423852000000,31457,11.63,3.68,68.1,0.566,15.69,0.25
India,2015,270000000,15348150000000,56845,10.04,12.82,83.8,0.716,10.96,3.18
India,2015,1017000000,45120222000000,44366,0.16,2.92,77.8,0.724,1.91,8.26
India,2015,1304000000,17092832000000,13108,9.42,3.34,81.7,0.577,17.32,2.45
India,2015,699000000,51719709000000,73991,4.43,16.65,76.3,0.568,14.34,8.26
India,2015,335000000,12002045000000,35827,-0.35,5.23,69.2,0.675,15.31,0.48
India,2015,1029000000,25536693000000,24817,2.52,14.86,84.9,0.565,0.86,3.07
India,2015,393000000,27078093000000,68901,5.17,16.95,64.4,0.886,8.93,2.94
India,2015,810000000,55008720000000,67912,3.0,5.44,67.3,0.631,17.7,5.75
India,2015,291000000,15872304000000,54544,11.86,17.71,81.3,0.556,12.7,7.56
India,2015,887000000,20309639000000,22897,-0.28,12.64,70.8,0.757,19.43,4.19
India,2015,605000000,4494545000000,7429,4.97,4.52,72.3,0.658,19.25,8.67
India,2015,1125000000,49394250000000,43906,2.18,17.45,69.1,0.696,0.52,1.58
India,2015,977000000,37183643000000,38059,5.54,5.22,73.6,0.552,5.65,-1.92
India,2015,823000000,64533899000000,78413,-0.46,2.36,69.0,0.645,11.92,3.35
India,2015,322000000,25660824000000,79692,4.06,7.22,84.6,0.611,14.62,4.72
Germany,2015,94000000,6461278000000,68737,7.16,13.74,80.7,0.607,10.71,3.05
Germany,2015,37000000,2887998000000,78054,9.37,13.38,84.0,0.814,2.16,-2.5
Germany,2015,1309000000,63850402000000,48778,11.47,8.03,72.4,0.571,0.87,3.38
Germany,2015,505000000,33144160000000,65632,2.43,9.31,63.6,0.932,18.01,-1.9
Germany,2015,1082000000,10989874000000,10157,8.69,9.58,80.6,0.897,5.08,6.08
Germany,2015,477000000,29496249000000,61837,5.42,8.12,73.0,0.83,15.46,4.4
Germany,2015,1321000000,36314290000000,27490,0.01,4.36,67.8,0.855,6.44,3.81
Germany,2015,30000000,1941930000000,64731,-0.21,6.3,77.5,0.834,13.68,0.49
Germany,2015,1062000000,41339412000000,38926,5.04,9.46,64.7,0.916,4.39,8.74
Germany,2015,973000000,3691562000000,3794,2.76,3.22,73.7,0.958,19.88,1.64
Germany,2015,436000000,4917644000000,11279,6.56,4.27,74.1,0.941,3.09,6.84
Germany,2015,1046000000,39897578000000,38143,10.53,13.25,67.3,0.918,9.98,-2.7
Germany,2015,12000000,791364000000,65947,7.86,8.49,78.7,0.721,7.83,-1.55
Germany,2015,683000000,1180224000000,1728,3.22,7.41,71.2,0.935,4.32,-2.86
Germany,2015,598000000,20744022000000,34689,3.84,8.29,85.0,0.792,7.53,2.14
Germany,2015,568000000,4445168000000,7826,2.65,2.83,77.2,0.81,3.4,8.65
Germany,2015,898000000,61487856000000,68472,3.1,14.37,80.1,0.725,1.07,6.14
Germany,2015,824000000,61085592000000,74133,6.14,13.51,63.1,0.85,9.29,6.03
Germany,2015,1324000000,51653212000000,39013,5.31,16.59,74.7,0.62,8.59,0.38
Germany,2015,528000000,18796800000000,35600,4.28,5.82,73.1,0.824,2.83,4.72
Japan,2015,158000000,4541868000000,28746,5.51,14.99,74.7,0.736,6.99,6.11
Japan,2015,880000000,17421360000000,19797,6.12,5.91,66.0,0.778,6.73,1.42
Japan,2015,1171000000,32782145000000,27995,10.53,13.99,71.5,0.72,10.72,1.52
Japan,2015,697000000,6714898000000,9634,5.48,11.19,70.3,0.832,10.82,6.48
Japan,2015,447000000,6095739000000,13637,2.52,5.98,71.2,0.733,19.1,7.18
Japan,2015,49000000,890722000000,18178,-0.58,13.35,82.6,0.744,11.95,-3.0
Japan,2015,806000000,56973722000000,70687,10.12,17.56,67.7,0.595,3.51,3.27
Japan,2015,228000000,14008776000000,61442,0.11,14.43,62.0,0.602,11.6,-2.55
Japan,2015,627000000,11456544000000,18272,7.14,10.45,72.1,0.863,2.44,0.6
Japan,2015,1198000000,31897948000000,26626,4.05,5.58,75.8,0.554,6.38,2.53
Japan,2015,652000000,21689432000000,33266,5.18,5.76,67.7,0.944,14.24,0.69
Japan,2015,49000000,1320207000000,26943,5.48,12.79,71.7,0.655,13.51,8.1
Japan,2015,469000000,31006059000000,66111,-0.56,7.41,71.7,0.83,4.36,6.56
Japan,2015,1038000000,10730844000000,10338,1.67,17.52,69.2,0.886,5.0,-0.34
Japan,2015,609000000,9614283000000,15787,11.38,9.93,66.3,0.642,8.63,4.98
Japan,2015,1223000000,25298978000000,20686,10.99,2.87,62.5,0.794,8.6,5.52
Japan,2015,382000000,20266246000000,53053,4.85,13.39,69.2,0.596,2.05,-1.01
Japan,2015,395000000,10196925000000,25815,7.48,10.4,72.8,0.678,14.64,7.07
Japan,2015,684000000,40691160000000,59490,1.2,2.05,68.4,0.694,19.13,-1.52
Japan,2015,429000000,22017996000000,51324,3.64,15.15,80.9,0.727,1.46,2.68
UK,2015,768000000,55663872000000,72479,10.95,5.09,70.4,0.918,1.09,1.93
UK,2015,1285000000,70101890000000,54554,-0.47,2.56,63.4,0.927,5.51,5.97
UK,2015,1245000000,57197790000000,45942,3.72,7.36,83.9,0.568,15.06,5.27
UK,2015,569000000,23033689000000,40481,-0.95,14.09,83.1,0.81,18.89,-2.71
UK,2015,483000000,7514514000000,15558,5.18,17.31,83.9,0.708,5.4,2.16
UK,2015,1015000000,19177410000000,18894,11.07,4.93,80.5,0.853,16.54,6.27
UK,2015,1248000000,40498848000000,32451,3.26,7.11,70.3,0.871,2.04,-0.63
UK,2015,332000000,11259780000000,33915,4.3,12.39,73.1,0.773,3.63,2.12
UK,2015,220000000,2410760000000,10958,2.44,3.35,64.2,0.754,14.34,2.36
UK,2015,484000000,9158732000000,18923,4.42,11.92,77.5,0.857,17.02,4.97
UK,2015,253000000,10126325000000,40025,2.82,11.07,70.6,0.853,4.38,-0.03
UK,2015,507000000,16410069000000,32367,0.99,16.15,75.3,0.684,8.22,8.91
UK,2015,1044000000,73585296000000,70484,2.01,14.94,77.0,0.956,2.5,2.7
UK,2015,478000000,28803802000000,60259,10.89,2.65,68.8,0.599,4.2,8.68
UK,2015,1199000000,32311851000000,26949,11.09,7.96,81.9,0.734,5.57,6.33
UK,2015,17000000,261188000000,15364,7.29,13.36,70.0,0.565,7.13,-2.47
UK,2015,527000000,3431297000000,6511,6.79,12.43,66.7,0.555,6.88,5.14
UK,2015,384000000,31832448000000,82897,3.06,5.25,80.3,0.775,1.73,-1.78
UK,2015,814000000,59916098000000,73607,1.01,10.54,77.0,0.713,5.79,8.86
UK,2015,1372000000,57372924000000,41817,4.43,2.82,79.1,0.912,8.57,-2.78
France,2015,750000000,20510250000000,27347,4.08,8.48,83.7,0.728,3.55,-1.64
France,2015,190000000,10401170000000,54743,6.51,7.84,79.8,0.603,1.51,-1.29
France,2015,817000000,10759073000000,13169,6.45,16.84,79.0,0.62,7.28,-1.06
France,2015,356000000,3664664000000,10294,0.41,9.85,80.5,0.946,4.35,-1.48
France,2015,94000000,6088662000000,64773,3.09,11.72,76.6,0.585,14.39,5.26
France,2015,333000000,10192131000000,30607,7.07,11.84,66.5,0.744,11.53,-2.5
France,2015,1065000000,23440650000000,22010,3.99,3.97,67.7,0.847,18.0,-2.51
France,2015,1156000000,7510532000000,6497,7.68,7.19,71.0,0.737,17.06,6.34
France,2015,1334000000,75449706000000,56559,3.01,5.99,71.0,0.701,10.32,-0.85
France,2015,12000000,991428000000,82619,11.82,9.44,72.3,0.804,16.47,7.04
France,2015,974000000,52569702000000,53973,0.39,4.06,71.9,0.588,9.12,3.12
France,2015,88000000,600864000000,6828,7.27,3.32,78.9,0.869,10.47,-2.35
France,2015,1037000000,52914999000000,51027,7.49,14.55,62.6,0.577,12.48,5.31
France,2015,229000000,6157581000000,26889,0.71,16.17,68.6,0.883,16.0,5.23
France,2015,457000000,4609759000000,10087,9.83,11.77,67.8,0.683,12.46,7.86
France,2015,939000000,19078602000000,20318,2.3,17.43,73.0,0.793,12.51,-0.15
France,2015,767000000,4852809000000,6327,1.59,8.46,76.6,0.664,6.89,1.52
France,2015,546000000,9054318000000,16583,8.99,2.78,81.7,0.946,9.33,3.26
France,2015,219000000,7562946000000,34534,11.91,12.08,71.1,0.877,5.66,8.89
France,2015,1187000000,24525794000000,20662,3.68,14.23,72.2,0.622,15.0,-2.42
Canada,2015,1061000000,36865506000000,34746,3.03,17.46,82.0,0.931,17.97,5.8
Canada,2015,74000000,2260700000000,30550,0.94,11.86,71.9,0.76,17.96,-1.42
Canada,2015,470000000,38438480000000,81784,7.49,2.36,62.1,0.696,2.57,1.29
Canada,2015,464000000,25827632000000,55663,6.59,11.43,66.7,0.806,9.76,-1.38
Canada,2015,503000000,10598210000000,21070,4.86,3.02,65.3,0.823,5.76,6.74
Canada,2015,28000000,247996000000,8857,7.38,11.0,70.1,0.815,9.15,8.25
Canada,2015,1014000000,34547994000000,34071,1.15,2.01,63.4,0.56,4.12,-1.09
Canada,2015,219000000,682842000000,3118,6.96,12.51,66.5,0.719,10.61,4.71
Canada,2015,1331000000,74437506000000,55926,9.57,4.79,69.1,0.673,1.45,7.67
Canada,2015,983000000,70843827000000,72069,-0.92,15.51,79.1,0.741,14.96,2.43
Canada,2015,467000000,7144633000000,15299,2.4,12.3,64.8,0.915,18.54,8.31
Canada,2015,544000000,4561440000000,8385,2.46,10.86,72.0,0.873,10.7,0.18
Canada,2015,1319000000,39493498000000,29942,0.11,10.12,65.9,0.921,16.91,-0.57
Canada,2015,331000000,14677533000000,44343,1.5,8.22,75.8,0.706,17.11,8.06
Canada,2015,1367000000,98151967000000,71801,5.1,15.44,78.0,0.902,9.03,5.7
Canada,2015,1173000000,49074801000000,41837,9.26,8.27,75.5,0.782,3.85,-2.61
Canada,2015,234000000,3622788000000,15482,7.09,4.59,84.5,0.837,1.1,-1.34
Canada,2015,1322000000,111818726000000,84583,-0.45,3.09,63.1,0.901,15.35,-0.61
Canada,2015,1098000000,11137014000000,10143,10.44,14.09,78.4,0.707,5.31,-0.56
Canada,2015,74000000,444888000000,6012,11.34,16.58,79.3,0.586,15.15,4.59
Brazil,2015,982000000,14328362000000,14591,0.72,14.67,76.9,0.671,7.06,0.13
Brazil,2015,723000000,25410558000000,35146,11.09,2.77,79.5,0.923,15.5,4.22
Brazil,2015,980000000,38417960000000,39202,7.04,2.5,71.5,0.729,15.57,1.16
Brazil,2015,103000000,7416103000000,72001,6.36,13.43,81.0,0.786,6.1,2.23
Brazil,2015,1077000000,30135537000000,27981,2.75,14.01,63.2,0.693,2.37,5.34
Brazil,2015,382000000,25336150000000,66325,6.7,17.32,73.8,0.787,3.6,6.78
Brazil,2015,479000000,32004385000000,66815,1.16,17.02,79.6,0.751,19.83,3.74
Brazil,2015,219000000,18353076000000,83804,3.25,3.52,83.4,0.916,15.03,2.07
Brazil,2015,1327000000,6368273000000,4799,3.84,6.85,71.8,0.773,3.84,8.79
Brazil,2015,1296000000,41621040000000,32115,11.27,4.03,75.7,0.833,12.3,-2.59
Brazil,2015,1196000000,53001936000000,44316,5.78,15.89,72.4,0.777,6.81,2.56
Brazil,2015,531000000,41105772000000,77412,2.0,7.34,76.8,0.836,10.4,0.21
Brazil,2015,1269000000,27615978000000,21762,8.4,17.6,78.6,0.797,7.3,-0.17
Brazil,2015,392000000,13879152000000,35406,11.68,13.66,64.3,0.945,2.48,1.61
Brazil,2015,308000000,12657876000000,41097,8.53,8.96,66.5,0.812,2.58,-0.52
Brazil,2015,800000000,49844800000000,62306,-0.56,8.38,80.2,0.834,10.26,4.59
Brazil,2015,953000000,4191294000000,4398,0.84,11.66,71.3,0.854,18.21,2.16
Brazil,2015,1180000000,92624100000000,78495,8.74,8.74,67.3,0.846,17.66,6.29
Brazil,2015,1200000000,37755600000000,31463,7.83,12.26,72.4,0.678,12.75,-1.83
Brazil,2015,864000000,28746144000000,33271,9.17,13.41,76.5,0.653,8.76,2.46
Australia,2015,1277000000,70430381000000,55153,5.74,12.58,82.1,0.917,6.9,-2.87
Australia,2015,1008000000,15566544000000,15443,-0.5,10.69,65.7,0.871,18.84,3.23
Australia,2015,212000000,16283296000000,76808,4.94,5.28,72.9,0.557,15.96,1.44
Australia,2015,707000000,39086495000000,55285,8.65,9.31,84.8,0.625,10.52,8.19
Australia,2015,1262000000,60692104000000,48092,7.29,6.04,70.8,0.575,1.97,7.99
Australia,2015,1292000000,61567676000000,47653,6.54,3.75,69.0,0.714,19.09,8.66
Australia,2015,807000000,50090490000000,62070,1.76,4.07,79.9,0.882,12.87,2.63
Australia,2015,1156000000,35974720000000,31120,9.59,4.34,77.3,0.891,16.01,1.96
Australia,2015,607000000,44530734000000,73362,7.44,14.48,72.8,0.871,4.99,5.45
Australia,2015,524000000,30051400000000,57350,7.82,9.71,80.5,0.878,7.48,4.85
Australia,2015,661000000,42538655000000,64355,5.3,11.97,64.0,0.918,3.48,0.64
Australia,2015,793000000,7120347000000,8979,0.11,11.03,69.5,0.936,10.85,1.14
Australia,2015,1197000000,4146408000000,3464,7.54,5.36,63.7,0.67,12.36,3.94
Australia,2015,483000000,12478305000000,25835,9.09,7.54,65.5,0.921,15.94,-0.99
Australia,2015,1250000000,16686250000000,13349,7.69,16.3,80.1,0.894,4.35,5.31
Australia,2015,1092000000,12889968000000,11804,8.64,9.02,82.3,0.778,5.66,-0.19
Australia,2015,290000000,18423120000000,63528,5.41,2.94,72.7,0.609,10.08,2.98
Australia,2015,1109000000,88819810000000,80090,10.22,2.11,81.3,0.742,11.47,4.98
Australia,2015,958000000,48518868000000,50646,4.54,18.0,77.5,0.624,7.53,4.76
Australia,2015,47000000,3826317000000,81411,-0.4,13.78,85.0,0.882,2.33,2.81
Italy,2015,300000000,1782600000000,5942,1.77,8.65,64.9,0.589,13.35,1.1
Italy,2015,1081000000,80134530000000,74130,9.02,5.37,72.0,0.723,11.3,6.92
Italy,2015,604000000,29024012000000,48053,9.76,8.46,73.6,0.661,10.38,8.7
Italy,2015,1345000000,88786140000000,66012,9.3,7.29,69.3,0.673,11.94,4.62
Italy,2015,87000000,4678947000000,53781,8.39,16.17,74.5,0.57,6.36,-2.93
Italy,2015,393000000,25060038000000,63766,6.91,12.53,80.1,0.923,12.43,4.4
Italy,2015,1288000000,102600792000000,79659,10.39,3.33,62.9,0.81,12.69,-0.91
Italy,2015,1364000000,34458732000000,25263,10.3,8.75,64.3,0.932,0.76,7.46
Italy,2015,289000000,12151294000000,42046,6.31,6.13,68.9,0.723,6.71,2.17
Italy,2015,1319000000,101953424000000,77296,11.14,2.87,75.1,0.566,2.82,6.72
Italy,2015,1183000000,64518454000000,54538,4.8,2.23,70.9,0.793,18.79,8.77
Italy,2015,978000000,54333768000000,55556,6.13,3.33,72.9,0.917,12.72,2.12
Italy,2015,24000000,418728000000,17447,11.83,15.74,67.0,0.6,9.71,0.31
Italy,2015,1170000000,38907180000000,33254,4.86,13.91,83.2,0.7,15.07,5.34
Italy,2015,301000000,3776948000000,12548,2.81,10.92,73.5,0.825,17.86,7.96
Italy,2015,112000000,637280000000,5690,-0.85,2.24,77.0,0.885,2.05,0.73
Italy,2015,1234000000,28699138000000,23257,11.45,15.36,76.0,0.68,19.0,5.73
Italy,2015,967000000,22549473000000,23319,0.88,14.76,70.4,0.814,12.78,2.02
Italy,2015,794000000,48309342000000,60843,11.28,14.55,75.0,0.67,1.68,8.69
Italy,2015,1233000000,55510893000000,45021,10.3,13.61,62.4,0.612,16.74,4.02
South Korea,2015,509000000,25893339000000,50871,4.04,8.02,79.7,0.646,9.3,5.26
South Korea,2015,663000000,23852751000000,35977,2.48,4.52,83.2,0.863,15.77,0.46
South Korea,2015,293000000,22403073000000,76461,0.91,17.61,80.3,0.775,15.65,3.0
South Korea,2015,1099000000,13901251000000,12649,6.02,9.76,70.8,0.873,14.58,8.79
South Korea,2015,638000000,51707986000000,81047,-0.25,8.33,78.3,0.93,11.93,-2.89
South Korea,2015,793000000,48972508000000,61756,6.03,10.58,70.2,0.576,8.26,3.25
South Korea,2015,536000000,37466936000000,69901,3.17,10.1,66.6,0.637,2.3,6.67
South Korea,2015,598000000,29335488000000,49056,6.51,7.74,79.9,0.901,5.3,8.07
South Korea,2015,1015000000,51283890000000,50526,10.26,7.95,72.7,0.584,6.66,-2.64
South Korea,2015,579000000,40290294000000,69586,6.89,3.51,66.7,0.907,11.53,4.04
South Korea,2015,442000000,15818296000000,35788,11.03,6.48,64.2,0.733,12.07,4.3
South Korea,2015,273000000,9497943000000,34791,9.97,7.42,84.9,0.705,1.04,-2.58
South Korea,2015,762000000,46914054000000,61567,5.33,15.53,82.6,0.904,12.98,8.07
South Korea,2015,189000000,6654690000000,35210,3.14,5.73,64.1,0.928,10.38,-0.81
South Korea,2015,332000000,16638512000000,50116,11.55,17.87,67.1,0.566,5.49,1.22
South Korea,2015,1137000000,5845317000000,5141,9.88,2.75,80.1,0.841,13.11,8.83
South Korea,2015,119000000,1754655000000,14745,0.88,14.08,83.6,0.828,6.33,4.1
South Korea,2015,1341000000,20540097000000,15317,5.12,7.95,71.0,0.704,7.9,2.3
South Korea,2015,298000000,939594000000,3153,5.08,16.6,80.4,0.614,16.74,-2.07
South Korea,2015,1272000000,64111344000000,50402,10.55,4.24,72.3,0.59,18.61,7.11
Mexico,2015,1291000000,14652850000000,11350,4.88,7.44,80.9,0.746,12.75,-1.29
Mexico,2015,458000000,4092230000000,8935,1.34,9.22,82.5,0.73,3.41,2.02
Mexico,2015,510000000,11172060000000,21906,-0.67,11.14,68.8,0.88,5.58,-1.69
Mexico,2015,939000000,60784287000000,64733,0.48,17.66,63.3,0.917,13.53,-0.47
Mexico,2015,982000000,38314694000000,39017,0.55,14.08,84.3,0.727,5.6,-0.14
Mexico,2015,492000000,7029696000000,14288,4.07,8.65,65.7,0.891,19.58,-1.27
Mexico,2015,1315000000,4734000000000,3600,4.75,10.12,73.7,0.732,15.9,8.32
Mexico,2015,591000000,15280305000000,25855,3.68,2.65,71.4,0.664,4.02,7.12
Mexico,2015,1073000000,34015173000000,31701,8.25,5.15,63.8,0.586,12.37,2.95
Mexico,2015,565000000,13830635000000,24479,1.68,11.8,78.3,0.883,11.87,-0.57
Mexico,2015,139000000,9674400000000,69600,4.31,13.55,63.3,0.882,7.04,7.1
Mexico,2015,1014000000,13525746000000,13339,-0.8,16.56,73.0,0.908,5.69,-0.77
Mexico,2015,756000000,4767336000000,6306,1.13,7.94,75.7,0.552,10.64,2.35
Mexico,2015,1061000000,11511850000000,10850,0.57,13.43,80.8,0.905,6.76,5.53
Mexico,2015,786000000,60551868000000,77038,8.77,2.98,82.1,0.941,10.15,3.16
Mexico,2015,1091000000,78474539000000,71929,0.75,5.9,64.0,0.804,3.77,0.74
Mexico,2015,1142000000,6213622000000,5441,-0.75,16.82,79.0,0.657,16.83,4.64
Mexico,2015,955000000,66887245000000,70039,2.1,9.11,70.1,0.589,3.99,0.28
Mexico,2015,957000000,63349572000000,66196,6.62,14.18,64.5,0.6,17.75,3.5
Mexico,2015,470000000,14690790000000,31257,0.91,11.17,79.2,0.617,16.61,8.25
Indonesia,2015,801000000,45347013000000,56613,6.76,11.64,62.8,0.948,1.51,1.36
Indonesia,2015,825000000,27229950000000,33006,9.9,13.45,81.4,0.781,19.72,0.85
Indonesia,2015,825000000,61908825000000,75041,-0.3,10.28,84.0,0.933,5.36,2.07
Indonesia,2015,1300000000,3918200000000,3014,3.74,10.49,63.6,0.728,10.34,-2.75
Indonesia,2015,290000000,16427050000000,56645,11.61,14.43,83.5,0.81,16.28,7.61
Indonesia,2015,87000000,522435000000,6005,10.25,11.93,83.1,0.806,12.75,6.68
Indonesia,2015,78000000,6468462000000,82929,0.31,3.95,62.3,0.647,1.27,-1.64
Indonesia,2015,716000000,16744376000000,23386,0.56,11.51,84.0,0.761,5.73,2.6
Indonesia,2015,1098000000,23005296000000,20952,4.72,10.19,82.4,0.925,11.76,0.29
Indonesia,2015,184000000,13451504000000,73106,2.73,9.27,78.0,0.641,8.04,3.58
Indonesia,2015,756000000,46802448000000,61908,10.59,6.86,73.0,0.886,1.1,1.0
Indonesia,2015,391000000,26848797000000,68667,6.1,17.51,71.1,0.929,3.66,8.42
Indonesia,2015,668000000,49739948000000,74461,3.23,6.32,82.2,0.639,1.61,-2.74
Indonesia,2015,1133000000,11618915000000,10255,6.88,7.57,77.1,0.762,16.77,1.25
Indonesia,2015,228000000,15909612000000,69779,1.93,17.35,79.0,0.613,7.07,1.23
Indonesia,2015,1388000000,38920908000000,28041,7.01,15.6,80.9,0.762,14.91,5.92
Indonesia,2015,978000000,35908248000000,36716,9.2,13.34,83.0,0.602,17.48,-2.95
Indonesia,2015,1131000000,88541466000000,78286,0.53,8.36,84.8,0.611,17.07,0.35
Indonesia,2015,1277000000,103569808000000,81104,0.44,15.63,77.9,0.668,7.38,1.24
Indonesia,2015,1082000000,80382862000000,74291,6.74,12.37,62.2,0.856,19.8,1.57
Saudi Arabia,2015,619000000,15873636000000,25644,5.98,14.85,72.0,0.705,5.02,6.86
Saudi Arabia,2015,681000000,29929269000000,43949,11.6,11.73,67.6,0.684,19.46,7.7
Saudi Arabia,2015,26000000,126152000000,4852,-0.38,11.04,73.4,0.927,15.58,3.46
Saudi Arabia,2015,900000000,62389800000000,69322,9.73,13.63,71.9,0.74,1.29,5.11
Saudi Arabia,2015,932000000,2665520000000,2860,7.79,10.4,64.3,0.704,8.32,3.74
Saudi Arabia,2015,1180000000,25621340000000,21713,10.44,17.43,73.2,0.73,12.68,8.95
Saudi Arabia,2015,708000000,50258088000000,70986,8.7,3.48,70.3,0.7,1.96,0.73
Saudi Arabia,2015,364000000,5818176000000,15984,7.53,6.72,69.9,0.934,10.42,8.66
Saudi Arabia,2015,1297000000,28532703000000,21999,5.81,15.06,66.8,0.916,8.54,-2.28
Saudi Arabia,2015,1162000000,93602586000000,80553,0.39,11.12,76.5,0.846,13.99,-2.87
Saudi Arabia,2015,10000000,417050000000,41705,8.24,10.85,83.1,0.713,2.42,-2.81
Saudi Arabia,2015,65000000,1772875000000,27275,1.28,14.3,75.0,0.907,17.96,3.17
Saudi Arabia,2015,299000000,22962004000000,76796,1.58,11.63,65.3,0.763,10.44,-2.65
Saudi Arabia,2015,160000000,3816320000000,23852,11.32,9.85,72.8,0.727,16.11,4.8
Saudi Arabia,2015,1190000000,52136280000000,43812,0.87,5.81,68.3,0.563,12.76,7.31
Saudi Arabia,2015,1197000000,11682720000000,9760,3.54,9.2,70.9,0.572,17.87,3.99
Saudi Arabia,2015,94000000,5557656000000,59124,-0.29,5.81,67.1,0.615,11.95,-0.92
Saudi Arabia,2015,17000000,1040315000000,61195,2.95,11.64,84.1,0.753,19.02,-0.08
Saudi Arabia,2015,803000000,62756859000000,78153,1.88,6.95,82.1,0.749,15.96,-0.08
Saudi Arabia,2015,360000000,8557920000000,23772,3.66,4.98,84.3,0.669,11.45,-1.62
South Africa,2015,1098000000,57141018000000,52041,3.37,12.42,84.1,0.723,18.3,3.65
South Africa,2015,798000000,21194880000000,26560,5.07,7.51,72.0,0.664,0.99,6.66
South Africa,2015,500000000,9260500000000,18521,0.2,6.31,81.2,0.602,9.14,7.04
South Africa,2015,496000000,11095024000000,22369,3.78,5.46,71.3,0.808,11.82,0.57
South Africa,2015,979000000,66247951000000,67669,1.66,15.73,77.5,0.936,19.96,4.15
South Africa,2015,906000000,71132778000000,78513,11.87,10.55,71.3,0.759,2.95,6.01
South Africa,2015,1393000000,95758999000000,68743,0.19,15.63,78.9,0.864,1.06,5.62
South Africa,2015,302000000,12754970000000,42235,-0.8,13.37,78.0,0.868,5.02,-0.74
South Africa,2015,228000000,2376444000000,10423,6.31,7.78,73.5,0.672,1.79,0.74
South Africa,2015,468000000,18403164000000,39323,0.64,13.47,68.5,0.715,18.22,6.3
South Africa,2015,1292000000,24319316000000,18823,11.18,4.82,70.4,0.878,13.97,7.76
South Africa,2015,56000000,3479336000000,62131,2.23,15.55,70.1,0.808,4.04,-1.62
South Africa,2015,1252000000,37846708000000,30229,8.26,2.65,62.9,0.616,4.36,0.64
South Africa,2015,784000000,5207328000000,6642,6.18,12.07,83.7,0.781,4.94,2.97
South Africa,2015,1071000000,37361835000000,34885,11.03,12.72,75.2,0.934,2.68,6.16
South Africa,2015,1347000000,52573410000000,39030,10.71,16.0,75.5,0.835,19.5,5.17
South Africa,2015,81000000,3503493000000,43253,1.73,16.63,79.2,0.585,14.05,1.72
South Africa,2015,1265000000,38506600000000,30440,2.66,3.44,83.8,0.724,18.64,5.3
South Africa,2015,1291000000,107855304000000,83544,4.89,2.87,78.1,0.726,10.48,8.14
South Africa,2015,266000000,17465826000000,65661,8.9,2.7,78.2,0.88,5.59,3.56
Spain,2015,1310000000,42487230000000,32433,6.07,6.0,63.4,0.697,8.53,-0.58
Spain,2015,641000000,12487321000000,19481,0.78,13.31,77.4,0.648,5.21,3.18
Spain,2015,916000000,17353620000000,18945,11.17,7.62,68.9,0.913,3.27,3.76
Spain,2015,688000000,57789248000000,83996,9.6,10.77,79.5,0.619,13.5,4.18
Spain,2015,949000000,51936872000000,54728,9.81,3.83,68.7,0.698,4.53,-2.28
Spain,2015,580000000,23973140000000,41333,1.56,13.23,72.3,0.596,6.83,2.62
Spain,2015,748000000,29505608000000,39446,1.19,3.15,62.2,0.957,15.13,-1.99
Spain,2015,684000000,51559236000000,75379,2.44,12.32,84.0,0.75,15.79,0.86
Spain,2015,740000000,9933020000000,13423,7.38,12.04,83.5,0.818,5.4,-0.05
Spain,2015,288000000,1476288000000,5126,-0.67,8.32,65.3,0.701,19.26,3.31
Spain,2015,350000000,5212200000000,14892,9.2,15.29,79.1,0.684,4.1,6.9
Spain,2015,660000000,20906160000000,31676,3.79,10.82,70.5,0.891,5.17,-2.5
Spain,2015,1165000000,97673600000000,83840,10.97,18.0,71.3,0.571,4.72,2.08
Spain,2015,327000000,13330155000000,40765,6.83,12.02,65.3,0.643,3.2,4.64
Spain,2015,827000000,10959404000000,13252,11.73,15.61,73.0,0.639,7.76,-2.62
Spain,2015,1255000000,85986325000000,68515,4.53,6.53,77.2,0.761,8.71,1.06
Spain,2015,903000000,2395659000000,2653,7.66,15.22,82.8,0.617,6.27,2.32
Spain,2015,1158000000,54571908000000,47126,6.38,9.5,74.5,0.762,8.85,3.42
Spain,2015,1286000000,27947352000000,21732,11.67,17.39,76.3,0.883,1.67,5.12
Spain,2015,1252000000,50622116000000,40433,6.35,8.74,70.5,0.819,3.17,7.38
Netherlands,2015,1091000000,92261506000000,84566,-0.64,5.02,77.6,0.733,2.16,4.93
Netherlands,2015,766000000,56858648000000,74228,6.55,8.66,74.2,0.782,8.23,-1.63
Netherlands,2015,374000000,10503416000000,28084,6.13,3.8,81.8,0.654,2.35,3.37
Netherlands,2015,520000000,34127600000000,65630,1.95,9.33,74.4,0.836,14.84,7.91
Netherlands,2015,1165000000,13997475000000,12015,10.07,12.87,80.4,0.605,10.31,3.09
Netherlands,2015,239000000,19987331000000,83629,11.88,13.55,64.3,0.89,8.14,-0.94
Netherlands,2015,397000000,29892909000000,75297,5.18,3.49,70.6,0.804,8.38,-2.43
Netherlands,2015,90000000,313920000000,3488,8.13,17.29,72.6,0.599,3.14,7.9
Netherlands,2015,184000000,15256912000000,82918,11.85,5.23,64.6,0.849,7.42,1.4
Netherlands,2015,704000000,2130304000000,3026,9.73,3.96,70.6,0.852,18.99,5.66
Netherlands,2015,94000000,7580160000000,80640,3.59,7.69,69.5,0.797,1.17,7.92
Netherlands,2015,501000000,17470371000000,34871,3.61,13.1,62.5,0.955,9.08,6.49
Netherlands,2015,1004000000,16035888000000,15972,-0.04,6.13,65.5,0.932,17.54,5.03
Netherlands,2015,300000000,23583300000000,78611,10.38,10.61,77.9,0.881,19.0,-2.83
Netherlands,2015,706000000,15025798000000,21283,5.33,9.74,62.7,0.893,1.95,4.45
Netherlands,2015,1325000000,106182850000000,80138,4.1,9.61,65.6,0.896,8.17,7.48
Netherlands,2015,1256000000,86994328000000,69263,-0.01,7.27,67.0,0.917,11.99,-2.48
Netherlands,2015,352000000,17182880000000,48815,8.45,7.3,72.8,0.934,6.63,1.03
Netherlands,2015,995000000,45022755000000,45249,1.95,5.98,82.2,0.8,12.8,5.72
Netherlands,2015,299000000,11134162000000,37238,4.0,3.02,84.8,0.696,11.68,4.01
Turkey,2015,289000000,1725619000000,5971,10.9,16.44,64.2,0.632,8.81,3.86
Turkey,2015,207000000,10156869000000,49067,9.29,14.69,67.5,0.877,3.25,-2.14
Turkey,2015,704000000,34519232000000,49033,5.62,12.16,70.1,0.776,8.42,-2.27
Turkey,2015,695000000,30484090000000,43862,10.49,14.52,73.6,0.917,16.28,8.96
Turkey,2015,313000000,6033075000000,19275,1.67,16.22,77.4,0.716,8.22,6.27
Turkey,2015,350000000,27444200000000,78412,-0.14,6.82,69.1,0.848,11.25,8.25
Turkey,2015,702000000,7815366000000,11133,10.98,11.33,63.8,0.623,11.82,8.85
Turkey,2015,736000000,42418624000000,57634,8.38,16.75,81.3,0.681,3.92,7.77
Turkey,2015,1124000000,5084976000000,4524,8.86,12.02,67.4,0.558,1.43,2.38
Turkey,2015,1239000000,47757255000000,38545,10.23,12.37,66.5,0.851,19.28,4.21
Turkey,2015,167000000,1858042000000,11126,9.52,16.01,69.8,0.606,4.17,3.44
Turkey,2015,35000000,1533770000000,43822,11.0,5.4,69.5,0.857,13.15,1.86
Turkey,2015,1395000000,63851940000000,45772,1.27,15.81,80.3,0.586,12.45,6.31
Turkey,2015,1229000000,66206230000000,53870,2.34,9.41,62.3,0.929,11.5,8.85
Turkey,2015,119000000,6653528000000,55912,6.98,13.59,69.6,0.588,3.55,-1.29
Turkey,2015,189000000,9148167000000,48403,9.58,8.77,74.4,0.791,11.32,4.89
Turkey,2015,1237000000,95078294000000,76862,3.3,13.86,67.9,0.842,15.38,6.31
Turkey,2015,638000000,46907674000000,73523,11.71,9.25,68.4,0.765,18.85,-1.42
Turkey,2015,23000000,1717065000000,74655,5.18,12.49,79.8,0.699,19.8,-0.26
Turkey,2015,189000000,975807000000,5163,7.12,3.96,74.5,0.634,15.66,0.11
Nigeria,2015,1246000000,61578566000000,49421,8.59,16.45,82.0,0.901,15.69,3.34
Nigeria,2015,723000000,24073008000000,33296,4.74,15.76,66.9,0.924,18.07,1.67
Nigeria,2015,439000000,19291855000000,43945,9.27,2.42,77.2,0.556,16.23,7.96
Nigeria,2015,1385000000,65737640000000,47464,-0.22,11.03,71.4,0.927,18.93,4.53
Nigeria,2015,463000000,2557612000000,5524,2.28,6.2,72.0,0.645,4.46,6.11
Nigeria,2015,1321000000,50233667000000,38027,2.88,17.91,67.0,0.784,3.56,7.36
Nigeria,2015,552000000,10705488000000,19394,9.7,6.52,69.6,0.749,17.87,-1.06
Nigeria,2015,1254000000,100103058000000,79827,11.44,5.39,63.2,0.871,17.1,5.83
Nigeria,2015,99000000,5845950000000,59050,1.37,15.82,84.9,0.672,0.98,-1.66
Nigeria,2015,24000000,455568000000,18982,10.85,4.41,78.9,0.59,3.79,5.19
Nigeria,2015,189000000,10544310000000,55790,3.41,16.7,78.5,0.912,19.6,-2.61
Nigeria,2015,485000000,13529075000000,27895,9.3,13.03,62.9,0.757,5.02,2.17
Nigeria,2015,219000000,900528000000,4112,-0.37,16.3,63.5,0.595,19.16,8.65
Nigeria,2015,1081000000,62331541000000,57661,-0.97,5.58,74.4,0.81,11.14,8.92
Nigeria,2015,1090000000,52148870000000,47843,9.91,17.32,63.8,0.948,17.14,8.66
Nigeria,2015,463000000,5087444000000,10988,2.55,4.84,68.1,0.578,1.34,3.11
Nigeria,2015,840000000,62543880000000,74457,11.38,6.28,69.5,0.567,9.35,0.39
Nigeria,2015,682000000,37706416000000,55288,11.77,15.99,78.5,0.714,6.71,2.03
Nigeria,2015,314000000,16401790000000,52235,8.89,16.11,80.5,0.918,12.88,-0.13
Nigeria,2015,1031000000,35960249000000,34879,8.02,13.68,84.8,0.888,13.44,-1.96
USA,2016,1276000000,7541160000000,5910,10.81,2.79,78.0,0.683,13.1,3.59
USA,2016,651000000,39842502000000,61202,11.63,2.01,79.2,0.9,10.45,4.11
USA,2016,783000000,25233741000000,32227,9.72,14.66,82.0,0.696,1.75,8.71
USA,2016,550000000,45002100000000,81822,7.57,15.22,63.7,0.877,13.45,8.09
USA,2016,547000000,19624719000000,35877,10.81,9.57,78.6,0.764,9.79,-0.35
USA,2016,295000000,2988645000000,10131,11.06,10.46,74.1,0.766,16.36,-0.14
USA,2016,357000000,7669074000000,21482,9.68,9.36,76.7,0.889,17.93,7.41
USA,2016,93000000,4064100000000,43700,3.96,15.31,80.8,0.6,3.5,0.02
USA,2016,215000000,10601865000000,49311,3.64,14.85,74.0,0.736,2.22,1.75
USA,2016,918000000,14828454000000,16153,4.84,9.65,80.4,0.861,3.42,5.16
USA,2016,756000000,49566384000000,65564,5.77,5.8,70.5,0.689,7.93,-2.79
USA,2016,416000000,667680000000,1605,6.42,2.92,66.1,0.844,5.85,0.89
USA,2016,500000000,18143500000000,36287,9.84,3.46,76.6,0.902,4.43,2.08
USA,2016,599000000,49407916000000,82484,9.15,16.73,78.5,0.704,1.31,6.04
USA,2016,840000000,48709080000000,57987,7.43,14.97,70.1,0.708,11.78,8.1
USA,2016,397000000,30786953000000,77549,3.84,12.65,69.6,0.579,15.24,1.55
USA,2016,1081000000,60381417000000,55857,5.46,16.42,79.4,0.56,12.06,2.55
USA,2016,951000000,55788513000000,58663,4.39,9.58,82.5,0.73,10.08,3.14
USA,2016,24000000,767112000000,31963,8.63,8.43,62.9,0.829,11.3,6.23
USA,2016,946000000,16064972000000,16982,0.17,15.57,75.1,0.556,10.19,7.18
China,2016,446000000,33663188000000,75478,4.91,15.18,66.6,0.688,17.33,3.6
China,2016,860000000,67112680000000,78038,0.82,8.51,63.2,0.807,6.75,-0.72
China,2016,17000000,440266000000,25898,11.85,6.39,68.0,0.678,5.47,7.31
China,2016,1143000000,60857892000000,53244,5.64,8.72,63.2,0.675,17.4,6.62
China,2016,1110000000,39067560000000,35196,2.96,4.11,66.8,0.817,18.68,4.88
China,2016,1200000000,24021600000000,20018,3.75,14.82,66.6,0.927,11.34,-2.39
China,2016,648000000,1694520000000,2615,5.93,8.54,75.0,0.683,5.83,6.55
China,2016,602000000,16727172000000,27786,8.24,14.84,75.6,0.736,18.73,2.34
China,2016,421000000,3816365000000,9065,1.34,15.73,64.9,0.606,17.66,6.77
China,2016,1023000000,25691622000000,25114,-0.82,13.54,79.0,0.617,4.81,5.65
China,2016,608000000,17728672000000,29159,5.95,4.54,79.9,0.843,10.57,2.59
China,2016,417000000,5628249000000,13497,11.36,8.64,77.2,0.656,18.16,5.23
China,2016,322000000,2874494000000,8927,11.01,4.13,65.7,0.733,15.28,7.5
China,2016,657000000,49258575000000,74975,8.35,6.95,67.9,0.775,4.68,8.35
China,2016,1367000000,43406351000000,31753,4.09,2.53,70.7,0.813,4.86,3.55
China,2016,196000000,5384512000000,27472,5.04,13.65,71.9,0.828,2.73,6.94
China,2016,255000000,7417185000000,29087,11.95,17.03,74.1,0.669,7.28,6.0
China,2016,1021000000,13975448000000,13688,1.61,6.48,69.0,0.789,15.25,-0.58
China,2016,968000000,35857624000000,37043,8.98,14.24,82.8,0.787,6.35,3.96
China,2016,211000000,352792000000,1672,3.48,17.11,77.1,0.571,7.0,2.4
India,2016,511000000,22839145000000,44695,8.65,4.86,80.1,0.672,1.85,3.71
India,2016,200000000,14759000000000,73795,0.47,4.58,71.0,0.565,1.27,3.95
India,2016,850000000,15977450000000,18797,4.4,15.4,63.8,0.848,14.82,1.31
India,2016,1362000000,18115962000000,13301,3.31,15.48,82.1,0.747,3.41,-1.87
India,2016,493000000,8304092000000,16844,0.99,6.33,74.4,0.683,5.3,3.82
India,2016,91000000,6181175000000,67925,2.33,17.19,68.5,0.778,19.77,7.9
India,2016,1100000000,73998100000000,67271,2.12,3.52,64.4,0.572,15.94,5.42
India,2016,436000000,13755364000000,31549,0.13,4.74,81.3,0.959,8.77,4.49
India,2016,229000000,9106643000000,39767,6.41,3.93,77.3,0.639,5.25,6.3
India,2016,1055000000,10174420000000,9644,9.68,3.17,69.8,0.59,4.69,6.27
India,2016,362000000,14948428000000,41294,3.45,14.97,72.6,0.928,0.71,8.28
India,2016,848000000,46521280000000,54860,-0.58,14.62,65.4,0.76,3.76,6.57
India,2016,292000000,8235568000000,28204,1.58,5.51,69.6,0.95,19.95,6.5
India,2016,987000000,6361215000000,6445,5.47,14.47,82.9,0.858,12.91,-0.61
India,2016,1285000000,10403360000000,8096,9.99,14.59,64.1,0.844,7.31,-1.05
India,2016,1013000000,67406033000000,66541,0.75,15.25,83.6,0.921,15.03,6.99
India,2016,1397000000,110198154000000,78882,1.14,8.17,76.7,0.934,10.5,5.98
India,2016,1220000000,86848140000000,71187,7.52,12.12,63.6,0.871,16.14,6.01
India,2016,480000000,15826080000000,32971,1.57,9.33,67.4,0.752,18.21,5.22
India,2016,107000000,5658267000000,52881,7.63,8.32,76.4,0.867,7.18,1.55
Germany,2016,183000000,5751507000000,31429,7.48,15.38,69.8,0.794,16.81,6.52
Germany,2016,14000000,572362000000,40883,5.36,2.26,64.5,0.883,8.66,4.26
Germany,2016,941000000,19397774000000,20614,3.36,5.42,70.1,0.896,12.58,0.51
Germany,2016,185000000,6848885000000,37021,1.43,16.23,71.4,0.771,5.21,-0.4
Germany,2016,1289000000,8948238000000,6942,3.88,16.34,71.0,0.686,3.44,-0.99
Germany,2016,724000000,58995140000000,81485,10.47,17.37,69.1,0.681,17.59,6.49
Germany,2016,1247000000,32834757000000,26331,10.14,17.49,71.0,0.554,17.14,-1.76
Germany,2016,508000000,31029148000000,61081,6.35,12.51,78.9,0.827,19.7,5.81
Germany,2016,1057000000,53772761000000,50873,0.76,14.05,67.8,0.721,10.53,0.97
Germany,2016,550000000,22151250000000,40275,3.7,12.58,76.5,0.704,10.68,5.12
Germany,2016,1345000000,89831205000000,66789,5.41,13.07,62.4,0.909,17.82,-1.57
Germany,2016,777000000,46763745000000,60185,3.04,10.2,65.5,0.799,9.45,8.38
Germany,2016,993000000,19318815000000,19455,-0.91,16.98,68.2,0.627,18.4,3.1
Germany,2016,808000000,19594808000000,24251,8.72,12.26,68.5,0.863,6.18,3.53
Germany,2016,866000000,63524564000000,73354,11.72,12.38,80.5,0.827,7.92,8.56
Germany,2016,742000000,28098798000000,37869,3.21,15.34,73.4,0.57,10.88,7.72
Germany,2016,416000000,28758912000000,69132,9.5,2.99,69.1,0.763,13.79,7.89
Germany,2016,1207000000,48896777000000,40511,11.63,14.43,70.3,0.834,5.81,7.69
Germany,2016,977000000,26737559000000,27367,7.07,16.85,71.3,0.829,7.55,0.84
Germany,2016,972000000,35454672000000,36476,0.46,16.81,76.3,0.756,8.46,-1.08
Japan,2016,649000000,4711740000000,7260,0.98,14.11,72.8,0.779,13.58,6.03
Japan,2016,568000000,30009144000000,52833,3.72,16.68,74.2,0.668,12.79,0.12
Japan,2016,29000000,200593000000,6917,5.92,13.17,69.0,0.797,7.52,8.77
Japan,2016,148000000,10862904000000,73398,0.25,11.64,81.1,0.892,14.38,8.16
Japan,2016,344000000,8470312000000,24623,11.57,12.14,77.9,0.868,8.19,8.28
Japan,2016,704000000,37963200000000,53925,4.1,14.89,70.0,0.626,17.5,3.38
Japan,2016,1072000000,59727552000000,55716,7.7,16.42,65.1,0.689,1.79,1.96
Japan,2016,1033000000,1969931000000,1907,10.08,12.68,75.3,0.716,11.69,0.29
Japan,2016,1396000000,26329956000000,18861,0.97,12.74,79.3,0.755,18.02,7.79
Japan,2016,1333000000,68557523000000,51431,10.42,4.1,78.2,0.839,12.44,0.3
Japan,2016,142000000,11442644000000,80582,6.86,10.15,76.0,0.921,6.53,1.32
Japan,2016,1170000000,13818870000000,11811,3.68,13.19,63.7,0.894,6.84,-2.96
Japan,2016,1293000000,25455291000000,19687,4.81,10.05,84.5,0.792,12.12,-2.61
Japan,2016,1106000000,69442422000000,62787,0.44,5.59,76.5,0.689,6.96,3.82
Japan,2016,451000000,33578754000000,74454,9.32,5.34,81.3,0.882,10.97,-2.63
Japan,2016,359000000,1873262000000,5218,9.54,6.29,70.6,0.941,5.84,-1.93
Japan,2016,235000000,12677545000000,53947,4.07,17.27,71.4,0.823,17.69,-2.34
Japan,2016,765000000,54444285000000,71169,3.28,17.78,63.6,0.746,3.11,2.45
Japan,2016,1270000000,77586840000000,61092,1.48,11.85,64.6,0.618,15.31,-2.08
Japan,2016,1062000000,3893292000000,3666,4.7,5.16,78.2,0.631,5.68,3.72
UK,2016,611000000,2751333000000,4503,10.96,13.56,78.5,0.576,4.51,-2.84
UK,2016,1318000000,110843800000000,84100,5.99,10.92,76.4,0.782,6.66,1.25
UK,2016,220000000,1605560000000,7298,8.61,13.06,71.7,0.562,14.41,6.27
UK,2016,707000000,10947895000000,15485,10.16,7.82,82.3,0.749,2.11,1.05
UK,2016,657000000,41996754000000,63922,10.66,17.62,81.5,0.767,5.4,1.67
UK,2016,729000000,25166538000000,34522,7.53,17.0,66.4,0.664,16.39,3.23
UK,2016,791000000,17873436000000,22596,9.55,15.46,65.1,0.555,4.67,4.02
UK,2016,781000000,3997158000000,5118,-0.88,15.28,80.1,0.74,1.34,7.67
UK,2016,1099000000,11872497000000,10803,10.16,7.42,74.9,0.739,15.49,7.85
UK,2016,20000000,668080000000,33404,1.66,7.67,82.3,0.59,17.61,8.34
UK,2016,906000000,55557732000000,61322,6.44,16.73,77.8,0.925,15.35,3.84
UK,2016,115000000,7266850000000,63190,1.2,12.43,81.8,0.956,14.48,2.63
UK,2016,971000000,78568465000000,80915,0.84,16.54,75.8,0.576,5.15,8.84
UK,2016,473000000,1013166000000,2142,4.1,14.61,80.9,0.81,14.96,-2.54
UK,2016,197000000,5463007000000,27731,9.44,2.61,63.1,0.649,18.65,-0.36
UK,2016,1381000000,10075776000000,7296,11.09,12.22,83.1,0.658,3.49,-2.78
UK,2016,217000000,3072286000000,14158,1.43,14.91,65.7,0.76,2.56,6.44
UK,2016,786000000,1411656000000,1796,-0.06,2.48,76.9,0.585,11.45,4.35
UK,2016,1105000000,12899770000000,11674,8.18,12.58,76.1,0.737,13.58,3.72
UK,2016,432000000,2010960000000,4655,1.44,10.11,81.3,0.636,14.31,5.83
France,2016,1380000000,79675680000000,57736,11.78,11.8,64.0,0.763,13.71,-1.95
France,2016,494000000,7307248000000,14792,0.17,6.38,69.1,0.671,10.14,3.91
France,2016,690000000,18401610000000,26669,-0.91,3.2,64.6,0.834,12.18,3.24
France,2016,938000000,51493386000000,54897,11.01,11.19,66.8,0.861,15.16,-2.04
France,2016,49000000,451780000000,9220,8.32,2.49,77.7,0.898,8.9,7.54
France,2016,373000000,30808308000000,82596,11.26,9.07,78.2,0.654,6.36,1.18
France,2016,669000000,34525083000000,51607,0.23,9.09,84.6,0.818,18.68,6.15
France,2016,672000000,25159008000000,37439,9.45,2.21,74.4,0.69,11.11,1.28
France,2016,678000000,1170228000000,1726,9.02,14.4,82.5,0.876,10.87,-1.74
France,2016,647000000,37011635000000,57205,7.15,7.87,74.4,0.946,3.64,3.37
France,2016,1336000000,96285520000000,72070,2.18,16.68,83.4,0.763,15.64,4.58
France,2016,1331000000,39046216000000,29336,1.83,14.08,82.4,0.843,8.91,-1.58
France,2016,366000000,29840712000000,81532,4.69,12.99,77.9,0.856,15.19,-0.02
France,2016,531000000,2722437000000,5127,0.19,15.86,76.7,0.803,13.29,5.89
France,2016,295000000,3126115000000,10597,6.77,13.12,69.0,0.576,1.8,-2.83
France,2016,745000000,8390190000000,11262,0.85,3.81,73.4,0.948,13.91,0.28
France,2016,926000000,22979616000000,24816,10.7,6.08,71.1,0.836,3.88,8.87
France,2016,199000000,12313125000000,61875,3.45,15.32,62.7,0.89,4.91,7.26
France,2016,723000000,32882040000000,45480,2.61,2.16,66.4,0.921,3.58,4.91
France,2016,1207000000,51164730000000,42390,7.6,4.89,65.3,0.59,19.66,1.6
Canada,2016,1340000000,17631720000000,13158,6.41,5.57,63.5,0.556,17.12,-1.44
Canada,2016,732000000,35986584000000,49162,6.05,4.82,70.5,0.852,7.72,-1.01
Canada,2016,1363000000,21957930000000,16110,10.34,16.55,65.8,0.862,18.68,-2.64
Canada,2016,1333000000,35881694000000,26918,10.53,14.2,81.6,0.649,17.91,0.16
Canada,2016,20000000,162560000000,8128,0.29,8.04,70.5,0.666,9.72,2.85
Canada,2016,230000000,14210780000000,61786,6.22,9.87,71.3,0.749,18.5,7.92
Canada,2016,877000000,51923662000000,59206,-0.21,5.05,68.1,0.732,5.16,1.06
Canada,2016,122000000,1326506000000,10873,5.62,9.74,67.0,0.801,20.0,8.14
Canada,2016,775000000,12341100000000,15924,-0.22,8.91,63.3,0.764,10.45,0.8
Canada,2016,212000000,2626468000000,12389,5.21,9.5,83.8,0.872,3.07,6.68
Canada,2016,1297000000,55974629000000,43157,0.27,6.49,80.1,0.578,14.22,2.7
Canada,2016,531000000,13322259000000,25089,5.62,12.04,80.7,0.92,13.05,5.24
Canada,2016,70000000,5033140000000,71902,7.43,14.36,77.3,0.607,7.61,1.65
Canada,2016,664000000,4629408000000,6972,10.15,7.88,82.8,0.625,4.92,4.18
Canada,2016,172000000,10388972000000,60401,1.82,2.57,72.1,0.608,4.23,5.99
Canada,2016,1199000000,33128370000000,27630,11.21,8.43,77.6,0.555,18.99,-0.2
Canada,2016,982000000,49574306000000,50483,5.65,17.17,73.3,0.957,12.61,-0.4
Canada,2016,968000000,27069152000000,27964,3.03,14.55,68.2,0.95,15.24,-2.62
Canada,2016,368000000,17104272000000,46479,4.37,13.34,75.1,0.866,5.15,7.04
Canada,2016,322000000,26124182000000,81131,9.55,11.71,72.9,0.775,8.04,0.13
Brazil,2016,1156000000,19996488000000,17298,2.56,8.66,82.9,0.959,3.14,0.85
Brazil,2016,121000000,2841927000000,23487,2.05,4.68,75.5,0.735,8.47,7.66
Brazil,2016,1360000000,41784640000000,30724,10.18,17.31,68.2,0.936,8.45,-2.38
Brazil,2016,218000000,827092000000,3794,10.75,3.13,79.3,0.622,3.2,-2.12
Brazil,2016,776000000,31705032000000,40857,9.49,12.45,73.8,0.598,5.25,4.9
Brazil,2016,1205000000,60176495000000,49939,10.68,17.4,66.4,0.581,18.0,3.84
Brazil,2016,376000000,13163384000000,35009,7.37,8.59,84.0,0.656,16.53,5.41
Brazil,2016,121000000,10081841000000,83321,7.87,5.4,69.5,0.927,9.18,1.08
Brazil,2016,1331000000,33441375000000,25125,5.05,7.19,84.3,0.951,2.23,8.65
Brazil,2016,1116000000,61517268000000,55123,4.21,4.14,79.2,0.702,14.31,1.56
Brazil,2016,1017000000,50167593000000,49329,0.66,5.56,66.9,0.659,1.2,-1.37
Brazil,2016,836000000,68750968000000,82238,4.47,3.24,75.4,0.936,11.75,1.27
Brazil,2016,900000000,38448900000000,42721,1.28,9.71,62.4,0.827,3.64,1.44
Brazil,2016,1293000000,51457521000000,39797,9.86,12.27,76.6,0.839,19.34,-0.64
Brazil,2016,621000000,21749283000000,35023,1.12,3.04,72.5,0.823,15.45,-2.45
Brazil,2016,35000000,2784425000000,79555,5.95,13.61,68.3,0.579,0.59,-0.92
Brazil,2016,514000000,1035710000000,2015,1.26,4.79,82.7,0.872,5.11,-2.71
Brazil,2016,173000000,2265954000000,13098,11.61,4.38,69.7,0.764,6.74,2.01
Brazil,2016,985000000,34853240000000,35384,3.33,16.84,68.1,0.659,1.74,-2.37
Brazil,2016,543000000,10192110000000,18770,9.29,13.66,69.9,0.752,4.17,8.15
Australia,2016,1152000000,9465984000000,8217,8.77,15.42,71.7,0.671,0.82,0.74
Australia,2016,152000000,9640600000000,63425,0.22,11.38,66.4,0.84,16.18,6.5
Australia,2016,478000000,39714630000000,83085,0.21,12.62,75.0,0.607,4.26,3.99
Australia,2016,225000000,19033650000000,84594,4.95,14.01,73.5,0.764,6.97,-2.32
Australia,2016,473000000,2166813000000,4581,1.87,6.65,76.7,0.833,12.49,7.82
Australia,2016,424000000,17927144000000,42281,11.94,16.38,65.0,0.575,9.53,1.07
Australia,2016,1400000000,58926000000000,42090,4.15,10.37,69.0,0.868,6.65,0.52
Australia,2016,670000000,46120790000000,68837,2.07,4.8,76.5,0.651,1.09,0.85
Australia,2016,1042000000,72759734000000,69827,10.31,12.97,73.0,0.677,1.96,4.91
Australia,2016,1282000000,66956296000000,52228,4.68,3.07,80.5,0.761,9.27,7.23
Australia,2016,861000000,43235115000000,50215,5.95,14.48,78.7,0.679,1.5,6.23
Australia,2016,184000000,15633928000000,84967,10.99,4.13,81.7,0.937,11.37,-2.24
Australia,2016,1273000000,7769119000000,6103,2.9,3.1,79.3,0.866,9.03,-1.97
Australia,2016,811000000,11212886000000,13826,8.31,13.78,62.7,0.923,13.57,3.36
Australia,2016,149000000,6394931000000,42919,1.13,10.51,81.2,0.619,3.89,6.18
Australia,2016,877000000,40171862000000,45806,3.71,16.26,72.5,0.776,2.29,8.32
Australia,2016,796000000,50518936000000,63466,1.94,4.96,80.7,0.861,8.17,-0.58
Australia,2016,270000000,7258410000000,26883,10.9,9.86,82.0,0.76,16.14,-2.67
Australia,2016,1055000000,66465000000000,63000,9.58,13.13,84.5,0.802,6.61,5.75
Australia,2016,704000000,18359616000000,26079,7.58,2.9,62.0,0.645,7.2,6.45
Italy,2016,525000000,42523950000000,80998,-0.49,2.6,84.9,0.643,6.7,7.57
Italy,2016,754000000,30934358000000,41027,3.87,7.65,70.7,0.595,4.93,7.91
Italy,2016,845000000,71687265000000,84837,9.01,11.07,83.0,0.885,13.06,-2.37
Italy,2016,356000000,7557880000000,21230,9.57,6.05,77.1,0.706,16.87,-1.4
Italy,2016,1109000000,50562637000000,45593,7.72,2.88,82.6,0.621,6.73,6.29
Italy,2016,1391000000,101013029000000,72619,7.48,2.77,82.0,0.775,9.39,1.07
Italy,2016,950000000,28086750000000,29565,8.48,7.77,63.5,0.599,17.79,7.84
Italy,2016,57000000,1782105000000,31265,3.81,11.84,73.5,0.572,17.27,4.68
Italy,2016,642000000,41071950000000,63975,11.4,6.96,76.5,0.917,9.67,7.8
Italy,2016,643000000,30653096000000,47672,6.45,3.69,75.5,0.89,10.61,2.81
Italy,2016,857000000,2611279000000,3047,10.45,12.65,66.8,0.699,7.58,8.5
Italy,2016,260000000,19759220000000,75997,-0.55,11.45,71.9,0.844,8.87,-1.89
Italy,2016,1077000000,42693357000000,39641,9.67,14.62,70.2,0.641,15.02,6.62
Italy,2016,453000000,22453851000000,49567,10.48,17.88,72.0,0.706,14.34,8.16
Italy,2016,418000000,18556692000000,44394,2.92,7.26,78.8,0.627,11.16,3.0
Italy,2016,1373000000,27838948000000,20276,6.86,8.05,81.1,0.919,3.7,-2.79
Italy,2016,1334000000,98410514000000,73771,10.43,3.8,75.1,0.572,1.58,3.06
Italy,2016,1033000000,30673902000000,29694,5.64,16.92,74.9,0.609,12.81,6.64
Italy,2016,873000000,16899534000000,19358,6.83,6.15,68.3,0.722,10.51,2.62
Italy,2016,194000000,435142000000,2243,9.43,16.45,65.8,0.871,11.0,-0.21
South Korea,2016,364000000,11622156000000,31929,6.84,16.47,66.6,0.79,14.56,5.99
South Korea,2016,1221000000,36373590000000,29790,2.54,15.41,83.3,0.572,18.91,2.31
South Korea,2016,181000000,1923487000000,10627,10.67,10.95,71.5,0.681,3.85,-0.4
South Korea,2016,1117000000,50874882000000,45546,4.31,13.55,84.9,0.643,17.45,1.28
South Korea,2016,897000000,36991383000000,41239,3.03,12.16,72.2,0.608,12.0,-1.51
South Korea,2016,611000000,15619604000000,25564,4.43,15.44,79.7,0.793,9.72,0.33
South Korea,2016,1066000000,29257436000000,27446,5.13,10.14,73.5,0.645,7.36,1.6
South Korea,2016,147000000,7992831000000,54373,0.31,13.74,69.7,0.839,16.89,4.75
South Korea,2016,957000000,73256436000000,76548,6.12,2.67,80.0,0.745,10.42,5.55
South Korea,2016,1394000000,75476736000000,54144,11.38,11.92,65.6,0.817,15.06,-2.95
South Korea,2016,302000000,25253542000000,83621,3.76,15.63,80.2,0.792,13.71,1.08
South Korea,2016,325000000,23890425000000,73509,6.17,12.41,68.6,0.606,18.14,8.71
South Korea,2016,1267000000,55575688000000,43864,9.49,9.05,68.3,0.764,0.89,3.59
South Korea,2016,670000000,42886700000000,64010,0.51,6.07,76.0,0.782,17.21,-2.8
South Korea,2016,799000000,8235293000000,10307,3.72,16.61,74.4,0.663,6.98,6.86
South Korea,2016,333000000,16965684000000,50948,-0.72,5.09,63.4,0.88,3.36,-0.26
South Korea,2016,122000000,7164938000000,58729,2.43,13.73,78.6,0.923,18.97,3.61
South Korea,2016,188000000,3942736000000,20972,4.64,5.09,79.2,0.902,8.02,-1.88
South Korea,2016,372000000,29666256000000,79748,0.64,6.83,63.9,0.616,1.26,0.93
South Korea,2016,1295000000,30537395000000,23581,0.46,4.59,66.2,0.8,13.61,8.63
Mexico,2016,743000000,12887335000000,17345,11.73,8.95,71.0,0.654,5.04,8.7
Mexico,2016,1383000000,33814350000000,24450,1.15,16.29,80.3,0.807,13.28,2.35
Mexico,2016,1279000000,7543542000000,5898,9.18,10.76,82.3,0.556,9.06,-2.72
Mexico,2016,1302000000,59459736000000,45668,7.58,10.18,65.4,0.57,15.84,3.2
Mexico,2016,1022000000,24980746000000,24443,7.95,4.51,76.9,0.755,18.49,5.42
Mexico,2016,16000000,783072000000,48942,4.38,12.71,75.1,0.849,8.47,8.52
Mexico,2016,1192000000,97904920000000,82135,1.1,16.32,66.4,0.957,4.61,4.97
Mexico,2016,1263000000,2603043000000,2061,11.88,13.01,69.3,0.861,5.61,4.33
Mexico,2016,329000000,25229036000000,76684,10.15,9.82,68.3,0.928,2.12,8.16
Mexico,2016,100000000,2104000000000,21040,4.57,3.32,71.5,0.671,10.4,5.46
Mexico,2016,13000000,168194000000,12938,6.66,4.14,70.7,0.909,12.32,2.22
Mexico,2016,530000000,6446390000000,12163,8.49,12.38,64.2,0.752,14.58,-0.43
Mexico,2016,1345000000,47525575000000,35335,2.61,7.93,83.2,0.937,19.96,2.12
Mexico,2016,1175000000,44519575000000,37889,4.93,15.82,71.2,0.94,9.72,-1.58
Mexico,2016,301000000,12096588000000,40188,-0.3,17.81,74.4,0.854,3.06,4.64
Mexico,2016,776000000,26500400000000,34150,2.38,10.1,72.2,0.56,2.09,6.49
Mexico,2016,75000000,2230050000000,29734,5.04,9.5,78.5,0.849,7.19,8.19
Mexico,2016,384000000,7452288000000,19407,7.39,14.13,76.8,0.894,5.58,-1.03
Mexico,2016,461000000,29326054000000,63614,10.15,5.58,68.0,0.575,3.64,8.96
Mexico,2016,623000000,6085464000000,9768,7.2,10.53,81.7,0.732,2.42,7.96
Indonesia,2016,645000000,6077835000000,9423,8.68,5.71,72.7,0.887,19.26,8.08
Indonesia,2016,333000000,23224419000000,69743,7.89,10.87,71.3,0.619,3.17,2.64
Indonesia,2016,1014000000,37119498000000,36607,6.32,3.58,73.4,0.949,6.91,1.11
Indonesia,2016,200000000,9938400000000,49692,3.94,3.8,84.3,0.754,6.01,0.96
Indonesia,2016,1188000000,87031692000000,73259,1.32,14.33,69.3,0.738,19.16,2.46
Indonesia,2016,761000000,57300256000000,75296,9.11,17.01,78.0,0.747,18.63,-0.63
Indonesia,2016,1366000000,33360452000000,24422,3.68,11.68,68.9,0.947,5.26,8.67
Indonesia,2016,136000000,7699504000000,56614,-0.87,10.85,66.7,0.758,2.8,7.04
Indonesia,2016,1375000000,21951875000000,15965,7.9,16.83,84.8,0.828,14.41,-2.98
Indonesia,2016,105000000,6027840000000,57408,0.14,6.49,82.6,0.834,10.55,1.2
Indonesia,2016,1212000000,86451960000000,71330,9.72,2.21,66.7,0.623,16.73,-1.78
Indonesia,2016,254000000,9284970000000,36555,6.61,13.83,84.0,0.827,7.99,8.91
Indonesia,2016,60000000,619080000000,10318,6.76,13.16,71.8,0.89,17.9,3.17
Indonesia,2016,881000000,43379559000000,49239,10.32,2.35,62.6,0.572,8.84,3.38
Indonesia,2016,793000000,17936074000000,22618,3.83,7.85,65.1,0.927,7.72,3.52
Indonesia,2016,337000000,7491847000000,22231,0.97,3.77,80.3,0.601,6.53,3.81
Indonesia,2016,201000000,15067161000000,74961,5.46,9.41,79.3,0.848,5.11,-1.31
Indonesia,2016,16000000,531312000000,33207,10.64,7.72,79.8,0.892,11.99,2.15
Indonesia,2016,980000000,6809040000000,6948,1.89,12.72,81.2,0.736,10.31,8.08
Indonesia,2016,1242000000,31313304000000,25212,1.58,6.16,79.8,0.859,7.11,-2.05
Saudi Arabia,2016,636000000,7138464000000,11224,5.66,16.99,67.6,0.613,6.45,0.89
Saudi Arabia,2016,222000000,15276042000000,68811,4.57,4.66,63.0,0.6,17.03,4.78
Saudi Arabia,2016,325000000,27119300000000,83444,9.27,6.56,62.9,0.57,10.66,5.98
Saudi Arabia,2016,396000000,27098280000000,68430,4.26,5.66,66.8,0.656,9.35,-0.12
Saudi Arabia,2016,961000000,1890287000000,1967,8.12,12.59,64.3,0.717,10.96,0.45
Saudi Arabia,2016,751000000,34099155000000,45405,2.23,12.58,69.6,0.566,8.62,7.13
Saudi Arabia,2016,146000000,3199152000000,21912,0.1,2.91,66.4,0.658,12.75,1.59
Saudi Arabia,2016,1398000000,91598358000000,65521,2.29,3.59,83.3,0.781,9.23,-2.24
Saudi Arabia,2016,1211000000,76976004000000,63564,0.65,3.07,72.1,0.821,0.99,-0.78
Saudi Arabia,2016,97000000,1097749000000,11317,0.47,7.15,63.2,0.789,14.6,1.18
Saudi Arabia,2016,756000000,41428800000000,54800,8.26,6.43,84.5,0.73,0.57,-1.9
Saudi Arabia,2016,887000000,28674049000000,32327,7.28,4.49,82.1,0.844,2.75,1.57
Saudi Arabia,2016,1380000000,42043080000000,30466,-0.95,2.68,70.1,0.909,19.93,0.82
Saudi Arabia,2016,1149000000,90311400000000,78600,4.75,17.27,80.1,0.894,10.9,0.73
Saudi Arabia,2016,423000000,27411669000000,64803,8.46,4.02,70.2,0.779,19.8,4.43
Saudi Arabia,2016,1355000000,91345970000000,67414,0.67,2.36,71.9,0.795,1.35,0.52
Saudi Arabia,2016,248000000,20798024000000,83863,8.15,14.5,73.9,0.652,18.55,3.13
Saudi Arabia,2016,773000000,56280584000000,72808,2.78,8.43,78.3,0.886,9.91,5.77
Saudi Arabia,2016,441000000,26789868000000,60748,10.21,13.35,72.5,0.585,7.53,4.85
Saudi Arabia,2016,483000000,28084035000000,58145,7.51,12.82,76.6,0.834,5.82,-2.27
South Africa,2016,743000000,41006170000000,55190,-0.58,17.39,74.1,0.825,19.35,6.65
South Africa,2016,474000000,21858984000000,46116,3.38,3.74,80.3,0.852,10.01,1.43
South Africa,2016,557000000,36404406000000,65358,-0.44,4.1,69.8,0.722,19.18,0.46
South Africa,2016,323000000,13779826000000,42662,1.0,12.26,78.4,0.694,1.68,5.1
South Africa,2016,507000000,22789650000000,44950,-0.52,4.77,63.2,0.724,3.47,6.41
South Africa,2016,1047000000,17946627000000,17141,0.45,6.35,73.7,0.958,19.77,8.84
South Africa,2016,807000000,42468375000000,52625,1.42,14.51,78.9,0.597,6.76,-1.48
South Africa,2016,76000000,6335588000000,83363,8.32,5.31,75.3,0.785,5.02,-1.82
South Africa,2016,497000000,15945748000000,32084,5.13,14.36,82.3,0.6,11.65,3.19
South Africa,2016,1237000000,16448389000000,13297,5.63,3.96,66.9,0.678,8.62,1.36
South Africa,2016,472000000,7884288000000,16704,3.32,8.39,77.0,0.723,7.0,-0.11
South Africa,2016,1302000000,8430450000000,6475,5.76,10.8,69.0,0.742,14.42,2.61
South Africa,2016,32000000,276064000000,8627,7.62,9.39,75.8,0.622,12.18,2.63
South Africa,2016,798000000,17911110000000,22445,9.4,3.67,68.0,0.859,9.09,8.92
South Africa,2016,191000000,8063829000000,42219,5.0,5.4,62.0,0.588,2.27,1.43
South Africa,2016,890000000,49202760000000,55284,5.6,6.63,78.1,0.762,19.65,-0.97
South Africa,2016,1050000000,74224500000000,70690,5.42,7.95,81.8,0.636,17.61,1.29
South Africa,2016,692000000,55636800000000,80400,6.99,11.01,68.5,0.585,19.13,1.43
South Africa,2016,239000000,11825003000000,49477,7.53,10.51,69.5,0.685,16.98,1.06
South Africa,2016,859000000,3839730000000,4470,11.44,7.77,71.2,0.616,13.42,4.98
Spain,2016,919000000,44826982000000,48778,4.28,5.72,80.2,0.737,16.72,1.5
Spain,2016,124000000,653356000000,5269,3.9,16.2,69.4,0.715,1.32,3.55
Spain,2016,409000000,29646365000000,72485,1.25,12.32,78.0,0.656,13.07,-1.37
Spain,2016,1260000000,30236220000000,23997,7.56,15.91,68.7,0.769,14.47,5.79
Spain,2016,232000000,4445584000000,19162,2.56,6.82,66.6,0.949,15.86,8.28
Spain,2016,460000000,27370920000000,59502,8.66,7.12,64.9,0.9,10.12,3.6
Spain,2016,341000000,3165844000000,9284,7.49,3.7,76.1,0.564,18.71,8.66
Spain,2016,307000000,11227297000000,36571,9.48,3.12,82.8,0.939,0.96,4.42
Spain,2016,475000000,28108125000000,59175,0.13,15.22,72.4,0.648,4.06,0.77
Spain,2016,1304000000,59866640000000,45910,6.84,4.11,70.6,0.923,0.94,5.63
Spain,2016,108000000,2422332000000,22429,8.12,12.75,68.9,0.851,2.2,-0.54
Spain,2016,906000000,72955650000000,80525,9.35,6.49,83.3,0.882,14.78,-0.27
Spain,2016,192000000,14183616000000,73873,5.29,11.61,82.3,0.707,11.08,1.52
Spain,2016,938000000,25590516000000,27282,11.21,5.53,68.2,0.941,10.45,-1.4
Spain,2016,630000000,33652080000000,53416,-0.41,3.52,72.1,0.874,9.5,1.18
Spain,2016,997000000,4967054000000,4982,7.11,14.26,80.3,0.84,8.32,-1.08
Spain,2016,1021000000,55870141000000,54721,1.03,14.23,71.8,0.626,19.43,-0.48
Spain,2016,410000000,13981820000000,34102,3.59,15.0,64.2,0.663,12.89,2.79
Spain,2016,776000000,61505760000000,79260,6.52,5.48,72.1,0.551,16.07,0.05
Spain,2016,287000000,21200690000000,73870,6.18,11.01,82.6,0.837,3.81,5.07
Netherlands,2016,200000000,11712600000000,58563,9.6,8.99,77.5,0.941,4.19,-1.79
Netherlands,2016,848000000,20423232000000,24084,5.62,4.39,67.1,0.905,8.07,-1.21
Netherlands,2016,379000000,29255389000000,77191,9.93,4.58,75.5,0.629,13.09,2.83
Netherlands,2016,208000000,767728000000,3691,11.74,15.94,72.2,0.915,13.1,-1.78
Netherlands,2016,896000000,26901504000000,30024,10.05,17.77,76.5,0.794,18.82,-0.94
Netherlands,2016,715000000,35901580000000,50212,0.36,14.91,84.6,0.615,6.49,0.03
Netherlands,2016,212000000,1982624000000,9352,9.91,15.93,63.2,0.652,2.14,0.03
Netherlands,2016,181000000,6508217000000,35957,5.36,6.01,68.9,0.739,7.75,6.46
Netherlands,2016,851000000,14000652000000,16452,8.81,15.81,64.6,0.857,9.32,2.88
Netherlands,2016,52000000,1614756000000,31053,1.72,2.59,79.4,0.719,18.66,1.71
Netherlands,2016,644000000,36242388000000,56277,-0.06,17.17,73.8,0.731,9.02,6.22
Netherlands,2016,979000000,36692920000000,37480,1.32,8.5,82.5,0.717,13.39,3.72
Netherlands,2016,949000000,72924007000000,76843,10.73,17.92,73.7,0.599,13.86,7.79
Netherlands,2016,887000000,2364742000000,2666,-0.83,12.03,76.5,0.896,9.66,-1.43
Netherlands,2016,619000000,36142791000000,58389,8.27,13.65,66.7,0.813,13.31,4.89
Netherlands,2016,49000000,2526538000000,51562,4.74,7.2,75.7,0.688,3.0,5.04
Netherlands,2016,592000000,4228656000000,7143,9.28,6.89,74.6,0.881,2.75,5.77
Netherlands,2016,144000000,5859504000000,40691,-0.67,13.58,70.5,0.624,8.2,3.02
Netherlands,2016,854000000,14976598000000,17537,0.53,9.42,73.2,0.732,2.58,8.11
Netherlands,2016,783000000,21686751000000,27697,3.18,12.34,81.1,0.711,15.23,0.35
Turkey,2016,229000000,17941234000000,78346,-0.45,9.18,82.1,0.633,9.09,6.15
Turkey,2016,570000000,27855330000000,48869,0.98,10.31,71.8,0.935,18.0,-0.14
Turkey,2016,1153000000,4246499000000,3683,4.41,2.54,72.2,0.925,6.4,4.03
Turkey,2016,134000000,1998342000000,14913,11.01,3.75,68.9,0.844,0.88,1.51
Turkey,2016,264000000,16775880000000,63545,0.15,2.43,73.6,0.812,16.39,3.63
Turkey,2016,1242000000,86132700000000,69350,-0.08,6.63,84.3,0.731,11.93,0.75
Turkey,2016,101000000,7608330000000,75330,8.65,3.56,83.7,0.717,12.15,7.36
Turkey,2016,210000000,12092430000000,57583,-0.17,13.1,75.5,0.846,5.92,2.96
Turkey,2016,387000000,29718117000000,76791,4.68,6.51,75.5,0.673,5.86,4.71
Turkey,2016,180000000,2490480000000,13836,9.42,9.93,67.3,0.597,10.42,3.05
Turkey,2016,635000000,32069405000000,50503,2.22,16.62,73.8,0.794,12.17,-0.11
Turkey,2016,894000000,55843710000000,62465,2.34,15.03,76.1,0.634,19.95,4.77
Turkey,2016,1147000000,4008765000000,3495,0.03,15.81,66.0,0.656,12.52,-0.67
Turkey,2016,952000000,23139312000000,24306,8.28,3.54,77.2,0.593,9.77,4.79
Turkey,2016,864000000,6179328000000,7152,10.65,17.33,71.0,0.831,4.32,5.0
Turkey,2016,1155000000,44994180000000,38956,4.23,11.11,73.9,0.627,19.01,8.58
Turkey,2016,696000000,51783096000000,74401,5.05,15.43,67.5,0.855,14.44,8.26
Turkey,2016,741000000,27108003000000,36583,10.6,9.35,69.6,0.797,19.69,7.68
Turkey,2016,381000000,27832431000000,73051,7.7,4.72,65.6,0.783,4.63,1.04
Turkey,2016,214000000,15036068000000,70262,1.01,13.47,67.1,0.898,6.92,7.19
Nigeria,2016,624000000,7653984000000,12266,2.48,8.32,62.3,0.729,7.91,-2.85
Nigeria,2016,1297000000,65722881000000,50673,9.22,3.5,83.7,0.715,5.19,4.12
Nigeria,2016,951000000,53718186000000,56486,6.57,10.06,67.7,0.668,19.42,1.47
Nigeria,2016,70000000,1248240000000,17832,8.94,11.45,76.5,0.791,17.75,2.82
Nigeria,2016,304000000,16338176000000,53744,1.01,10.64,68.1,0.714,4.23,5.5
Nigeria,2016,1178000000,98767054000000,83843,3.37,8.94,66.5,0.669,13.82,-2.43
Nigeria,2016,1030000000,51645230000000,50141,5.59,2.61,67.8,0.855,18.89,0.12
Nigeria,2016,566000000,32753288000000,57868,9.11,9.13,72.6,0.861,6.7,-1.68
Nigeria,2016,1274000000,31176054000000,24471,9.52,5.97,77.7,0.916,2.99,-1.37
Nigeria,2016,1014000000,45956508000000,45322,1.44,7.33,78.7,0.748,1.41,7.05
Nigeria,2016,123000000,2997510000000,24370,4.8,3.08,62.7,0.912,14.99,3.05
Nigeria,2016,181000000,10084596000000,55716,2.02,4.21,63.2,0.718,7.12,4.56
Nigeria,2016,856000000,45610248000000,53283,-0.26,16.12,62.2,0.565,15.86,2.17
Nigeria,2016,458000000,20836710000000,45495,11.83,2.43,81.4,0.9,17.24,2.88
Nigeria,2016,1014000000,51177594000000,50471,9.88,11.37,75.3,0.555,7.98,0.14
Nigeria,2016,1276000000,12864632000000,10082,5.5,10.43,64.4,0.59,13.34,2.98
Nigeria,2016,890000000,60202270000000,67643,6.78,3.85,75.8,0.907,19.74,6.1
Nigeria,2016,98000000,7926534000000,80883,10.42,12.64,68.4,0.927,16.61,7.74
Nigeria,2016,511000000,24300094000000,47554,6.5,8.06,68.8,0.862,12.52,0.98
Nigeria,2016,1117000000,36058994000000,32282,11.07,11.07,83.0,0.782,19.85,-2.65
USA,2017,947000000,69970042000000,73886,7.25,11.28,65.4,0.851,6.43,7.83
USA,2017,97000000,3826359000000,39447,11.31,2.22,69.4,0.909,1.66,6.48
USA,2017,68000000,1570120000000,23090,9.4,5.81,70.8,0.643,14.24,3.35
USA,2017,1245000000,54981690000000,44162,6.99,4.27,80.5,0.886,2.47,2.27
USA,2017,794000000,37206840000000,46860,1.0,9.17,81.4,0.944,6.13,1.45
USA,2017,1086000000,40164624000000,36984,9.35,2.84,64.8,0.894,0.52,7.03
USA,2017,1400000000,13889400000000,9921,3.24,3.14,70.7,0.932,11.06,-2.51
USA,2017,254000000,15680690000000,61735,5.59,4.29,80.9,0.887,4.73,8.27
USA,2017,634000000,19990020000000,31530,10.73,2.87,83.0,0.656,18.02,-0.82
USA,2017,902000000,76276728000000,84564,5.78,14.91,84.5,0.951,3.02,-0.78
USA,2017,809000000,16616860000000,20540,10.03,11.07,68.3,0.653,11.08,-1.38
USA,2017,766000000,16410784000000,21424,2.15,13.16,77.5,0.6,15.68,6.2
USA,2017,632000000,27707512000000,43841,0.28,6.51,79.7,0.741,16.4,-1.08
USA,2017,223000000,3048856000000,13672,3.54,16.08,65.7,0.58,15.18,-1.9
USA,2017,1372000000,74211480000000,54090,0.08,5.95,77.3,0.908,8.48,2.4
USA,2017,68000000,3639360000000,53520,3.43,5.87,80.1,0.843,15.8,3.38
USA,2017,265000000,13772315000000,51971,-0.13,8.7,68.7,0.598,9.02,2.33
USA,2017,389000000,25088944000000,64496,2.95,11.96,64.1,0.599,1.72,2.33
USA,2017,880000000,30894160000000,35107,5.43,8.32,67.3,0.837,13.0,3.13
USA,2017,395000000,909685000000,2303,5.26,8.12,81.3,0.916,7.83,-1.52
China,2017,1308000000,16411476000000,12547,11.0,12.56,69.1,0.761,6.11,2.35
China,2017,963000000,37763082000000,39214,10.86,16.49,83.3,0.746,19.31,-1.33
China,2017,525000000,35212800000000,67072,10.34,8.61,84.8,0.56,17.03,6.83
China,2017,771000000,22746042000000,29502,4.55,2.32,84.9,0.849,14.11,5.19
China,2017,194000000,2554010000000,13165,7.28,17.88,69.1,0.633,7.75,4.94
China,2017,935000000,79004695000000,84497,4.63,8.23,67.2,0.676,2.74,5.99
China,2017,852000000,40475964000000,47507,6.41,12.12,67.5,0.807,10.39,8.89
China,2017,679000000,23270688000000,34272,4.01,17.99,78.8,0.565,10.24,3.13
China,2017,1359000000,11601783000000,8537,9.57,2.9,68.9,0.582,4.7,2.98
China,2017,616000000,36581160000000,59385,10.7,8.55,63.8,0.85,3.87,-0.51
China,2017,194000000,9962482000000,51353,0.99,10.44,79.2,0.698,3.26,0.9
China,2017,881000000,27231710000000,30910,0.62,3.26,69.5,0.903,8.36,5.72
China,2017,765000000,45835740000000,59916,11.8,6.27,72.8,0.615,15.37,8.35
China,2017,716000000,13666292000000,19087,6.75,12.46,71.0,0.78,4.22,8.69
China,2017,1381000000,51572064000000,37344,5.92,12.22,64.3,0.687,5.0,7.12
China,2017,31000000,85126000000,2746,4.78,15.9,80.0,0.845,6.38,-0.21
China,2017,456000000,18534120000000,40645,1.71,12.14,74.9,0.746,7.44,5.36
China,2017,780000000,9652500000000,12375,11.82,2.16,82.2,0.562,11.13,1.66
China,2017,1331000000,56956152000000,42792,5.47,8.96,76.9,0.795,4.58,8.79
China,2017,966000000,29065008000000,30088,3.24,14.44,78.0,0.67,13.92,-1.36
India,2017,912000000,75976896000000,83308,7.7,5.3,74.3,0.795,14.71,-0.63
India,2017,641000000,34413367000000,53687,3.46,3.53,70.0,0.849,11.76,-0.92
India,2017,589000000,9897556000000,16804,3.86,11.42,84.2,0.674,15.32,1.96
India,2017,1320000000,80702160000000,61138,11.2,6.53,79.2,0.835,11.44,0.06
India,2017,31000000,949561000000,30631,3.29,7.14,66.6,0.726,18.01,-2.71
India,2017,1330000000,55853350000000,41995,2.67,10.21,83.9,0.606,7.62,4.66
India,2017,705000000,12104850000000,17170,5.61,8.84,64.0,0.929,10.23,1.39
India,2017,1064000000,7521416000000,7069,3.47,16.69,80.2,0.78,9.77,0.95
India,2017,279000000,9350127000000,33513,10.51,11.73,64.3,0.929,17.8,-2.6
India,2017,1077000000,35240517000000,32721,0.7,12.89,73.4,0.903,7.78,-2.31
India,2017,1367000000,114298971000000,83613,2.0,10.28,73.0,0.569,7.2,-1.97
India,2017,720000000,12189600000000,16930,5.31,10.21,82.4,0.941,12.81,3.2
India,2017,309000000,15692565000000,50785,0.65,5.48,79.6,0.743,18.68,1.06
India,2017,820000000,23498740000000,28657,11.45,7.5,84.2,0.915,4.41,3.55
India,2017,245000000,15153495000000,61851,9.06,13.99,75.8,0.591,19.19,-1.77
India,2017,1149000000,49524198000000,43102,3.7,3.25,64.4,0.772,6.29,4.5
India,2017,952000000,60271120000000,63310,2.51,7.48,80.7,0.891,4.16,-0.87
India,2017,423000000,19721529000000,46623,7.8,8.8,84.4,0.938,19.16,-2.01
India,2017,94000000,7606480000000,80920,0.64,10.43,73.2,0.936,13.38,0.04
India,2017,64000000,3539456000000,55304,11.0,6.33,62.9,0.606,19.9,5.88
Germany,2017,434000000,14480410000000,33365,0.9,16.36,77.3,0.789,3.06,1.96
Germany,2017,11000000,643302000000,58482,4.45,2.91,84.9,0.593,19.1,7.09
Germany,2017,91000000,4969510000000,54610,8.04,9.89,73.3,0.61,10.49,6.62
Germany,2017,274000000,18496096000000,67504,10.39,8.72,68.1,0.648,9.47,4.77
Germany,2017,1172000000,16805308000000,14339,10.57,10.18,73.8,0.955,4.7,-2.8
Germany,2017,677000000,21542140000000,31820,3.07,3.98,71.6,0.564,18.46,2.81
Germany,2017,1349000000,39322001000000,29149,8.86,6.83,78.8,0.634,11.32,4.14
Germany,2017,968000000,22736384000000,23488,-0.45,10.89,66.8,0.687,18.14,5.78
Germany,2017,907000000,14035825000000,15475,0.52,13.96,69.7,0.763,18.91,3.94
Germany,2017,308000000,2383304000000,7738,7.53,11.42,73.4,0.86,11.67,-1.45
Germany,2017,877000000,73535573000000,83849,4.48,8.92,74.9,0.698,8.13,2.12
Germany,2017,765000000,30977145000000,40493,11.63,3.45,62.4,0.846,8.21,2.39
Germany,2017,1217000000,20953089000000,17217,3.77,5.83,62.4,0.908,18.81,0.43
Germany,2017,957000000,42055365000000,43945,10.83,16.54,67.4,0.824,9.24,6.91
Germany,2017,966000000,57707874000000,59739,4.04,5.74,80.4,0.904,17.23,-1.63
Germany,2017,1220000000,75264240000000,61692,10.89,17.49,71.8,0.638,14.63,2.34
Germany,2017,1192000000,75763520000000,63560,9.25,16.99,79.6,0.603,14.07,-2.91
Germany,2017,842000000,28806504000000,34212,5.54,13.49,85.0,0.791,9.07,-0.39
Germany,2017,670000000,8933780000000,13334,4.71,15.01,66.2,0.845,6.95,8.33
Germany,2017,138000000,6129960000000,44420,10.34,2.3,67.8,0.934,3.92,3.0
Japan,2017,74000000,4455614000000,60211,0.61,10.97,65.9,0.676,12.56,7.81
Japan,2017,1060000000,38749360000000,36556,2.31,11.37,68.3,0.871,3.54,0.14
Japan,2017,903000000,26528334000000,29378,10.81,4.65,66.4,0.604,4.67,0.99
Japan,2017,814000000,33757394000000,41471,4.25,9.6,71.1,0.867,18.11,2.11
Japan,2017,1325000000,45516400000000,34352,1.29,16.66,69.7,0.635,19.63,6.91
Japan,2017,268000000,13032572000000,48629,11.98,15.1,73.8,0.795,3.18,4.73
Japan,2017,1400000000,101806600000000,72719,2.45,12.78,79.2,0.626,19.26,-1.9
Japan,2017,228000000,9212340000000,40405,6.15,7.23,67.7,0.669,5.96,1.16
Japan,2017,116000000,8777256000000,75666,7.5,3.82,63.0,0.617,5.53,3.34
Japan,2017,1293000000,101208282000000,78274,10.25,5.08,73.2,0.773,16.23,2.45
Japan,2017,630000000,22089690000000,35063,11.88,14.27,71.1,0.87,15.76,3.64
Japan,2017,211000000,5816426000000,27566,11.38,15.64,75.9,0.841,6.82,0.29
Japan,2017,1254000000,16137726000000,12869,2.04,14.46,64.0,0.707,11.7,4.85
Japan,2017,700000000,25741100000000,36773,2.22,4.63,76.5,0.819,10.46,-0.84
Japan,2017,232000000,17157792000000,73956,1.26,5.87,73.8,0.745,11.3,5.72
Japan,2017,1193000000,75019419000000,62883,1.15,7.96,64.0,0.817,16.82,-2.69
Japan,2017,127000000,3247136000000,25568,0.67,6.71,81.6,0.833,2.61,5.24
Japan,2017,841000000,18379214000000,21854,6.05,6.72,66.0,0.734,9.18,-0.84
Japan,2017,625000000,32485625000000,51977,0.76,7.19,67.5,0.702,15.88,3.35
Japan,2017,1246000000,76486956000000,61386,10.24,16.73,79.6,0.77,15.86,3.87
UK,2017,245000000,18588395000000,75871,2.32,3.56,82.1,0.682,8.45,3.46
UK,2017,211000000,5297366000000,25106,8.18,14.73,80.3,0.911,6.69,-1.25
UK,2017,565000000,10102200000000,17880,3.83,7.49,65.5,0.891,9.48,6.74
UK,2017,700000000,28949900000000,41357,3.18,10.21,79.1,0.912,7.39,5.32
UK,2017,831000000,40031763000000,48173,8.88,10.88,70.3,0.662,17.76,6.61
UK,2017,629000000,52752343000000,83867,0.1,5.12,84.2,0.566,16.29,3.35
UK,2017,1139000000,82252885000000,72215,1.35,16.62,74.4,0.605,5.36,5.16
UK,2017,1382000000,82154372000000,59446,7.33,14.91,77.9,0.932,1.51,-2.87
UK,2017,490000000,10539410000000,21509,3.91,16.08,65.4,0.899,17.23,6.11
UK,2017,1184000000,63535808000000,53662,11.59,14.94,62.1,0.893,5.03,0.79
UK,2017,1149000000,75029700000000,65300,11.01,2.56,72.0,0.602,12.66,-1.45
UK,2017,1232000000,87293360000000,70855,3.31,12.42,78.4,0.948,14.26,3.62
UK,2017,1131000000,23756655000000,21005,-0.88,9.65,81.0,0.713,11.55,-2.67
UK,2017,1015000000,7548555000000,7437,10.9,9.5,64.0,0.714,5.04,4.86
UK,2017,1331000000,15632595000000,11745,4.78,10.62,81.4,0.932,11.81,3.36
UK,2017,1109000000,52073095000000,46955,5.32,15.57,84.7,0.639,8.9,1.96
UK,2017,1048000000,49041160000000,46795,8.26,10.68,83.1,0.823,4.57,-0.14
UK,2017,497000000,15195775000000,30575,3.44,8.42,68.6,0.556,8.66,8.03
UK,2017,1154000000,60663472000000,52568,6.77,6.8,78.9,0.833,14.43,2.65
UK,2017,955000000,37226855000000,38981,4.22,3.56,83.8,0.682,12.91,3.08
France,2017,61000000,3996110000000,65510,10.28,5.7,70.5,0.801,12.24,0.94
France,2017,1196000000,57175976000000,47806,10.9,8.2,79.3,0.938,17.74,0.96
France,2017,679000000,28192759000000,41521,0.85,14.65,62.5,0.898,17.26,2.54
France,2017,647000000,19604100000000,30300,11.18,3.66,70.6,0.959,10.93,8.48
France,2017,524000000,37526784000000,71616,-0.67,17.14,68.1,0.78,7.53,3.93
France,2017,788000000,60639752000000,76954,2.34,15.14,62.4,0.721,18.91,0.05
France,2017,757000000,6031019000000,7967,6.56,5.79,78.3,0.818,2.35,8.04
France,2017,151000000,10763280000000,71280,8.05,7.57,65.3,0.582,19.96,6.6
France,2017,944000000,57014768000000,60397,9.33,17.52,83.3,0.768,5.86,3.22
France,2017,976000000,33554880000000,34380,4.32,10.94,81.5,0.632,17.25,-2.7
France,2017,1104000000,84840192000000,76848,-0.25,14.77,81.0,0.691,8.46,7.16
France,2017,611000000,35274863000000,57733,1.5,12.92,81.0,0.773,3.0,2.31
France,2017,1218000000,29683878000000,24371,8.29,17.75,62.6,0.897,6.74,-2.28
France,2017,544000000,17725152000000,32583,2.14,3.69,72.4,0.932,12.97,-0.25
France,2017,476000000,14624148000000,30723,0.28,11.36,64.6,0.728,19.9,8.21
France,2017,828000000,52356924000000,63233,8.1,7.18,80.3,0.626,2.48,4.53
France,2017,932000000,69942872000000,75046,10.94,3.68,79.2,0.825,7.72,-1.46
France,2017,1258000000,69861772000000,55534,5.14,9.56,77.8,0.8,8.75,-0.77
France,2017,954000000,37420650000000,39225,6.15,16.34,84.9,0.778,6.91,-0.33
France,2017,1296000000,42169248000000,32538,2.22,13.05,85.0,0.711,18.81,2.24
Canada,2017,1340000000,27136340000000,20251,1.64,7.53,84.6,0.577,6.47,2.72
Canada,2017,951000000,80025699000000,84149,11.58,16.07,72.8,0.715,11.8,3.26
Canada,2017,389000000,1961727000000,5043,11.79,17.03,64.9,0.86,7.21,0.9
Canada,2017,433000000,20956334000000,48398,7.44,5.08,83.4,0.633,18.1,8.3
Canada,2017,661000000,44361693000000,67113,-0.25,12.66,62.3,0.84,19.04,-2.71
Canada,2017,804000000,56439996000000,70199,9.86,13.94,70.2,0.894,0.82,4.62
Canada,2017,1280000000,77664000000000,60675,0.84,2.56,81.1,0.826,12.8,0.75
Canada,2017,552000000,39322824000000,71237,5.09,6.6,82.5,0.557,15.53,-2.13
Canada,2017,909000000,1867995000000,2055,5.82,15.71,80.1,0.747,16.83,-1.9
Canada,2017,252000000,9259236000000,36743,-0.83,3.49,81.4,0.89,10.56,-0.18
Canada,2017,458000000,7912408000000,17276,7.92,11.72,77.8,0.763,14.03,8.6
Canada,2017,1168000000,90698704000000,77653,1.15,10.47,76.6,0.81,0.66,-0.89
Canada,2017,481000000,14986517000000,31157,1.26,17.97,71.0,0.903,7.24,4.98
Canada,2017,1029000000,68457312000000,66528,1.59,6.86,62.2,0.633,19.63,-0.53
Canada,2017,927000000,29611161000000,31943,3.02,15.57,79.0,0.785,8.46,3.8
Canada,2017,162000000,2181006000000,13463,0.26,6.98,64.8,0.57,14.48,5.78
Canada,2017,1266000000,7218732000000,5702,1.68,13.55,81.0,0.804,4.93,3.78
Canada,2017,813000000,26696481000000,32837,2.5,4.38,81.9,0.809,18.69,-0.94
Canada,2017,546000000,37269414000000,68259,5.06,15.7,67.0,0.643,6.38,7.86
Canada,2017,1366000000,105873196000000,77506,6.61,14.57,70.4,0.55,19.62,6.51
Brazil,2017,264000000,2939640000000,11135,0.45,5.56,77.1,0.604,0.89,2.93
Brazil,2017,17000000,1233639000000,72567,2.37,8.11,66.7,0.551,5.57,-0.07
Brazil,2017,669000000,12826737000000,19173,4.39,7.76,69.5,0.558,16.83,5.86
Brazil,2017,1014000000,1897194000000,1871,7.45,3.28,72.9,0.819,16.74,2.81
Brazil,2017,283000000,4956745000000,17515,11.26,9.26,84.7,0.552,4.09,3.49
Brazil,2017,393000000,32962089000000,83873,6.83,14.94,74.2,0.82,4.32,3.89
Brazil,2017,613000000,7026206000000,11462,10.52,3.85,72.2,0.598,11.49,8.63
Brazil,2017,786000000,29845992000000,37972,11.17,6.16,75.2,0.826,5.06,1.58
Brazil,2017,210000000,12005490000000,57169,9.36,4.95,65.1,0.664,12.98,4.65
Brazil,2017,1079000000,31283447000000,28993,5.42,17.24,66.8,0.626,8.12,2.63
Brazil,2017,658000000,8552026000000,12997,11.71,3.02,83.4,0.557,13.64,3.89
Brazil,2017,1236000000,14872788000000,12033,0.37,7.92,83.5,0.723,19.29,1.49
Brazil,2017,815000000,61603405000000,75587,4.5,10.64,81.3,0.955,15.51,3.46
Brazil,2017,1311000000,9669936000000,7376,11.62,14.16,67.0,0.783,9.07,-0.23
Brazil,2017,966000000,29449476000000,30486,8.56,3.15,80.1,0.719,5.73,0.62
Brazil,2017,900000000,32478300000000,36087,8.23,15.82,78.0,0.568,10.2,3.01
Brazil,2017,1343000000,84772846000000,63122,1.13,15.35,68.9,0.751,1.96,7.58
Brazil,2017,904000000,53961568000000,59692,11.61,9.65,68.4,0.689,12.57,2.5
Brazil,2017,1287000000,96295914000000,74822,0.12,7.87,65.5,0.869,6.75,1.95
Brazil,2017,1243000000,2714712000000,2184,0.94,17.46,82.8,0.642,6.95,-1.43
Australia,2017,1160000000,68520040000000,59069,6.59,10.31,62.9,0.793,16.8,-0.17
Australia,2017,78000000,1577706000000,20227,5.95,11.31,63.5,0.855,7.79,4.72
Australia,2017,585000000,29700450000000,50770,10.94,7.9,68.3,0.916,4.84,0.25
Australia,2017,1002000000,73423554000000,73277,0.5,5.37,80.3,0.581,8.58,6.4
Australia,2017,528000000,5694480000000,10785,0.52,16.24,70.2,0.884,9.7,7.7
Australia,2017,983000000,48950451000000,49797,2.35,4.41,73.4,0.57,3.7,7.5
Australia,2017,1180000000,78691840000000,66688,10.22,4.41,73.0,0.742,2.6,0.16
Australia,2017,485000000,33082335000000,68211,10.03,6.55,64.4,0.669,17.13,0.0
Australia,2017,1308000000,30195180000000,23085,10.86,12.31,76.2,0.925,19.1,-1.4
Australia,2017,24000000,479208000000,19967,1.72,14.59,69.9,0.667,18.65,-2.38
Australia,2017,655000000,40803225000000,62295,-0.1,8.22,72.3,0.655,15.0,7.86
Australia,2017,288000000,9743616000000,33832,5.58,17.48,82.4,0.735,2.54,2.48
Australia,2017,1065000000,54476880000000,51152,9.21,4.98,68.4,0.954,0.73,4.33
Australia,2017,199000000,1999353000000,10047,8.76,8.78,83.3,0.642,17.61,-0.27
Australia,2017,102000000,4478106000000,43903,0.12,3.22,70.9,0.949,7.42,5.6
Australia,2017,75000000,5183325000000,69111,0.63,10.14,72.9,0.856,16.81,-1.88
Australia,2017,675000000,8618400000000,12768,0.56,3.7,63.2,0.658,12.91,8.62
Australia,2017,686000000,32796974000000,47809,0.62,14.67,79.5,0.744,19.92,4.19
Australia,2017,247000000,7310212000000,29596,1.81,4.07,76.0,0.806,17.23,-2.88
Australia,2017,25000000,290775000000,11631,11.65,6.19,68.1,0.905,2.67,6.51
Italy,2017,494000000,37147318000000,75197,11.76,15.26,66.2,0.63,8.72,3.08
Italy,2017,80000000,1314480000000,16431,0.31,4.86,63.1,0.854,6.13,5.79
Italy,2017,780000000,57040620000000,73129,4.19,9.62,62.7,0.923,1.86,2.42
Italy,2017,123000000,6125646000000,49802,7.82,9.42,70.8,0.797,8.75,-2.37
Italy,2017,663000000,51631125000000,77875,5.15,13.41,62.5,0.758,6.63,4.19
Italy,2017,961000000,80765323000000,84043,0.21,3.83,65.0,0.562,17.4,1.62
Italy,2017,1028000000,33833536000000,32912,3.62,6.06,81.2,0.92,18.79,-0.02
Italy,2017,150000000,11757750000000,78385,7.21,2.4,81.7,0.828,7.07,2.3
Italy,2017,615000000,13835655000000,22497,3.91,5.67,64.1,0.739,15.83,-1.6
Italy,2017,1062000000,37303812000000,35126,10.16,6.84,76.9,0.75,9.95,5.42
Italy,2017,867000000,54582852000000,62956,-0.77,7.63,62.7,0.572,18.96,1.72
Italy,2017,663000000,31729191000000,47857,11.48,3.38,62.4,0.774,7.47,-0.0
Italy,2017,333000000,4309020000000,12940,4.09,7.98,70.8,0.592,12.6,-2.48
Italy,2017,789000000,47895456000000,60704,5.77,2.29,65.4,0.691,13.73,-1.93
Italy,2017,341000000,9115612000000,26732,8.19,16.8,81.9,0.815,16.24,-1.95
Italy,2017,954000000,52958448000000,55512,3.44,4.3,81.9,0.839,0.65,-2.24
Italy,2017,1146000000,94507182000000,82467,4.73,17.05,76.0,0.684,15.19,7.96
Italy,2017,954000000,7207470000000,7555,10.65,15.6,67.0,0.608,2.55,6.43
Italy,2017,1196000000,86903752000000,72662,3.92,7.76,84.7,0.682,18.17,6.45
Italy,2017,1109000000,22460577000000,20253,5.4,7.22,77.2,0.841,9.47,0.31
South Korea,2017,865000000,36118940000000,41756,8.29,5.65,65.6,0.748,13.33,-2.2
South Korea,2017,560000000,35959840000000,64214,11.63,6.27,79.8,0.675,2.17,2.83
South Korea,2017,661000000,5155800000000,7800,11.99,17.2,71.9,0.878,4.56,4.01
South Korea,2017,155000000,9800030000000,63226,0.68,6.96,81.6,0.783,10.47,5.52
South Korea,2017,1013000000,18586524000000,18348,3.99,10.84,62.5,0.694,1.27,8.95
South Korea,2017,152000000,7591488000000,49944,1.06,15.68,68.5,0.88,13.2,4.26
South Korea,2017,1344000000,49120512000000,36548,2.83,15.0,81.2,0.897,4.85,-2.86
South Korea,2017,761000000,37208334000000,48894,6.22,14.22,75.1,0.659,8.99,3.13
South Korea,2017,925000000,9850325000000,10649,-0.31,3.16,65.4,0.575,13.58,7.09
South Korea,2017,1377000000,13070484000000,9492,3.43,17.0,82.7,0.948,5.89,3.17
South Korea,2017,218000000,3151844000000,14458,3.67,3.19,73.5,0.942,15.37,1.37
South Korea,2017,570000000,4789710000000,8403,8.36,11.62,67.6,0.829,14.0,-0.44
South Korea,2017,875000000,36907500000000,42180,6.91,10.43,82.0,0.917,6.87,-2.9
South Korea,2017,1145000000,88941310000000,77678,-0.03,3.21,82.7,0.699,9.72,8.68
South Korea,2017,404000000,31144360000000,77090,7.26,2.98,74.9,0.853,3.57,6.12
South Korea,2017,762000000,14647164000000,19222,11.32,13.47,74.6,0.888,16.22,4.55
South Korea,2017,1374000000,102504522000000,74603,1.32,7.41,69.5,0.902,15.74,0.49
South Korea,2017,1107000000,10239750000000,9250,-0.32,9.41,78.8,0.787,3.92,8.91
South Korea,2017,753000000,7956951000000,10567,5.93,12.09,72.1,0.739,19.16,0.33
South Korea,2017,1081000000,69427225000000,64225,12.0,5.29,74.2,0.585,8.42,-2.48
Mexico,2017,840000000,16400160000000,19524,10.14,13.27,84.5,0.775,17.17,3.03
Mexico,2017,227000000,14116676000000,62188,4.66,8.69,71.3,0.764,5.97,8.44
Mexico,2017,394000000,7436750000000,18875,9.15,16.77,66.4,0.692,7.27,6.93
Mexico,2017,376000000,15354712000000,40837,10.94,5.44,74.3,0.599,17.97,2.9
Mexico,2017,1306000000,58491822000000,44787,2.79,9.31,74.8,0.845,13.22,2.15
Mexico,2017,180000000,7248600000000,40270,0.46,4.35,66.2,0.625,13.41,1.09
Mexico,2017,484000000,16315640000000,33710,9.85,9.41,78.1,0.856,15.24,-1.99
Mexico,2017,154000000,10186792000000,66148,4.57,11.72,77.1,0.731,2.29,1.37
Mexico,2017,769000000,12943039000000,16831,7.31,3.41,79.8,0.904,7.78,1.46
Mexico,2017,1055000000,36474515000000,34573,-0.73,15.81,63.5,0.912,5.14,1.5
Mexico,2017,938000000,21854462000000,23299,9.9,2.39,65.0,0.95,17.54,4.39
Mexico,2017,1273000000,54222162000000,42594,4.67,8.8,65.4,0.775,5.86,-1.54
Mexico,2017,882000000,67760532000000,76826,6.57,14.28,81.0,0.817,1.31,-2.11
Mexico,2017,1331000000,29198147000000,21937,6.21,7.21,63.8,0.75,10.7,6.82
Mexico,2017,421000000,21405324000000,50844,1.41,6.89,80.5,0.645,12.86,-2.61
Mexico,2017,173000000,12565855000000,72635,5.46,3.8,72.9,0.936,8.13,3.68
Mexico,2017,865000000,58596830000000,67742,6.17,8.18,78.3,0.909,1.37,8.28
Mexico,2017,1352000000,69088552000000,51101,11.09,2.86,77.3,0.771,3.12,7.28
Mexico,2017,1162000000,78694126000000,67723,-0.78,2.35,65.8,0.818,12.45,8.89
Mexico,2017,1356000000,79519908000000,58643,5.79,2.21,84.0,0.75,17.23,-2.5
Indonesia,2017,979000000,12095545000000,12355,1.82,8.5,63.7,0.788,4.77,5.42
Indonesia,2017,360000000,18957960000000,52661,7.97,11.88,78.4,0.94,6.26,5.2
Indonesia,2017,818000000,40800204000000,49878,10.62,15.2,79.6,0.796,5.6,7.89
Indonesia,2017,245000000,5067090000000,20682,3.4,15.15,77.6,0.894,16.14,2.45
Indonesia,2017,814000000,32331266000000,39719,9.34,12.47,74.4,0.908,1.12,-2.84
Indonesia,2017,956000000,77273480000000,80830,0.27,15.48,64.0,0.912,4.89,-1.39
Indonesia,2017,1392000000,76963680000000,55290,9.27,2.41,70.3,0.851,2.66,2.0
Indonesia,2017,387000000,21469599000000,55477,1.39,13.39,79.9,0.732,12.73,-1.88
Indonesia,2017,996000000,47634696000000,47826,3.84,11.76,74.1,0.859,14.02,4.21
Indonesia,2017,747000000,46836153000000,62699,9.49,9.68,81.7,0.627,7.04,3.17
Indonesia,2017,499000000,30102674000000,60326,4.39,15.26,73.4,0.556,8.28,7.52
Indonesia,2017,896000000,56594048000000,63163,3.7,12.59,73.3,0.555,19.27,0.46
Indonesia,2017,1122000000,44172018000000,39369,11.47,5.31,63.5,0.634,3.48,7.21
Indonesia,2017,1064000000,21617288000000,20317,-0.45,6.35,73.8,0.621,6.47,7.86
Indonesia,2017,915000000,68378865000000,74731,2.03,11.56,64.6,0.763,13.13,-1.94
Indonesia,2017,1128000000,67536744000000,59873,3.02,13.92,76.2,0.923,12.34,-0.8
Indonesia,2017,384000000,4864128000000,12667,8.15,14.97,63.4,0.721,6.02,2.61
Indonesia,2017,1051000000,78677860000000,74860,10.65,2.34,74.1,0.578,16.24,0.17
Indonesia,2017,158000000,11223372000000,71034,8.21,4.43,73.0,0.878,0.72,5.75
Indonesia,2017,1304000000,64639280000000,49570,10.87,10.96,80.5,0.603,1.93,5.36
Saudi Arabia,2017,120000000,2718600000000,22655,1.52,6.22,78.0,0.637,6.62,3.06
Saudi Arabia,2017,270000000,12652470000000,46861,4.77,3.78,79.9,0.76,1.91,2.93
Saudi Arabia,2017,137000000,4423593000000,32289,6.34,10.43,65.9,0.682,4.79,-0.65
Saudi Arabia,2017,1262000000,5899850000000,4675,3.22,14.28,75.2,0.889,2.21,7.17
Saudi Arabia,2017,1044000000,49762260000000,47665,7.22,5.81,78.0,0.716,14.57,4.01
Saudi Arabia,2017,292000000,9045868000000,30979,2.91,14.03,62.4,0.809,11.14,5.58
Saudi Arabia,2017,678000000,1590588000000,2346,5.2,9.63,79.2,0.58,10.45,0.12
Saudi Arabia,2017,1211000000,42997766000000,35506,5.35,4.58,72.7,0.804,15.07,-2.96
Saudi Arabia,2017,555000000,20228085000000,36447,6.2,2.14,83.5,0.809,2.7,3.23
Saudi Arabia,2017,1019000000,64315204000000,63116,7.72,6.63,82.9,0.805,1.92,6.82
Saudi Arabia,2017,272000000,11258896000000,41393,2.43,3.78,71.2,0.559,16.19,0.07
Saudi Arabia,2017,69000000,4987251000000,72279,7.93,9.45,82.7,0.879,19.89,8.5
Saudi Arabia,2017,1179000000,27649908000000,23452,8.55,12.73,71.2,0.755,10.4,-0.41
Saudi Arabia,2017,539000000,35814394000000,66446,9.98,15.54,78.0,0.832,10.45,3.88
Saudi Arabia,2017,1369000000,95093478000000,69462,-0.9,9.1,84.3,0.634,9.62,-2.07
Saudi Arabia,2017,527000000,32192322000000,61086,9.71,2.52,80.4,0.877,17.43,0.09
Saudi Arabia,2017,895000000,44950480000000,50224,5.89,12.64,84.6,0.692,0.71,-1.95
Saudi Arabia,2017,546000000,30402372000000,55682,0.37,15.18,67.7,0.943,13.73,-0.7
Saudi Arabia,2017,656000000,46293264000000,70569,10.73,13.62,63.0,0.585,5.26,7.27
Saudi Arabia,2017,471000000,8589627000000,18237,10.23,14.88,72.1,0.623,2.3,7.99
South Africa,2017,168000000,569520000000,3390,6.24,3.87,77.3,0.659,15.12,1.13
South Africa,2017,651000000,47226795000000,72545,6.48,2.84,74.3,0.76,12.25,0.51
South Africa,2017,639000000,36261333000000,56747,10.09,17.55,82.5,0.861,2.84,5.24
South Africa,2017,1211000000,82172405000000,67855,11.5,15.68,68.6,0.701,14.64,1.28
South Africa,2017,133000000,2047136000000,15392,5.22,6.3,76.0,0.713,9.39,3.45
South Africa,2017,1209000000,72226869000000,59741,2.67,6.4,66.2,0.596,17.06,8.03
South Africa,2017,262000000,12764640000000,48720,-0.79,15.6,74.3,0.681,6.11,3.0
South Africa,2017,516000000,15444912000000,29932,5.53,2.24,67.8,0.744,13.79,-1.14
South Africa,2017,257000000,17516863000000,68159,3.29,3.45,64.8,0.592,16.09,7.55
South Africa,2017,92000000,7344084000000,79827,9.46,15.5,77.0,0.673,16.49,-2.02
South Africa,2017,100000000,1735000000000,17350,11.41,5.54,83.1,0.859,1.41,-1.87
South Africa,2017,1328000000,27405936000000,20637,8.76,6.73,73.1,0.714,19.33,1.64
South Africa,2017,1296000000,107526528000000,82968,1.24,7.38,76.3,0.949,4.55,4.15
South Africa,2017,1134000000,80939250000000,71375,2.44,5.47,80.5,0.738,8.13,4.97
South Africa,2017,312000000,9021168000000,28914,5.87,13.26,78.3,0.575,18.15,8.48
South Africa,2017,941000000,2266869000000,2409,5.7,14.55,77.6,0.599,5.55,0.76
South Africa,2017,730000000,21676620000000,29694,5.38,6.71,85.0,0.851,7.74,5.4
South Africa,2017,653000000,14640913000000,22421,9.01,6.68,81.1,0.764,2.64,7.18
South Africa,2017,300000000,19077900000000,63593,9.48,8.65,70.1,0.74,14.7,7.73
South Africa,2017,1034000000,50348562000000,48693,1.29,7.91,62.2,0.632,7.13,-0.87
Spain,2017,980000000,64796620000000,66119,0.71,12.45,71.5,0.651,13.87,0.94
Spain,2017,53000000,1534509000000,28953,8.8,16.05,68.8,0.658,14.08,-1.24
Spain,2017,1342000000,5569300000000,4150,6.13,2.83,68.5,0.724,19.62,-1.26
Spain,2017,1216000000,14224768000000,11698,9.02,5.65,80.1,0.954,3.57,-0.0
Spain,2017,156000000,1037244000000,6649,10.04,13.58,66.9,0.899,1.24,8.89
Spain,2017,184000000,7167168000000,38952,0.99,3.07,77.3,0.585,12.62,0.62
Spain,2017,8000000,582504000000,72813,2.73,16.22,79.2,0.565,11.23,-1.49
Spain,2017,412000000,20962972000000,50881,2.63,5.38,81.6,0.838,3.52,5.71
Spain,2017,84000000,6638604000000,79031,5.06,6.11,79.6,0.845,13.83,-0.63
Spain,2017,92000000,5859020000000,63685,7.32,13.11,62.2,0.894,18.0,1.34
Spain,2017,1067000000,19665877000000,18431,7.46,16.81,76.9,0.761,15.49,2.88
Spain,2017,72000000,1883232000000,26156,6.11,8.62,69.7,0.712,4.81,0.74
Spain,2017,446000000,27350950000000,61325,1.92,10.22,64.0,0.639,2.42,7.8
Spain,2017,931000000,21890603000000,23513,10.92,13.28,73.4,0.588,16.96,-2.64
Spain,2017,379000000,20671418000000,54542,10.0,6.87,65.4,0.776,11.85,4.16
Spain,2017,301000000,23363620000000,77620,6.43,4.12,83.4,0.659,15.66,6.24
Spain,2017,1231000000,42949590000000,34890,11.13,17.99,69.0,0.714,19.3,0.58
Spain,2017,118000000,381848000000,3236,11.46,7.07,82.8,0.666,14.6,-2.01
Spain,2017,162000000,11064924000000,68302,6.69,16.52,76.6,0.86,11.13,3.32
Spain,2017,302000000,7462420000000,24710,1.85,8.7,78.3,0.934,11.39,8.44
Netherlands,2017,879000000,1335201000000,1519,0.03,2.97,64.7,0.933,4.14,8.9
Netherlands,2017,1181000000,83189640000000,70440,3.21,5.84,74.0,0.629,4.27,-2.51
Netherlands,2017,1191000000,76495548000000,64228,8.28,14.75,80.3,0.797,2.03,4.07
Netherlands,2017,1134000000,5691546000000,5019,9.11,3.79,74.4,0.697,19.56,5.48
Netherlands,2017,1242000000,78090750000000,62875,2.34,8.99,74.1,0.705,11.5,-1.92
Netherlands,2017,866000000,16180344000000,18684,11.83,8.39,73.6,0.859,16.34,5.84
Netherlands,2017,785000000,7199235000000,9171,8.25,5.19,76.2,0.557,4.25,-0.9
Netherlands,2017,726000000,12393546000000,17071,-0.73,16.02,64.1,0.94,19.01,4.37
Netherlands,2017,142000000,11476298000000,80819,4.82,15.69,62.8,0.87,13.14,6.32
Netherlands,2017,310000000,867070000000,2797,0.08,10.37,75.9,0.832,3.99,3.81
Netherlands,2017,448000000,15531264000000,34668,1.42,7.34,79.3,0.919,18.96,8.39
Netherlands,2017,1281000000,22863288000000,17848,2.05,11.12,80.0,0.93,9.82,3.6
Netherlands,2017,995000000,74925490000000,75302,8.23,15.28,83.0,0.905,10.11,-2.94
Netherlands,2017,643000000,18278561000000,28427,9.77,2.68,76.6,0.689,8.69,3.51
Netherlands,2017,1084000000,52379964000000,48321,4.45,10.46,65.4,0.894,7.5,8.41
Netherlands,2017,999000000,45305649000000,45351,8.91,16.75,76.3,0.835,11.2,-1.43
Netherlands,2017,945000000,9152325000000,9685,0.18,16.83,83.4,0.843,17.14,1.34
Netherlands,2017,1248000000,43973280000000,35235,1.97,5.48,76.6,0.929,0.77,5.58
Netherlands,2017,1197000000,18244674000000,15242,5.33,8.74,62.3,0.694,10.7,1.03
Netherlands,2017,701000000,17700951000000,25251,9.54,14.71,73.3,0.755,16.95,-1.59
Turkey,2017,465000000,1486140000000,3196,7.84,3.86,76.6,0.795,15.09,3.67
Turkey,2017,152000000,2319824000000,15262,8.06,7.71,76.0,0.802,18.72,2.23
Turkey,2017,564000000,36123636000000,64049,3.77,4.82,80.2,0.87,6.67,4.19
Turkey,2017,678000000,2692338000000,3971,11.8,3.41,77.6,0.684,4.31,3.86
Turkey,2017,509000000,4138170000000,8130,8.89,8.74,66.2,0.732,8.68,7.17
Turkey,2017,1199000000,22295405000000,18595,0.22,4.14,78.6,0.941,16.26,-2.7
Turkey,2017,316000000,19036472000000,60242,1.69,6.07,66.4,0.808,12.1,3.22
Turkey,2017,410000000,29075970000000,70917,-0.34,16.98,83.8,0.552,17.74,-1.73
Turkey,2017,1270000000,31432500000000,24750,4.61,15.42,77.4,0.943,11.8,4.15
Turkey,2017,697000000,32615418000000,46794,0.35,16.74,63.5,0.929,18.7,4.94
Turkey,2017,1053000000,85393035000000,81095,2.09,2.97,70.2,0.612,11.54,0.48
Turkey,2017,966000000,17237304000000,17844,-0.88,3.8,72.4,0.69,7.48,5.08
Turkey,2017,1130000000,66373940000000,58738,2.31,13.37,67.3,0.688,1.7,1.65
Turkey,2017,1374000000,40844898000000,29727,1.62,4.79,68.3,0.613,9.48,-2.25
Turkey,2017,662000000,13164532000000,19886,5.36,4.08,84.5,0.817,13.32,-1.19
Turkey,2017,1069000000,42844451000000,40079,0.32,14.14,74.8,0.925,2.31,7.64
Turkey,2017,922000000,3473174000000,3767,0.83,17.11,67.7,0.661,3.8,8.62
Turkey,2017,976000000,1922720000000,1970,5.33,9.78,76.0,0.873,8.3,3.65
Turkey,2017,689000000,49656919000000,72071,2.0,14.78,80.1,0.609,15.87,2.19
Turkey,2017,320000000,5448960000000,17028,3.15,16.73,80.2,0.946,15.23,1.69
Nigeria,2017,1077000000,32922813000000,30569,9.17,2.93,74.4,0.783,14.5,1.1
Nigeria,2017,1246000000,53718798000000,43113,3.96,12.91,82.8,0.701,10.76,2.81
Nigeria,2017,557000000,21723000000000,39000,4.13,11.87,72.8,0.691,4.99,-1.87
Nigeria,2017,315000000,17498250000000,55550,11.22,6.27,76.6,0.885,6.17,-0.54
Nigeria,2017,945000000,40713435000000,43083,-0.63,5.94,69.8,0.816,3.9,2.82
Nigeria,2017,559000000,42217916000000,75524,3.19,7.11,65.2,0.663,13.56,2.01
Nigeria,2017,995000000,71604180000000,71964,8.87,16.99,70.1,0.899,4.98,4.8
Nigeria,2017,16000000,1064320000000,66520,9.72,9.14,72.5,0.754,7.76,-0.24
Nigeria,2017,442000000,36993190000000,83695,3.31,6.7,71.0,0.804,9.75,-2.15
Nigeria,2017,98000000,4934104000000,50348,6.66,4.52,71.1,0.7,7.88,3.04
Nigeria,2017,586000000,45777148000000,78118,7.77,16.17,63.6,0.561,2.69,0.72
Nigeria,2017,279000000,5609853000000,20107,4.61,7.82,78.7,0.946,19.56,2.05
Nigeria,2017,1322000000,24894582000000,18831,5.13,4.42,62.5,0.665,18.37,-1.18
Nigeria,2017,90000000,928980000000,10322,8.62,6.72,64.5,0.673,19.52,0.8
Nigeria,2017,603000000,8313561000000,13787,11.98,11.93,70.4,0.685,16.33,8.62
Nigeria,2017,752000000,22909680000000,30465,1.59,13.46,75.6,0.743,16.24,-1.19
Nigeria,2017,965000000,29370740000000,30436,10.12,8.41,71.7,0.879,19.43,6.06
Nigeria,2017,294000000,20926038000000,71177,11.46,4.89,69.9,0.677,15.65,-1.13
Nigeria,2017,81000000,3385719000000,41799,4.94,6.64,78.2,0.874,0.67,6.53
Nigeria,2017,699000000,45774714000000,65486,9.43,4.49,75.1,0.832,15.21,-1.08
USA,2018,874000000,57946200000000,66300,3.08,11.12,77.6,0.917,9.83,4.01
USA,2018,435000000,22067115000000,50729,7.85,15.21,62.1,0.835,15.0,-1.71
USA,2018,724000000,42212820000000,58305,10.61,11.13,79.4,0.666,10.6,8.11
USA,2018,1176000000,34767264000000,29564,11.97,13.57,78.5,0.859,8.71,-1.58
USA,2018,1120000000,24558240000000,21927,8.38,5.48,73.5,0.761,7.6,2.87
USA,2018,942000000,54364704000000,57712,11.75,12.03,84.5,0.922,3.96,6.26
USA,2018,785000000,64519935000000,82191,6.77,11.01,79.0,0.673,13.72,1.44
USA,2018,1015000000,79428825000000,78255,7.36,17.94,68.4,0.552,17.96,3.3
USA,2018,1328000000,40858576000000,30767,9.8,16.25,70.9,0.955,8.11,5.72
USA,2018,506000000,24818794000000,49049,9.49,6.62,83.2,0.613,4.49,5.0
USA,2018,379000000,4530566000000,11954,9.28,10.95,76.8,0.673,15.41,7.49
USA,2018,787000000,52677845000000,66935,9.24,14.22,64.9,0.767,10.26,5.78
USA,2018,1349000000,34771824000000,25776,11.71,14.12,78.2,0.665,1.44,-2.37
USA,2018,542000000,43562708000000,80374,8.62,7.77,79.1,0.857,7.82,-2.62
USA,2018,161000000,11880029000000,73789,8.06,8.63,79.7,0.827,8.76,3.33
USA,2018,864000000,71089920000000,82280,6.46,7.64,67.4,0.717,3.92,6.9
USA,2018,331000000,18378113000000,55523,11.94,14.61,81.4,0.747,4.67,-0.66
USA,2018,223000000,1425416000000,6392,9.33,6.85,69.3,0.905,13.9,2.43
USA,2018,135000000,6803190000000,50394,-0.02,7.07,80.1,0.769,6.18,2.09
USA,2018,1025000000,15639450000000,15258,0.74,2.77,77.4,0.577,18.55,5.29
China,2018,333000000,18065916000000,54252,4.32,2.89,64.0,0.694,17.61,7.92
China,2018,1310000000,79801270000000,60917,6.59,10.17,77.1,0.754,8.25,7.04
China,2018,621000000,33958764000000,54684,6.32,10.56,69.9,0.688,17.46,7.82
China,2018,174000000,8352348000000,48002,10.9,13.6,76.9,0.64,2.64,4.15
China,2018,503000000,8372435000000,16645,7.1,12.29,67.5,0.81,16.95,2.8
China,2018,1152000000,47492352000000,41226,11.08,17.3,81.5,0.937,5.95,8.17
China,2018,417000000,25780191000000,61823,7.13,9.84,80.0,0.766,15.42,5.35
China,2018,1078000000,70477484000000,65378,6.53,5.02,76.6,0.713,19.58,2.99
China,2018,543000000,36120903000000,66521,2.26,11.56,63.1,0.934,14.55,2.92
China,2018,745000000,8677015000000,11647,11.33,16.05,63.7,0.794,19.26,8.46
China,2018,939000000,52050648000000,55432,11.78,3.63,76.0,0.634,17.27,-1.94
China,2018,213000000,7379598000000,34646,4.82,2.84,77.4,0.899,4.99,-0.73
China,2018,330000000,4399890000000,13333,10.11,10.9,79.0,0.853,12.64,7.97
China,2018,119000000,1365406000000,11474,3.33,4.62,76.6,0.64,1.05,-1.36
China,2018,362000000,26176220000000,72310,3.1,7.45,73.6,0.903,15.23,1.38
China,2018,121000000,255794000000,2114,0.96,8.41,65.8,0.74,3.69,5.82
China,2018,667000000,55462384000000,83152,-0.07,17.44,63.9,0.816,15.25,2.8
China,2018,306000000,24527430000000,80155,8.37,16.51,82.6,0.898,9.01,3.14
China,2018,276000000,14153280000000,51280,-0.34,3.59,67.9,0.761,18.8,-0.97
China,2018,434000000,20698762000000,47693,7.55,5.67,63.9,0.762,15.0,0.4
India,2018,298000000,16880508000000,56646,10.98,10.05,75.7,0.808,6.27,5.25
India,2018,278000000,22111008000000,79536,-0.3,7.82,79.7,0.598,6.78,0.39
India,2018,222000000,11279376000000,50808,6.22,3.86,72.3,0.923,16.99,1.77
India,2018,364000000,9785048000000,26882,9.43,8.37,69.0,0.894,6.64,1.58
India,2018,438000000,25244568000000,57636,-0.73,16.62,83.3,0.778,7.25,4.24
India,2018,99000000,452133000000,4567,11.62,6.8,62.9,0.817,18.94,-1.14
India,2018,574000000,10272304000000,17896,5.87,13.23,80.6,0.679,17.31,-1.9
India,2018,1274000000,48490988000000,38062,4.3,11.51,72.5,0.572,16.07,7.38
India,2018,984000000,74874528000000,76092,10.83,6.78,66.7,0.773,17.32,8.07
India,2018,70000000,4011350000000,57305,0.52,12.29,70.0,0.709,16.54,7.09
India,2018,163000000,9786683000000,60041,5.57,3.85,77.7,0.951,17.79,3.78
India,2018,98000000,1652182000000,16859,8.33,7.78,79.4,0.737,2.67,-1.32
India,2018,1369000000,53575815000000,39135,5.15,15.19,83.6,0.835,2.13,1.47
India,2018,269000000,13304202000000,49458,0.0,12.51,83.9,0.775,11.11,1.0
India,2018,85000000,2501040000000,29424,4.67,13.66,65.4,0.766,4.32,6.15
India,2018,1067000000,78407428000000,73484,4.08,14.17,76.3,0.712,17.43,5.16
India,2018,689000000,36204194000000,52546,10.43,2.85,73.0,0.76,8.89,-2.97
India,2018,222000000,18359400000000,82700,9.95,9.28,68.7,0.735,1.52,-2.02
India,2018,818000000,35761324000000,43718,1.56,7.08,63.8,0.68,10.66,6.03
India,2018,1041000000,28127820000000,27020,10.02,17.97,75.1,0.568,3.12,5.07
Germany,2018,271000000,14320724000000,52844,10.69,2.87,63.3,0.958,8.43,3.66
Germany,2018,1225000000,50575350000000,41286,0.54,7.37,70.5,0.853,15.75,5.34
Germany,2018,375000000,23243625000000,61983,9.34,6.1,65.3,0.948,18.43,5.48
Germany,2018,758000000,59446908000000,78426,5.0,10.46,81.3,0.589,12.17,0.8
Germany,2018,1190000000,74236960000000,62384,4.41,4.43,79.6,0.837,11.49,5.95
Germany,2018,108000000,3622860000000,33545,8.54,4.4,82.3,0.852,15.49,5.09
Germany,2018,1197000000,15318009000000,12797,11.65,16.15,80.0,0.702,9.44,4.05
Germany,2018,857000000,16021615000000,18695,10.69,5.47,74.0,0.609,3.83,0.49
Germany,2018,102000000,7770768000000,76184,9.89,9.77,76.8,0.825,13.84,7.42
Germany,2018,974000000,43551436000000,44714,11.23,14.39,74.7,0.697,2.61,-1.22
Germany,2018,710000000,46141480000000,64988,10.33,15.27,84.2,0.946,8.27,8.86
Germany,2018,780000000,29586960000000,37932,9.05,17.46,74.4,0.677,5.43,4.16
Germany,2018,227000000,17984756000000,79228,-0.87,12.78,76.2,0.945,9.17,-1.81
Germany,2018,1183000000,15253602000000,12894,11.36,7.39,69.0,0.609,1.75,-2.03
Germany,2018,30000000,941970000000,31399,4.57,11.6,63.3,0.555,6.1,7.57
Germany,2018,530000000,33262800000000,62760,4.24,8.66,78.3,0.667,7.42,3.04
Germany,2018,490000000,28300930000000,57757,2.42,13.33,66.2,0.623,18.33,-2.43
Germany,2018,798000000,50251656000000,62972,6.27,7.83,66.2,0.909,1.78,7.88
Germany,2018,199000000,14747890000000,74110,11.43,5.11,80.7,0.633,15.04,6.66
Germany,2018,650000000,18001750000000,27695,-0.04,17.91,77.1,0.693,9.55,3.78
Japan,2018,1168000000,38230976000000,32732,10.87,4.57,69.9,0.833,18.18,2.6
Japan,2018,933000000,14791782000000,15854,9.73,13.76,72.9,0.579,10.1,2.05
Japan,2018,1080000000,58189320000000,53879,8.26,16.61,71.5,0.577,16.27,0.08
Japan,2018,902000000,59168494000000,65597,4.76,15.73,83.6,0.56,8.39,0.72
Japan,2018,1098000000,74348874000000,67713,11.78,2.04,71.2,0.769,1.55,7.45
Japan,2018,311000000,4719425000000,15175,6.54,6.34,70.8,0.741,6.14,-0.94
Japan,2018,1371000000,114590922000000,83582,8.91,2.2,71.7,0.935,0.7,-2.95
Japan,2018,1009000000,47052697000000,46633,0.31,11.19,76.4,0.656,7.43,2.34
Japan,2018,208000000,13392496000000,64387,2.47,5.35,67.0,0.666,15.19,5.78
Japan,2018,215000000,1462860000000,6804,9.76,4.04,78.5,0.636,13.53,0.91
Japan,2018,90000000,6388200000000,70980,3.48,12.85,71.4,0.701,5.08,4.44
Japan,2018,912000000,41383824000000,45377,1.2,10.05,74.0,0.849,13.64,4.89
Japan,2018,884000000,64162488000000,72582,4.79,17.91,79.7,0.759,3.72,1.53
Japan,2018,416000000,30668352000000,73722,0.14,15.13,67.1,0.641,8.21,-1.4
Japan,2018,190000000,1411320000000,7428,2.95,14.21,74.1,0.681,19.84,6.27
Japan,2018,1395000000,24370650000000,17470,9.92,13.14,70.8,0.942,18.16,5.06
Japan,2018,895000000,71560620000000,79956,5.51,2.73,82.4,0.891,12.1,2.59
Japan,2018,278000000,1193176000000,4292,5.15,17.61,71.9,0.803,6.28,5.09
Japan,2018,832000000,46029568000000,55324,-0.97,4.04,72.2,0.746,12.76,0.51
Japan,2018,216000000,341064000000,1579,5.23,14.12,73.3,0.838,1.65,3.19
UK,2018,1327000000,53852314000000,40582,7.31,17.76,64.2,0.671,2.5,0.48
UK,2018,441000000,2414475000000,5475,7.78,6.49,84.9,0.743,3.77,6.07
UK,2018,1370000000,107387450000000,78385,-0.3,9.42,83.6,0.762,2.59,-2.01
UK,2018,159000000,7571421000000,47619,3.24,14.37,75.7,0.921,2.13,2.61
UK,2018,66000000,188760000000,2860,1.29,8.6,72.6,0.893,9.5,6.81
UK,2018,882000000,39525948000000,44814,0.94,15.59,66.2,0.911,1.33,0.48
UK,2018,1296000000,20962800000000,16175,5.55,2.57,69.6,0.949,17.26,3.52
UK,2018,347000000,4801786000000,13838,8.08,8.54,83.8,0.73,9.61,5.58
UK,2018,315000000,15412005000000,48927,3.32,16.2,65.3,0.601,12.02,-0.11
UK,2018,905000000,14471855000000,15991,1.6,13.59,79.0,0.831,3.12,-2.43
UK,2018,1198000000,100902748000000,84226,0.06,13.46,74.6,0.932,16.45,4.86
UK,2018,1044000000,34905096000000,33434,2.78,2.98,78.2,0.823,12.83,3.14
UK,2018,937000000,43731664000000,46672,10.95,8.02,65.2,0.94,15.35,7.75
UK,2018,1121000000,65830725000000,58725,5.71,12.36,66.0,0.876,18.85,0.45
UK,2018,894000000,26204034000000,29311,1.7,8.72,76.4,0.676,18.61,3.09
UK,2018,738000000,46535328000000,63056,11.63,7.16,77.8,0.702,6.22,2.27
UK,2018,1372000000,81218284000000,59197,5.81,17.06,80.6,0.766,5.29,7.82
UK,2018,1109000000,60045696000000,54144,2.11,16.82,71.5,0.692,18.54,8.93
UK,2018,963000000,15329997000000,15919,6.86,6.27,65.6,0.757,10.59,6.12
UK,2018,273000000,11032476000000,40412,11.53,17.7,64.5,0.764,1.17,5.98
France,2018,278000000,23335598000000,83941,3.65,7.34,78.6,0.706,14.93,3.92
France,2018,803000000,21489886000000,26762,0.92,7.82,69.5,0.556,15.5,3.3
France,2018,988000000,27270776000000,27602,8.16,3.06,64.9,0.844,1.29,7.43
France,2018,1045000000,60305905000000,57709,11.57,15.75,71.4,0.691,8.96,6.23
France,2018,950000000,79518800000000,83704,8.36,17.86,79.2,0.761,14.97,2.93
France,2018,1194000000,37981140000000,31810,4.46,16.97,84.7,0.783,11.39,-1.76
France,2018,1163000000,38687195000000,33265,8.9,5.75,77.1,0.908,5.96,3.35
France,2018,71000000,315737000000,4447,9.92,10.38,67.6,0.676,11.31,5.89
France,2018,369000000,20436327000000,55383,-0.09,5.7,76.6,0.715,15.38,5.73
France,2018,758000000,59711450000000,78775,1.39,8.83,67.3,0.673,15.5,-0.13
France,2018,32000000,2369280000000,74040,6.12,16.75,77.4,0.638,14.78,4.37
France,2018,780000000,11794380000000,15121,8.01,14.16,77.6,0.639,19.33,7.91
France,2018,894000000,13871304000000,15516,11.05,17.9,69.9,0.628,5.26,2.88
France,2018,300000000,11758200000000,39194,2.08,13.71,62.4,0.801,8.45,5.52
France,2018,534000000,28819980000000,53970,5.22,5.41,62.4,0.904,7.65,0.54
France,2018,880000000,44008800000000,50010,4.19,5.54,63.6,0.879,14.0,0.3
France,2018,858000000,27243216000000,31752,1.51,5.61,71.2,0.855,10.85,-0.28
France,2018,60000000,1819620000000,30327,5.98,9.2,63.3,0.812,3.82,4.89
France,2018,354000000,25803414000000,72891,4.68,9.26,66.7,0.607,14.08,1.45
France,2018,1157000000,8238997000000,7121,3.78,6.26,65.7,0.863,8.94,-1.17
Canada,2018,320000000,14980160000000,46813,1.98,4.51,74.9,0.869,1.1,8.1
Canada,2018,1128000000,66206832000000,58694,4.48,8.99,64.2,0.658,17.48,0.42
Canada,2018,127000000,10759948000000,84724,10.97,4.25,71.7,0.892,6.57,-0.06
Canada,2018,47000000,3243094000000,69002,5.93,10.8,66.9,0.656,12.84,-0.93
Canada,2018,967000000,43805100000000,45300,4.46,4.08,75.1,0.671,2.55,5.51
Canada,2018,1150000000,61420350000000,53409,2.53,5.96,78.6,0.926,7.36,4.03
Canada,2018,457000000,28549247000000,62471,11.41,2.64,77.7,0.589,14.48,8.83
Canada,2018,782000000,43629344000000,55792,10.04,13.48,73.4,0.923,6.18,0.87
Canada,2018,844000000,14035720000000,16630,0.52,11.27,75.9,0.712,5.62,0.66
Canada,2018,333000000,26810829000000,80513,5.25,13.41,80.3,0.916,10.6,8.34
Canada,2018,766000000,3024934000000,3949,6.35,11.88,71.5,0.882,10.33,2.18
Canada,2018,1261000000,33495943000000,26563,7.88,4.93,69.5,0.68,11.02,8.96
Canada,2018,850000000,7569250000000,8905,4.44,5.94,79.3,0.706,4.0,6.45
Canada,2018,99000000,4621716000000,46684,5.99,7.62,71.1,0.712,17.7,0.42
Canada,2018,1210000000,91816010000000,75881,3.67,16.64,73.3,0.743,1.09,2.31
Canada,2018,36000000,1776744000000,49354,7.29,3.48,74.2,0.851,1.55,5.89
Canada,2018,236000000,1766224000000,7484,3.37,6.43,73.6,0.842,12.87,2.7
Canada,2018,145000000,6089565000000,41997,10.1,9.5,82.8,0.553,18.26,5.12
Canada,2018,921000000,64819059000000,70379,10.88,7.62,84.0,0.92,5.85,6.26
Canada,2018,442000000,23345556000000,52818,4.98,14.65,69.9,0.957,7.14,0.24
Brazil,2018,765000000,28661490000000,37466,6.71,6.43,66.0,0.895,1.91,2.2
Brazil,2018,660000000,1116720000000,1692,6.0,11.58,72.3,0.668,0.89,3.98
Brazil,2018,906000000,63217962000000,69777,3.78,16.54,80.9,0.828,6.08,-1.72
Brazil,2018,379000000,5626255000000,14845,2.42,5.07,75.1,0.679,4.7,7.52
Brazil,2018,759000000,55133760000000,72640,-0.96,2.15,74.7,0.562,11.37,-2.69
Brazil,2018,966000000,42723282000000,44227,7.04,10.64,67.0,0.894,19.46,6.77
Brazil,2018,968000000,48115408000000,49706,0.07,5.55,79.4,0.584,13.82,0.82
Brazil,2018,1119000000,29674761000000,26519,11.88,7.37,62.1,0.709,17.6,-1.85
Brazil,2018,1067000000,31286574000000,29322,6.79,15.43,69.5,0.799,19.07,8.67
Brazil,2018,1162000000,65040626000000,55973,3.4,12.4,78.8,0.829,13.66,1.62
Brazil,2018,869000000,41357448000000,47592,3.82,10.27,63.6,0.566,6.92,0.33
Brazil,2018,135000000,6783075000000,50245,5.92,14.38,73.5,0.952,11.49,-2.86
Brazil,2018,990000000,69303960000000,70004,7.47,11.7,64.2,0.835,3.09,-2.18
Brazil,2018,72000000,490824000000,6817,6.09,3.39,83.2,0.649,10.3,0.49
Brazil,2018,50000000,2894400000000,57888,11.34,6.88,76.3,0.912,15.62,-1.33
Brazil,2018,798000000,39958254000000,50073,10.73,7.83,77.3,0.734,15.21,4.99
Brazil,2018,795000000,6495945000000,8171,10.05,6.87,69.3,0.835,5.37,2.8
Brazil,2018,178000000,5530460000000,31070,1.8,2.08,68.2,0.804,17.94,-1.81
Brazil,2018,553000000,25806298000000,46666,10.56,11.39,71.2,0.58,1.6,-0.39
Brazil,2018,1267000000,99791454000000,78762,-0.25,10.04,80.8,0.551,6.11,1.96
Australia,2018,1253000000,58126670000000,46390,8.56,12.86,72.0,0.689,12.71,2.52
Australia,2018,1136000000,80492416000000,70856,-0.09,9.67,70.4,0.959,17.12,6.55
Australia,2018,485000000,20132350000000,41510,3.67,12.42,80.9,0.645,18.89,0.56
Australia,2018,1326000000,74275890000000,56015,11.06,4.76,64.9,0.874,11.45,-1.94
Australia,2018,1354000000,36692046000000,27099,8.95,2.92,65.9,0.566,10.3,-2.74
Australia,2018,151000000,12201404000000,80804,11.28,4.2,80.5,0.782,7.38,3.85
Australia,2018,536000000,24578816000000,45856,0.71,12.34,79.6,0.711,2.16,0.32
Australia,2018,868000000,1873144000000,2158,4.2,16.2,71.0,0.56,4.49,7.68
Australia,2018,473000000,6079469000000,12853,4.24,15.05,82.5,0.691,1.34,-1.02
Australia,2018,773000000,27901435000000,36095,1.39,5.57,77.0,0.897,15.39,3.43
Australia,2018,1050000000,9433200000000,8984,1.33,5.75,78.2,0.804,7.4,-1.09
Australia,2018,689000000,28020252000000,40668,2.3,13.07,84.3,0.554,2.88,5.65
Australia,2018,236000000,10018908000000,42453,3.98,10.12,69.4,0.694,19.09,8.64
Australia,2018,1050000000,78500100000000,74762,5.36,12.57,82.9,0.727,18.42,6.57
Australia,2018,586000000,40097636000000,68426,3.67,13.05,65.8,0.655,4.28,-1.72
Australia,2018,606000000,41643714000000,68719,9.67,10.06,79.2,0.832,9.11,3.24
Australia,2018,266000000,13072570000000,49145,2.15,7.5,70.2,0.82,5.21,-0.15
Australia,2018,1199000000,12950399000000,10801,11.12,14.46,66.5,0.75,16.76,6.68
Australia,2018,472000000,30555864000000,64737,8.5,16.3,73.7,0.716,12.78,3.55
Australia,2018,570000000,43517790000000,76347,1.4,16.54,67.1,0.565,8.68,0.62
Italy,2018,1063000000,19155260000000,18020,9.76,13.07,80.6,0.946,1.28,8.3
Italy,2018,931000000,71183329000000,76459,8.58,3.58,75.5,0.587,14.77,1.07
Italy,2018,776000000,45187256000000,58231,2.55,14.95,76.7,0.672,14.95,-0.78
Italy,2018,1095000000,88391685000000,80723,0.51,6.79,68.5,0.736,10.65,2.3
Italy,2018,1165000000,45326655000000,38907,0.78,13.93,73.9,0.586,6.09,3.36
Italy,2018,822000000,43785474000000,53267,9.19,14.38,67.3,0.551,5.97,4.56
Italy,2018,97000000,4366067000000,45011,4.56,8.31,63.2,0.753,18.02,0.33
Italy,2018,646000000,32758660000000,50710,6.75,5.99,77.5,0.79,19.35,3.18
Italy,2018,731000000,20983355000000,28705,10.78,11.99,69.9,0.816,3.47,-0.74
Italy,2018,953000000,28252638000000,29646,7.24,15.99,79.6,0.721,17.34,4.83
Italy,2018,1199000000,34995213000000,29187,5.04,6.59,66.1,0.645,12.32,5.22
Italy,2018,522000000,28056978000000,53749,4.01,8.45,84.4,0.846,9.45,1.78
Italy,2018,466000000,10017602000000,21497,5.01,5.51,73.7,0.956,2.65,3.61
Italy,2018,1035000000,48293100000000,46660,2.37,3.39,76.1,0.685,12.46,2.38
Italy,2018,1278000000,59290254000000,46393,9.49,4.22,84.5,0.925,7.63,3.47
Italy,2018,1382000000,100512860000000,72730,3.28,7.86,78.6,0.749,9.02,3.75
Italy,2018,243000000,762048000000,3136,5.12,6.71,65.8,0.765,14.19,3.31
Italy,2018,1026000000,65687598000000,64023,7.71,8.75,84.6,0.638,0.66,3.82
Italy,2018,1108000000,57207148000000,51631,3.69,9.45,67.6,0.577,7.15,-2.52
Italy,2018,824000000,62209528000000,75497,4.66,2.14,74.3,0.807,6.0,0.85
South Korea,2018,778000000,27867182000000,35819,3.47,7.21,64.0,0.88,11.28,1.72
South Korea,2018,613000000,5241763000000,8551,5.59,3.57,69.0,0.636,15.01,6.46
South Korea,2018,1234000000,38353954000000,31081,0.8,3.94,64.1,0.764,15.38,1.42
South Korea,2018,722000000,26895222000000,37251,11.1,6.87,68.8,0.809,1.39,8.08
South Korea,2018,1256000000,27659632000000,22022,11.44,10.33,76.3,0.732,12.45,-1.16
South Korea,2018,68000000,160140000000,2355,3.91,13.17,74.5,0.939,15.92,7.04
South Korea,2018,723000000,33591303000000,46461,3.37,11.45,82.1,0.611,2.92,8.88
South Korea,2018,1363000000,14875782000000,10914,11.86,9.0,71.9,0.571,11.75,8.6
South Korea,2018,836000000,3276284000000,3919,8.36,5.74,83.9,0.607,6.22,4.27
South Korea,2018,1359000000,82186884000000,60476,4.01,12.66,62.6,0.577,7.75,4.61
South Korea,2018,292000000,2079332000000,7121,5.51,12.6,68.6,0.619,5.28,7.35
South Korea,2018,1170000000,90522900000000,77370,2.53,6.65,80.8,0.683,4.54,2.09
South Korea,2018,1283000000,1965556000000,1532,9.44,15.87,70.8,0.657,10.59,-2.94
South Korea,2018,1317000000,41750217000000,31701,9.13,15.51,84.4,0.737,11.21,1.22
South Korea,2018,595000000,40518905000000,68099,4.38,17.03,73.9,0.709,2.95,2.37
South Korea,2018,167000000,11111345000000,66535,11.7,5.86,77.0,0.9,2.18,-0.17
South Korea,2018,819000000,7044219000000,8601,-0.53,16.9,66.8,0.945,8.96,4.03
South Korea,2018,1241000000,29743047000000,23967,0.16,10.1,79.2,0.874,14.82,5.16
South Korea,2018,267000000,6492105000000,24315,4.32,10.15,62.9,0.864,2.49,3.77
South Korea,2018,551000000,26004996000000,47196,1.12,17.24,76.3,0.85,12.33,3.77
Mexico,2018,961000000,9412034000000,9794,11.3,3.67,71.3,0.778,13.75,4.66
Mexico,2018,1363000000,50128414000000,36778,1.11,11.17,80.2,0.86,1.51,5.64
Mexico,2018,964000000,30006428000000,31127,1.95,14.9,63.7,0.925,17.3,-2.71
Mexico,2018,332000000,15338400000000,46200,10.89,15.1,68.7,0.878,11.81,-0.04
Mexico,2018,854000000,27612382000000,32333,0.85,15.62,78.5,0.65,8.83,5.19
Mexico,2018,765000000,22638645000000,29593,2.35,10.42,83.9,0.589,5.41,2.8
Mexico,2018,22000000,378092000000,17186,7.34,4.21,66.8,0.606,10.25,8.92
Mexico,2018,28000000,1389696000000,49632,3.81,16.08,76.8,0.942,2.06,6.45
Mexico,2018,275000000,18895525000000,68711,7.98,17.36,68.7,0.771,19.4,7.78
Mexico,2018,1000000000,71551000000000,71551,2.96,9.6,66.6,0.741,17.01,-1.56
Mexico,2018,953000000,58762933000000,61661,9.57,6.09,70.5,0.897,13.14,2.87
Mexico,2018,36000000,349056000000,9696,8.93,8.64,67.5,0.708,3.18,7.09
Mexico,2018,895000000,20251165000000,22627,8.11,6.06,79.4,0.959,12.58,1.36
Mexico,2018,901000000,33832550000000,37550,8.05,9.65,69.6,0.639,9.43,3.06
Mexico,2018,1305000000,91714095000000,70279,1.18,9.44,69.1,0.688,11.75,-0.38
Mexico,2018,12000000,806748000000,67229,3.89,8.06,77.9,0.797,10.19,-2.0
Mexico,2018,24000000,1007376000000,41974,5.9,4.84,68.4,0.599,17.95,-1.26
Mexico,2018,1386000000,31810086000000,22951,9.48,9.19,75.4,0.687,16.46,5.23
Mexico,2018,164000000,2133640000000,13010,8.15,4.25,73.1,0.625,9.95,4.86
Mexico,2018,671000000,8994755000000,13405,-0.29,9.2,83.0,0.776,12.58,6.19
Indonesia,2018,1311000000,34369176000000,26216,11.41,13.82,80.6,0.608,5.66,5.53
Indonesia,2018,1193000000,81175299000000,68043,10.21,14.38,69.6,0.62,13.33,-1.67
Indonesia,2018,1018000000,69089624000000,67868,2.58,8.42,77.0,0.81,12.54,-2.27
Indonesia,2018,67000000,262841000000,3923,10.79,11.8,76.9,0.914,15.05,4.62
Indonesia,2018,86000000,399298000000,4643,0.18,10.81,83.5,0.567,19.26,-0.22
Indonesia,2018,768000000,27871488000000,36291,0.7,5.23,66.8,0.856,5.39,7.66
Indonesia,2018,847000000,40855892000000,48236,1.51,8.65,65.2,0.91,0.95,2.0
Indonesia,2018,780000000,47218860000000,60537,-0.5,5.55,84.7,0.902,8.7,7.48
Indonesia,2018,459000000,31942269000000,69591,8.44,11.07,73.8,0.844,12.23,8.68
Indonesia,2018,374000000,10590558000000,28317,8.82,9.08,81.5,0.667,8.13,3.92
Indonesia,2018,501000000,11334624000000,22624,10.02,12.52,83.2,0.673,13.44,7.66
Indonesia,2018,219000000,2037357000000,9303,9.92,12.14,74.7,0.629,10.61,8.72
Indonesia,2018,728000000,5105464000000,7013,3.77,2.97,78.4,0.916,9.84,1.79
Indonesia,2018,701000000,31934756000000,45556,0.63,11.31,68.3,0.86,1.81,5.12
Indonesia,2018,532000000,23734648000000,44614,6.17,14.37,67.4,0.781,5.97,7.44
Indonesia,2018,1354000000,12722184000000,9396,5.7,9.1,78.0,0.561,18.32,-2.94
Indonesia,2018,383000000,4183892000000,10924,10.61,8.65,81.9,0.666,19.31,-1.39
Indonesia,2018,1149000000,42008589000000,36561,1.13,6.03,70.1,0.821,3.69,2.94
Indonesia,2018,749000000,14856415000000,19835,10.13,10.52,75.1,0.795,5.45,-0.26
Indonesia,2018,85000000,3661290000000,43074,6.28,16.64,84.7,0.847,14.51,1.09
Saudi Arabia,2018,956000000,5169092000000,5407,4.37,8.29,77.9,0.727,10.09,-1.8
Saudi Arabia,2018,70000000,562170000000,8031,11.76,13.17,66.2,0.915,12.14,4.64
Saudi Arabia,2018,62000000,1827760000000,29480,4.31,9.9,83.2,0.819,3.02,7.22
Saudi Arabia,2018,1117000000,67805251000000,60703,-0.26,17.84,74.8,0.615,19.76,2.77
Saudi Arabia,2018,319000000,14379244000000,45076,10.56,3.15,79.2,0.623,0.91,-1.36
Saudi Arabia,2018,869000000,70191737000000,80773,8.4,15.25,65.2,0.621,4.63,6.21
Saudi Arabia,2018,1385000000,108017535000000,77991,8.32,14.92,67.4,0.754,0.6,1.23
Saudi Arabia,2018,1235000000,44000580000000,35628,7.77,7.33,72.1,0.674,0.58,4.39
Saudi Arabia,2018,1193000000,64385017000000,53969,9.43,14.52,65.2,0.598,2.82,6.08
Saudi Arabia,2018,151000000,5801269000000,38419,9.9,11.53,74.2,0.616,5.11,-1.97
Saudi Arabia,2018,232000000,17416472000000,75071,4.09,6.68,74.9,0.89,5.74,7.73
Saudi Arabia,2018,577000000,15392629000000,26677,10.68,2.16,72.8,0.663,16.37,4.82
Saudi Arabia,2018,1022000000,4961810000000,4855,6.56,7.72,79.4,0.808,1.68,-2.54
Saudi Arabia,2018,428000000,21659796000000,50607,8.87,3.26,66.9,0.587,1.26,0.73
Saudi Arabia,2018,508000000,3315716000000,6527,1.32,11.88,69.6,0.57,6.86,2.42
Saudi Arabia,2018,1352000000,22793368000000,16859,8.03,4.9,84.6,0.774,10.9,7.82
Saudi Arabia,2018,715000000,5263115000000,7361,11.07,14.5,84.9,0.673,9.93,2.4
Saudi Arabia,2018,651000000,53858532000000,82732,6.8,15.55,67.2,0.756,9.43,2.29
Saudi Arabia,2018,504000000,7078680000000,14045,8.09,8.26,69.0,0.707,19.07,-0.92
Saudi Arabia,2018,1365000000,24227385000000,17749,4.47,8.49,79.1,0.906,19.95,2.78
South Africa,2018,873000000,67163382000000,76934,9.74,8.8,66.7,0.746,6.47,0.09
South Africa,2018,1223000000,57800203000000,47261,1.94,13.75,64.8,0.942,3.81,-1.89
South Africa,2018,5000000,407185000000,81437,9.77,5.88,62.3,0.685,18.02,5.52
South Africa,2018,354000000,21417708000000,60502,-0.28,15.54,62.4,0.654,8.29,5.4
South Africa,2018,521000000,17708269000000,33989,11.09,6.34,67.7,0.6,6.93,-1.77
South Africa,2018,1182000000,22889430000000,19365,5.38,2.92,83.0,0.65,15.51,-0.54
South Africa,2018,559000000,20834489000000,37271,0.78,10.56,68.5,0.784,14.44,-0.29
South Africa,2018,274000000,6926720000000,25280,5.7,8.4,72.3,0.701,3.72,-1.53
South Africa,2018,66000000,5585778000000,84633,9.93,12.5,74.9,0.595,2.93,8.94
South Africa,2018,943000000,54713803000000,58021,2.4,8.03,84.6,0.717,16.18,-1.51
South Africa,2018,1232000000,2461536000000,1998,2.53,5.75,69.0,0.713,13.05,1.89
South Africa,2018,322000000,581210000000,1805,10.12,8.99,80.2,0.712,5.52,7.73
South Africa,2018,1308000000,100647984000000,76948,8.39,10.36,78.3,0.942,14.94,8.63
South Africa,2018,720000000,29193840000000,40547,5.16,7.16,84.5,0.584,5.33,6.13
South Africa,2018,419000000,8473437000000,20223,1.16,4.75,69.0,0.721,7.97,2.52
South Africa,2018,77000000,3566640000000,46320,3.14,3.9,72.2,0.828,9.05,8.2
South Africa,2018,987000000,65375919000000,66237,6.77,17.86,77.7,0.699,15.86,0.39
South Africa,2018,931000000,67171650000000,72150,2.27,14.52,76.0,0.617,13.21,-2.33
South Africa,2018,1057000000,12088909000000,11437,5.35,14.44,81.5,0.875,17.8,0.26
South Africa,2018,934000000,10139504000000,10856,9.04,3.38,65.2,0.767,11.54,-1.85
Spain,2018,6000000,116568000000,19428,11.04,17.69,69.4,0.818,1.03,1.09
Spain,2018,798000000,6443850000000,8075,0.52,16.29,74.2,0.876,4.48,1.74
Spain,2018,744000000,25334688000000,34052,2.24,16.21,66.9,0.945,13.99,3.37
Spain,2018,421000000,13769647000000,32707,6.08,12.14,67.5,0.92,1.2,2.3
Spain,2018,322000000,10604426000000,32933,5.22,8.89,67.0,0.693,6.78,2.7
Spain,2018,439000000,15465092000000,35228,-0.36,9.67,82.4,0.802,6.47,1.83
Spain,2018,880000000,69662560000000,79162,3.17,2.86,65.6,0.609,4.55,0.97
Spain,2018,215000000,17673645000000,82203,1.15,3.47,73.1,0.859,13.73,4.01
Spain,2018,562000000,33816664000000,60172,3.17,6.32,65.7,0.699,14.34,0.12
Spain,2018,411000000,10313223000000,25093,6.78,6.01,67.4,0.567,9.1,-0.87
Spain,2018,354000000,11516682000000,32533,-0.56,14.73,83.5,0.662,2.23,2.04
Spain,2018,1345000000,51451630000000,38254,1.91,2.77,62.5,0.928,11.09,7.6
Spain,2018,491000000,26847389000000,54679,2.56,4.87,68.3,0.958,18.82,1.23
Spain,2018,992000000,58715488000000,59189,9.71,14.86,82.6,0.699,5.03,3.15
Spain,2018,367000000,30044822000000,81866,4.97,13.7,78.7,0.639,4.87,1.29
Spain,2018,770000000,31636990000000,41087,4.76,13.03,77.9,0.73,10.64,6.72
Spain,2018,779000000,26799158000000,34402,3.78,12.82,74.7,0.899,5.19,2.6
Spain,2018,529000000,15007730000000,28370,9.44,13.37,62.1,0.594,3.26,4.09
Spain,2018,709000000,21409673000000,30197,0.03,11.37,76.1,0.726,5.78,1.16
Spain,2018,480000000,24729600000000,51520,4.2,10.95,83.6,0.671,19.77,-2.91
Netherlands,2018,932000000,70327788000000,75459,1.0,6.15,64.3,0.628,8.04,5.62
Netherlands,2018,1005000000,79335705000000,78941,6.4,17.88,81.3,0.935,1.21,6.44
Netherlands,2018,357000000,13455330000000,37690,7.76,15.53,85.0,0.705,18.92,-1.77
Netherlands,2018,690000000,2394990000000,3471,2.34,6.7,82.2,0.641,14.18,5.8
Netherlands,2018,55000000,1417570000000,25774,11.16,11.45,80.3,0.664,17.99,1.82
Netherlands,2018,1376000000,86517376000000,62876,8.68,11.06,74.4,0.768,15.21,-0.9
Netherlands,2018,1284000000,44048904000000,34306,2.15,3.88,84.0,0.773,4.71,0.68
Netherlands,2018,53000000,2224940000000,41980,8.67,4.84,64.3,0.799,4.36,8.07
Netherlands,2018,1075000000,3035800000000,2824,2.96,14.22,69.8,0.936,18.36,7.76
Netherlands,2018,1198000000,78407902000000,65449,6.72,4.66,68.6,0.587,1.09,7.44
Netherlands,2018,1236000000,91969524000000,74409,0.27,9.07,81.2,0.613,1.77,-0.53
Netherlands,2018,177000000,13141542000000,74246,8.62,13.4,84.7,0.571,14.2,6.52
Netherlands,2018,370000000,10130600000000,27380,0.03,17.68,80.2,0.578,4.15,4.9
Netherlands,2018,355000000,20822170000000,58654,5.7,7.39,65.8,0.706,6.26,3.98
Netherlands,2018,615000000,29519385000000,47999,10.38,9.35,65.0,0.83,9.24,8.2
Netherlands,2018,1374000000,111141486000000,80889,6.21,14.19,69.6,0.957,14.88,-1.83
Netherlands,2018,417000000,2579979000000,6187,7.52,15.62,65.8,0.631,10.27,-0.54
Netherlands,2018,1042000000,3503204000000,3362,11.87,2.41,71.8,0.633,3.75,4.06
Netherlands,2018,967000000,44564195000000,46085,6.26,13.19,81.8,0.946,7.0,-0.87
Netherlands,2018,1244000000,25789364000000,20731,5.58,3.62,80.6,0.596,5.2,0.83
Turkey,2018,984000000,26544384000000,26976,11.19,8.87,75.3,0.718,7.97,0.18
Turkey,2018,15000000,782940000000,52196,2.32,13.57,80.4,0.831,9.1,1.93
Turkey,2018,392000000,13053208000000,33299,6.22,16.02,77.6,0.706,4.13,1.89
Turkey,2018,860000000,5927980000000,6893,4.59,16.37,82.5,0.668,9.38,-0.34
Turkey,2018,283000000,18854026000000,66622,5.26,2.19,72.6,0.739,0.78,-1.18
Turkey,2018,1028000000,65397248000000,63616,7.51,2.64,81.0,0.588,17.63,-1.46
Turkey,2018,265000000,8037980000000,30332,1.53,6.36,63.8,0.885,7.68,7.69
Turkey,2018,826000000,27063064000000,32764,7.61,5.59,80.7,0.86,9.99,8.1
Turkey,2018,104000000,3055936000000,29384,3.65,10.68,80.3,0.619,10.17,-2.82
Turkey,2018,79000000,1068396000000,13524,11.43,5.51,71.8,0.599,18.68,3.08
Turkey,2018,582000000,21632358000000,37169,5.49,3.97,81.4,0.841,8.09,7.19
Turkey,2018,1386000000,58412970000000,42145,5.72,13.99,76.1,0.64,9.54,-2.44
Turkey,2018,509000000,22270277000000,43753,11.26,9.31,75.1,0.815,12.54,7.55
Turkey,2018,651000000,35944314000000,55214,3.11,12.94,65.6,0.811,6.36,8.93
Turkey,2018,1366000000,71399454000000,52269,5.61,11.55,67.7,0.936,14.67,1.36
Turkey,2018,740000000,12402400000000,16760,-0.73,15.51,71.8,0.601,17.39,6.21
Turkey,2018,536000000,41125672000000,76727,4.29,2.04,73.5,0.715,6.74,-1.93
Turkey,2018,463000000,30794593000000,66511,7.97,17.38,69.7,0.582,18.34,5.08
Turkey,2018,648000000,22525128000000,34761,1.69,4.0,70.4,0.705,16.04,-0.12
Turkey,2018,702000000,27173016000000,38708,1.69,2.62,84.4,0.925,6.66,0.4
Nigeria,2018,947000000,75336691000000,79553,1.73,14.58,82.4,0.842,8.29,7.08
Nigeria,2018,381000000,30540960000000,80160,7.69,4.76,84.7,0.876,8.49,5.89
Nigeria,2018,605000000,5948965000000,9833,2.4,16.2,62.1,0.936,3.81,7.21
Nigeria,2018,333000000,9755568000000,29296,5.67,8.7,68.1,0.861,3.47,-2.14
Nigeria,2018,776000000,60476008000000,77933,1.42,8.13,74.5,0.63,6.75,3.32
Nigeria,2018,397000000,25709720000000,64760,6.3,16.64,84.9,0.834,2.71,-0.17
Nigeria,2018,1266000000,60190704000000,47544,6.44,11.57,80.2,0.816,18.19,2.36
Nigeria,2018,679000000,50587537000000,74503,4.58,10.4,66.0,0.815,8.31,1.96
Nigeria,2018,1075000000,90231200000000,83936,5.44,6.1,83.2,0.574,13.47,-0.5
Nigeria,2018,1185000000,41633790000000,35134,5.07,6.25,78.2,0.722,6.8,-1.6
Nigeria,2018,1245000000,26652960000000,21408,8.24,14.31,65.5,0.634,12.93,-1.44
Nigeria,2018,886000000,7639092000000,8622,7.2,6.18,74.9,0.864,7.23,4.79
Nigeria,2018,1236000000,37524960000000,30360,10.81,14.42,77.4,0.773,17.85,4.23
Nigeria,2018,641000000,9984857000000,15577,11.9,8.81,74.4,0.89,9.04,8.48
Nigeria,2018,617000000,16430093000000,26629,7.75,7.93,68.8,0.795,19.08,-2.32
Nigeria,2018,221000000,3570034000000,16154,5.83,4.09,68.5,0.601,17.51,-2.17
Nigeria,2018,1395000000,49392765000000,35407,2.38,17.01,74.3,0.566,9.92,-1.62
Nigeria,2018,511000000,40960738000000,80158,0.19,16.4,62.5,0.837,15.97,1.62
Nigeria,2018,762000000,50839878000000,66719,8.46,9.39,75.9,0.719,19.57,-0.0
Nigeria,2018,913000000,64847651000000,71027,1.11,14.32,69.2,0.559,12.78,3.02
USA,2019,172000000,969564000000,5637,1.75,16.9,83.1,0.946,6.0,5.18
USA,2019,148000000,715432000000,4834,-0.52,4.21,64.4,0.693,18.78,6.47
USA,2019,672000000,1741152000000,2591,9.52,2.17,74.5,0.71,1.97,8.03
USA,2019,1351000000,111989794000000,82894,4.44,6.41,79.1,0.644,16.07,4.5
USA,2019,738000000,62722620000000,84990,-0.85,5.5,66.3,0.587,1.56,6.07
USA,2019,155000000,2505265000000,16163,9.8,5.35,81.5,0.706,17.17,-0.15
USA,2019,617000000,43515776000000,70528,11.92,10.39,62.3,0.863,19.53,2.02
USA,2019,1228000000,58267372000000,47449,0.2,14.74,82.9,0.724,11.21,6.26
USA,2019,44000000,2821764000000,64131,10.52,14.52,66.4,0.65,11.91,4.9
USA,2019,570000000,9518430000000,16699,2.88,11.56,67.8,0.756,4.84,7.66
USA,2019,114000000,5122248000000,44932,2.87,10.55,71.8,0.784,1.79,4.36
USA,2019,1257000000,33129492000000,26356,4.85,14.97,71.8,0.582,17.26,2.03
USA,2019,934000000,16207702000000,17353,8.19,7.96,74.8,0.851,11.91,4.23
USA,2019,791000000,37483117000000,47387,0.69,2.82,75.7,0.922,5.95,8.48
USA,2019,450000000,12171150000000,27047,0.59,7.89,70.6,0.842,10.61,5.18
USA,2019,1357000000,66658554000000,49122,7.18,3.79,66.6,0.952,4.79,6.72
USA,2019,77000000,5338872000000,69336,0.68,16.16,73.3,0.736,14.0,3.51
USA,2019,251000000,2472099000000,9849,4.37,7.43,67.3,0.918,9.99,-1.14
USA,2019,1008000000,49696416000000,49302,9.99,7.86,79.0,0.728,3.8,6.16
USA,2019,405000000,6385635000000,15767,5.63,2.2,68.5,0.701,14.43,-0.79
China,2019,554000000,32811758000000,59227,8.75,9.42,79.9,0.85,11.08,7.33
China,2019,492000000,22248240000000,45220,0.73,11.76,79.0,0.839,3.54,0.83
China,2019,1373000000,44321813000000,32281,7.88,2.39,63.0,0.89,14.42,-0.14
China,2019,1044000000,23216472000000,22238,3.24,12.65,73.0,0.573,16.27,-0.59
China,2019,1301000000,18044870000000,13870,1.13,17.05,75.0,0.842,11.18,8.99
China,2019,811000000,57369329000000,70739,8.79,3.18,64.0,0.907,6.88,-0.9
China,2019,381000000,22989159000000,60339,11.71,8.38,78.4,0.739,4.47,0.78
China,2019,699000000,23986185000000,34315,7.79,2.24,66.6,0.659,2.42,8.71
China,2019,1201000000,98602100000000,82100,11.18,12.76,84.3,0.681,4.04,-1.11
China,2019,938000000,7850122000000,8369,1.6,3.23,75.7,0.589,16.9,7.13
China,2019,590000000,12081430000000,20477,3.27,14.91,84.5,0.778,6.85,8.39
China,2019,192000000,4439232000000,23121,7.21,5.73,83.1,0.613,7.55,8.6
China,2019,694000000,47585498000000,68567,5.97,16.2,74.3,0.58,18.93,8.56
China,2019,527000000,21869446000000,41498,4.4,7.86,79.7,0.807,2.2,3.71
China,2019,777000000,31588158000000,40654,5.64,9.92,64.7,0.865,8.81,7.17
China,2019,1156000000,96156080000000,83180,5.76,9.07,83.9,0.877,11.64,8.84
China,2019,309000000,22743636000000,73604,8.77,5.44,79.2,0.848,16.56,-2.96
China,2019,318000000,9760056000000,30692,1.52,10.84,73.2,0.688,2.83,0.21
China,2019,546000000,36497916000000,66846,8.16,16.09,79.6,0.753,7.07,2.19
China,2019,39000000,297687000000,7633,7.54,10.08,83.4,0.847,3.51,-0.05
India,2019,112000000,6378512000000,56951,7.18,11.23,70.0,0.775,6.72,0.86
India,2019,823000000,56706346000000,68902,1.28,14.85,84.1,0.825,17.89,-0.61
India,2019,718000000,2475664000000,3448,3.03,8.59,80.3,0.727,13.68,3.05
India,2019,895000000,19211175000000,21465,10.03,2.86,83.6,0.716,10.37,8.36
India,2019,365000000,2425425000000,6645,6.05,16.12,72.9,0.652,17.1,-1.7
India,2019,1133000000,45310936000000,39992,0.93,9.66,65.0,0.868,8.73,2.56
India,2019,32000000,2127072000000,66471,-0.32,12.55,74.3,0.795,18.54,-0.28
India,2019,1171000000,42951109000000,36679,9.52,6.01,84.9,0.845,9.69,-0.39
India,2019,1008000000,75524400000000,74925,3.36,7.04,66.0,0.598,17.65,-1.77
India,2019,438000000,6264276000000,14302,6.03,3.42,70.2,0.69,14.43,1.22
India,2019,774000000,38562228000000,49822,2.23,16.61,73.1,0.623,15.63,4.31
India,2019,304000000,20859568000000,68617,8.67,7.18,75.3,0.679,11.2,3.37
India,2019,317000000,14054195000000,44335,9.56,14.44,64.1,0.646,15.11,6.69
India,2019,1269000000,87441714000000,68906,11.13,8.82,67.2,0.744,6.38,1.57
India,2019,433000000,19004803000000,43891,0.9,7.98,70.5,0.912,5.42,0.62
India,2019,1101000000,68269707000000,62007,7.31,17.92,62.9,0.724,4.35,6.08
India,2019,607000000,39784601000000,65543,7.64,12.49,62.4,0.802,6.92,0.03
India,2019,1327000000,5353118000000,4034,7.22,5.42,78.4,0.581,1.58,7.65
India,2019,1328000000,101009008000000,76061,1.32,4.4,69.2,0.742,7.38,0.2
India,2019,169000000,12165465000000,71985,6.58,12.38,67.7,0.57,17.05,-0.76
Germany,2019,601000000,11036163000000,18363,11.97,6.1,78.4,0.661,4.29,1.81
Germany,2019,1237000000,96844730000000,78290,5.35,2.84,77.6,0.714,8.25,1.54
Germany,2019,568000000,11308880000000,19910,-0.54,6.91,68.0,0.559,12.88,0.63
Germany,2019,553000000,9869391000000,17847,6.26,12.66,76.6,0.856,7.47,6.2
Germany,2019,1198000000,41735924000000,34838,6.71,10.74,66.8,0.748,13.26,-2.08
Germany,2019,225000000,17734725000000,78821,4.8,3.7,84.7,0.871,8.85,4.05
Germany,2019,78000000,299130000000,3835,8.73,3.25,67.3,0.802,15.19,1.35
Germany,2019,915000000,21256365000000,23231,2.21,12.01,73.3,0.584,14.67,6.32
Germany,2019,1069000000,7451999000000,6971,8.24,11.54,84.9,0.863,6.78,0.82
Germany,2019,121000000,1223068000000,10108,2.03,15.94,74.6,0.867,8.25,6.03
Germany,2019,715000000,48512750000000,67850,8.8,4.59,68.6,0.947,12.75,-0.77
Germany,2019,1253000000,33302234000000,26578,2.22,3.19,77.1,0.596,3.24,5.14
Germany,2019,145000000,2266060000000,15628,0.86,2.94,62.4,0.558,14.75,7.89
Germany,2019,31000000,2073652000000,66892,0.95,2.76,71.4,0.682,4.25,6.79
Germany,2019,219000000,1497741000000,6839,7.22,4.3,77.0,0.603,4.34,8.87
Germany,2019,550000000,33339900000000,60618,0.86,2.32,79.5,0.831,15.74,5.89
Germany,2019,889000000,69415787000000,78083,11.67,8.38,82.7,0.672,17.05,1.02
Germany,2019,495000000,2138895000000,4321,3.98,11.54,70.7,0.576,19.86,2.45
Germany,2019,291000000,6259410000000,21510,8.19,12.93,63.4,0.621,1.87,0.39
Germany,2019,1215000000,47148075000000,38805,0.38,2.98,79.7,0.76,4.14,3.03
Japan,2019,408000000,31165896000000,76387,6.68,6.27,78.7,0.612,2.59,-2.89
Japan,2019,1185000000,64632270000000,54542,6.52,9.43,74.7,0.627,4.6,4.02
Japan,2019,831000000,55620492000000,66932,6.46,10.08,70.5,0.886,4.7,8.1
Japan,2019,417000000,11472921000000,27513,5.46,12.2,72.2,0.93,4.12,4.39
Japan,2019,150000000,7481850000000,49879,7.28,7.07,64.4,0.743,4.51,7.03
Japan,2019,94000000,5682676000000,60454,7.63,11.35,71.6,0.814,6.38,-0.4
Japan,2019,1274000000,79674686000000,62539,3.36,16.49,63.4,0.617,14.81,0.99
Japan,2019,786000000,60435540000000,76890,4.62,9.48,82.5,0.652,9.83,5.61
Japan,2019,547000000,13346800000000,24400,1.94,12.69,68.9,0.695,16.16,1.35
Japan,2019,822000000,53623992000000,65236,3.68,14.39,65.0,0.647,9.58,7.2
Japan,2019,923000000,60170370000000,65190,2.36,12.83,83.1,0.633,1.83,7.02
Japan,2019,1182000000,68226222000000,57721,5.85,13.67,81.2,0.824,2.61,4.78
Japan,2019,105000000,6700680000000,63816,5.1,6.3,74.3,0.795,19.69,3.17
Japan,2019,883000000,14482966000000,16402,9.26,5.8,78.0,0.659,10.05,6.48
Japan,2019,968000000,18292296000000,18897,1.78,6.74,66.5,0.588,5.79,2.92
Japan,2019,1348000000,100827704000000,74798,2.78,17.14,65.6,0.689,6.48,7.77
Japan,2019,87000000,6974442000000,80166,7.55,17.32,67.8,0.786,16.63,4.83
Japan,2019,7000000,572964000000,81852,5.64,15.07,66.7,0.711,19.66,2.45
Japan,2019,1117000000,89144419000000,79807,11.56,2.12,70.4,0.627,17.03,-0.58
Japan,2019,935000000,38214385000000,40871,9.94,4.5,64.4,0.746,3.76,3.1
UK,2019,294000000,8068830000000,27445,11.08,11.28,81.2,0.796,2.81,2.03
UK,2019,75000000,5414625000000,72195,-0.98,4.53,67.2,0.955,10.48,-0.8
UK,2019,400000000,5661200000000,14153,-0.06,15.38,77.4,0.649,18.05,-0.92
UK,2019,1005000000,26463660000000,26332,6.81,3.05,63.1,0.626,18.94,7.79
UK,2019,620000000,4823600000000,7780,2.34,13.48,82.6,0.585,14.89,5.04
UK,2019,869000000,44555368000000,51272,8.35,10.88,68.2,0.606,19.58,4.22
UK,2019,932000000,4515540000000,4845,6.61,11.87,62.2,0.642,5.52,5.44
UK,2019,1292000000,10401892000000,8051,7.27,4.33,67.9,0.788,15.2,2.03
UK,2019,772000000,34975460000000,45305,7.4,12.06,71.3,0.907,11.07,-0.67
UK,2019,22000000,1307900000000,59450,8.51,7.55,83.6,0.668,1.0,5.29
UK,2019,779000000,44264338000000,56822,7.67,9.06,77.2,0.829,6.91,-0.66
UK,2019,1343000000,102186184000000,76088,4.99,11.14,67.0,0.845,18.32,5.64
UK,2019,753000000,30299967000000,40239,-0.01,14.27,74.7,0.93,4.75,6.8
UK,2019,345000000,11034135000000,31983,7.69,15.32,75.2,0.645,8.09,-0.18
UK,2019,812000000,5450956000000,6713,3.18,7.13,82.1,0.819,12.69,8.76
UK,2019,525000000,33520200000000,63848,2.95,14.74,83.7,0.925,17.06,7.14
UK,2019,972000000,8603172000000,8851,4.2,17.11,63.2,0.736,3.84,8.22
UK,2019,609000000,31425618000000,51602,2.14,10.14,81.6,0.556,14.68,3.52
UK,2019,66000000,4309932000000,65302,10.58,14.73,64.3,0.944,11.75,4.62
UK,2019,439000000,17452445000000,39755,-0.6,13.28,78.4,0.624,1.16,3.89
France,2019,635000000,5829935000000,9181,3.48,15.89,75.0,0.598,14.13,5.65
France,2019,1168000000,11732560000000,10045,11.4,9.61,76.9,0.573,6.37,0.6
France,2019,885000000,60626040000000,68504,6.74,17.73,62.7,0.715,5.13,-2.31
France,2019,865000000,38574675000000,44595,7.55,10.23,82.3,0.837,19.27,-1.89
France,2019,1301000000,15814956000000,12156,-0.58,7.19,74.3,0.638,0.81,-1.59
France,2019,1002000000,63461670000000,63335,7.88,12.73,68.8,0.662,7.79,6.73
France,2019,1225000000,100566375000000,82095,2.62,16.44,73.9,0.951,13.24,5.82
France,2019,711000000,18576297000000,26127,11.89,9.67,77.5,0.715,10.7,-0.88
France,2019,759000000,42260361000000,55679,5.86,10.01,78.3,0.832,19.74,-2.44
France,2019,263000000,1066465000000,4055,4.97,11.51,74.3,0.68,14.53,-1.92
France,2019,15000000,182100000000,12140,4.93,4.92,79.0,0.766,18.82,2.89
France,2019,214000000,2571210000000,12015,3.02,7.46,62.3,0.876,7.85,0.5
France,2019,429000000,34395504000000,80176,5.42,4.4,69.5,0.593,4.21,3.33
France,2019,676000000,2336932000000,3457,0.39,15.95,63.4,0.719,6.21,-2.31
France,2019,610000000,36181540000000,59314,5.31,4.7,67.5,0.681,1.71,-1.74
France,2019,661000000,19373910000000,29310,3.66,15.76,75.8,0.749,9.93,4.25
France,2019,57000000,683487000000,11991,2.15,5.85,66.7,0.889,19.04,0.83
France,2019,622000000,19261474000000,30967,6.55,5.11,82.9,0.761,12.01,6.53
France,2019,1077000000,64875249000000,60237,5.37,13.39,72.9,0.786,6.33,-1.17
France,2019,462000000,10345566000000,22393,6.68,2.29,66.3,0.789,10.47,8.87
Canada,2019,862000000,9342356000000,10838,9.67,4.88,83.5,0.621,7.77,-1.13
Canada,2019,1189000000,43270088000000,36392,9.66,7.4,80.3,0.795,19.24,0.89
Canada,2019,1274000000,72666412000000,57038,8.88,13.16,65.4,0.614,6.7,4.82
Canada,2019,71000000,5958107000000,83917,7.57,3.92,66.4,0.664,11.2,5.62
Canada,2019,473000000,25379288000000,53656,0.11,15.72,75.6,0.927,14.45,-1.44
Canada,2019,746000000,22556056000000,30236,10.31,2.44,65.4,0.749,5.78,3.11
Canada,2019,881000000,32426086000000,36806,4.01,15.99,83.8,0.851,7.58,4.55
Canada,2019,73000000,3358511000000,46007,3.03,15.75,62.1,0.741,2.29,4.4
Canada,2019,1144000000,66095744000000,57776,7.02,6.3,68.0,0.912,16.67,7.98
Canada,2019,1266000000,78783180000000,62230,7.7,8.18,78.8,0.79,1.01,1.7
Canada,2019,270000000,10957680000000,40584,3.7,4.42,73.1,0.769,1.14,3.89
Canada,2019,999000000,30663306000000,30694,1.16,14.87,70.4,0.634,6.15,0.35
Canada,2019,1161000000,9529488000000,8208,2.16,2.58,75.7,0.555,10.62,6.29
Canada,2019,292000000,13410392000000,45926,4.68,10.66,65.5,0.633,12.4,-0.92
Canada,2019,316000000,21200440000000,67090,1.87,16.99,82.6,0.596,11.67,1.93
Canada,2019,68000000,2341988000000,34441,1.33,12.79,63.5,0.738,6.49,4.89
Canada,2019,1294000000,25591438000000,19777,7.07,14.66,70.5,0.881,3.23,3.09
Canada,2019,769000000,42976334000000,55886,11.08,4.15,69.5,0.77,2.63,3.99
Canada,2019,118000000,3684786000000,31227,0.66,10.44,65.6,0.674,1.39,-2.09
Canada,2019,571000000,17901421000000,31351,1.3,13.09,63.7,0.827,4.82,7.08
Brazil,2019,661000000,41470479000000,62739,-0.38,5.7,71.1,0.832,15.3,-0.63
Brazil,2019,704000000,33108416000000,47029,0.83,9.33,64.0,0.588,13.52,2.11
Brazil,2019,430000000,19794190000000,46033,11.34,6.65,74.4,0.751,4.1,8.92
Brazil,2019,771000000,31425960000000,40760,4.1,4.99,68.5,0.785,6.27,-1.24
Brazil,2019,658000000,8744820000000,13290,11.16,12.15,67.8,0.942,7.7,-2.2
Brazil,2019,268000000,16747588000000,62491,11.46,6.75,71.3,0.854,6.46,7.16
Brazil,2019,1317000000,40396341000000,30673,9.11,8.93,63.6,0.885,12.52,6.15
Brazil,2019,1393000000,84204064000000,60448,9.72,8.12,77.3,0.596,7.29,8.05
Brazil,2019,26000000,629486000000,24211,10.69,9.94,74.8,0.651,18.53,-2.65
Brazil,2019,809000000,48931556000000,60484,9.44,6.84,76.4,0.714,2.62,-0.76
Brazil,2019,293000000,9253819000000,31583,10.41,2.69,63.2,0.672,7.68,7.51
Brazil,2019,133000000,5916904000000,44488,7.32,17.11,74.8,0.905,1.61,-1.01
Brazil,2019,1137000000,84617814000000,74422,7.68,8.17,63.7,0.913,1.9,7.67
Brazil,2019,482000000,28152174000000,58407,6.71,5.78,69.6,0.649,10.89,0.33
Brazil,2019,1118000000,42973684000000,38438,3.35,13.73,67.8,0.723,1.7,5.77
Brazil,2019,806000000,45325410000000,56235,3.81,13.73,69.6,0.958,6.35,-2.56
Brazil,2019,12000000,871608000000,72634,-0.28,5.92,83.5,0.583,18.76,-2.61
Brazil,2019,1120000000,66408160000000,59293,-0.65,16.1,68.0,0.745,4.75,5.08
Brazil,2019,836000000,47157924000000,56409,6.56,8.53,73.7,0.585,19.64,2.11
Brazil,2019,682000000,16535772000000,24246,10.01,6.71,80.2,0.724,2.77,3.89
Australia,2019,579000000,20496600000000,35400,1.62,17.84,83.6,0.743,16.25,5.04
Australia,2019,625000000,11543125000000,18469,5.07,15.25,63.8,0.895,16.07,4.08
Australia,2019,1084000000,69830196000000,64419,3.41,2.78,69.3,0.555,3.52,1.83
Australia,2019,1075000000,75322025000000,70067,11.49,4.6,70.8,0.556,1.5,5.53
Australia,2019,72000000,3361032000000,46681,1.89,8.95,83.2,0.647,0.59,5.42
Australia,2019,224000000,4406528000000,19672,2.67,17.81,83.4,0.955,7.96,0.64
Australia,2019,258000000,12269706000000,47557,7.37,7.67,69.7,0.678,2.08,6.73
Australia,2019,411000000,1117509000000,2719,9.05,3.94,65.2,0.664,1.2,-0.29
Australia,2019,430000000,30148160000000,70112,5.42,15.59,83.6,0.917,12.61,7.65
Australia,2019,527000000,26472264000000,50232,11.12,2.81,78.1,0.628,16.38,8.11
Australia,2019,299000000,20941362000000,70038,10.59,3.94,64.6,0.67,18.01,6.8
Australia,2019,846000000,16898004000000,19974,4.1,11.16,81.4,0.921,3.83,5.4
Australia,2019,783000000,32776380000000,41860,9.23,4.23,72.6,0.847,18.39,8.31
Australia,2019,1098000000,65957958000000,60071,8.25,12.44,64.8,0.91,3.51,4.9
Australia,2019,469000000,6196428000000,13212,0.08,8.75,82.4,0.902,6.0,2.31
Australia,2019,278000000,17358876000000,62442,6.0,7.93,79.9,0.713,11.21,6.26
Australia,2019,429000000,23981529000000,55901,6.3,15.0,73.0,0.734,8.83,-2.03
Australia,2019,1278000000,83000988000000,64946,0.3,10.23,75.2,0.832,1.94,5.73
Australia,2019,558000000,23402520000000,41940,4.0,3.99,81.4,0.803,16.34,3.18
Australia,2019,230000000,6457020000000,28074,4.22,3.26,64.3,0.881,0.5,1.67
Italy,2019,90000000,5080140000000,56446,-0.57,7.82,84.4,0.653,6.55,8.85
Italy,2019,796000000,57097080000000,71730,9.32,7.67,62.1,0.703,14.0,8.57
Italy,2019,909000000,50317695000000,55355,6.57,2.57,80.8,0.579,14.19,-0.36
Italy,2019,17000000,534174000000,31422,3.08,4.34,79.7,0.907,11.15,8.33
Italy,2019,472000000,12835568000000,27194,7.92,9.5,79.2,0.733,0.73,1.82
Italy,2019,1177000000,36698860000000,31180,3.51,8.3,64.7,0.577,2.98,7.15
Italy,2019,735000000,19940550000000,27130,10.62,11.51,66.9,0.71,14.12,0.44
Italy,2019,1131000000,57595044000000,50924,0.03,8.46,75.2,0.914,17.61,-1.47
Italy,2019,1357000000,12825007000000,9451,6.33,15.69,63.9,0.665,10.01,6.84
Italy,2019,386000000,30425678000000,78823,9.14,3.41,70.1,0.74,14.44,3.27
Italy,2019,678000000,20709510000000,30545,3.99,10.34,70.9,0.908,6.42,-0.83
Italy,2019,505000000,14593995000000,28899,2.26,14.95,77.8,0.651,8.69,7.74
Italy,2019,461000000,8318745000000,18045,11.27,2.93,85.0,0.682,19.11,-2.62
Italy,2019,1235000000,86305505000000,69883,6.44,4.49,67.5,0.937,17.4,-0.35
Italy,2019,709000000,58046539000000,81871,6.98,8.16,78.0,0.629,3.71,0.91
Italy,2019,968000000,2475176000000,2557,10.33,13.93,79.8,0.557,16.3,6.51
Italy,2019,6000000,240966000000,40161,1.93,13.69,82.0,0.771,17.84,-1.95
Italy,2019,537000000,12888000000000,24000,9.66,14.7,67.1,0.783,9.05,5.86
Italy,2019,820000000,61646780000000,75179,3.15,14.19,78.0,0.698,14.43,0.15
Italy,2019,1030000000,26880940000000,26098,0.33,8.7,66.6,0.952,9.49,2.59
South Korea,2019,1042000000,34776750000000,33375,10.69,15.59,68.8,0.605,2.21,7.63
South Korea,2019,1360000000,113002400000000,83090,4.22,4.74,64.1,0.714,15.48,-1.98
South Korea,2019,901000000,44983326000000,49926,0.06,5.43,74.7,0.817,18.88,0.84
South Korea,2019,480000000,26695680000000,55616,-0.2,5.0,62.8,0.551,2.75,3.44
South Korea,2019,940000000,62887880000000,66902,5.31,3.39,65.4,0.837,19.61,5.99
South Korea,2019,485000000,31519665000000,64989,3.49,9.0,72.0,0.666,3.51,-2.68
South Korea,2019,1329000000,112499850000000,84650,11.72,8.08,77.8,0.635,2.69,-2.97
South Korea,2019,687000000,17485524000000,25452,9.37,10.44,67.4,0.747,11.04,-0.66
South Korea,2019,921000000,71891418000000,78058,11.08,9.16,84.8,0.846,3.01,8.02
South Korea,2019,912000000,68198448000000,74779,1.45,12.54,66.4,0.739,3.45,1.96
South Korea,2019,1283000000,102484757000000,79879,2.25,3.61,82.7,0.692,2.4,1.82
South Korea,2019,1246000000,40868800000000,32800,11.08,15.95,73.2,0.671,11.96,-2.44
South Korea,2019,1022000000,40306658000000,39439,9.18,17.48,64.1,0.632,9.86,4.31
South Korea,2019,224000000,7049056000000,31469,0.67,9.75,80.2,0.562,7.92,5.53
South Korea,2019,866000000,29819844000000,34434,1.33,3.14,79.5,0.759,10.99,5.2
South Korea,2019,950000000,51454850000000,54163,-0.91,11.62,62.5,0.697,5.83,-0.59
South Korea,2019,266000000,9138696000000,34356,9.89,15.13,67.0,0.603,14.79,-2.4
South Korea,2019,990000000,8024940000000,8106,10.87,7.69,70.0,0.735,15.35,8.6
South Korea,2019,1035000000,82544355000000,79753,11.73,6.87,69.3,0.659,12.25,2.6
South Korea,2019,260000000,11826360000000,45486,5.4,17.46,82.2,0.806,17.32,2.84
Mexico,2019,1022000000,13929860000000,13630,1.62,11.49,73.5,0.672,10.2,-0.86
Mexico,2019,1321000000,44879654000000,33974,0.49,9.15,63.3,0.771,2.39,6.89
Mexico,2019,42000000,1708476000000,40678,8.74,5.58,70.4,0.689,7.03,4.93
Mexico,2019,630000000,40394340000000,64118,-0.42,3.45,74.0,0.95,18.5,8.44
Mexico,2019,453000000,2786403000000,6151,1.07,8.66,72.3,0.794,11.25,5.19
Mexico,2019,1261000000,79687634000000,63194,11.19,6.08,75.6,0.893,7.9,2.21
Mexico,2019,868000000,47685316000000,54937,2.88,7.83,81.2,0.601,12.83,5.23
Mexico,2019,856000000,53809872000000,62862,0.18,11.43,68.0,0.72,9.65,4.78
Mexico,2019,712000000,47433440000000,66620,9.22,13.63,64.1,0.854,16.01,8.0
Mexico,2019,111000000,4285710000000,38610,0.75,7.22,72.5,0.654,2.59,-1.18
Mexico,2019,941000000,13873163000000,14743,-0.83,14.69,71.6,0.664,5.4,0.8
Mexico,2019,1231000000,20001288000000,16248,8.3,8.88,78.4,0.785,16.32,5.75
Mexico,2019,829000000,3880549000000,4681,4.27,16.96,74.3,0.551,12.43,3.77
Mexico,2019,44000000,944504000000,21466,9.82,15.28,73.1,0.861,17.21,4.8
Mexico,2019,1060000000,7156060000000,6751,7.07,8.82,73.4,0.692,16.76,3.56
Mexico,2019,443000000,32962744000000,74408,10.53,9.26,78.0,0.913,10.01,6.85
Mexico,2019,576000000,3850560000000,6685,1.07,15.64,74.7,0.944,12.17,0.1
Mexico,2019,254000000,10077704000000,39676,10.68,6.05,65.8,0.767,14.49,3.89
Mexico,2019,102000000,1980840000000,19420,9.16,12.8,69.5,0.928,10.15,6.21
Mexico,2019,191000000,9023222000000,47242,2.99,14.1,77.7,0.838,14.02,-2.67
Indonesia,2019,90000000,2994030000000,33267,10.03,4.88,64.4,0.774,11.26,5.57
Indonesia,2019,710000000,11617730000000,16363,-0.72,15.6,82.0,0.774,9.68,0.41
Indonesia,2019,686000000,28674800000000,41800,6.48,6.43,84.1,0.777,7.42,3.89
Indonesia,2019,1002000000,68095920000000,67960,1.25,10.84,81.2,0.572,4.46,5.95
Indonesia,2019,823000000,55945894000000,67978,9.4,2.62,75.5,0.706,12.77,-1.91
Indonesia,2019,514000000,17954534000000,34931,4.16,14.58,74.5,0.818,5.16,6.26
Indonesia,2019,1334000000,61674822000000,46233,11.96,6.2,71.3,0.87,5.55,6.18
Indonesia,2019,409000000,9514976000000,23264,2.47,6.41,63.1,0.729,2.02,-0.21
Indonesia,2019,675000000,34967700000000,51804,1.69,11.13,71.3,0.689,0.6,0.99
Indonesia,2019,400000000,11803600000000,29509,8.15,2.57,79.8,0.65,7.4,3.49
Indonesia,2019,18000000,1217556000000,67642,5.45,12.46,82.9,0.924,12.22,5.38
Indonesia,2019,33000000,607827000000,18419,2.79,3.41,66.5,0.637,5.69,-1.78
Indonesia,2019,1304000000,77780992000000,59648,-0.12,10.51,81.1,0.704,13.17,-0.14
Indonesia,2019,1304000000,75463784000000,57871,8.71,2.57,78.0,0.799,8.3,8.69
Indonesia,2019,132000000,7460772000000,56521,4.27,17.45,84.6,0.59,8.05,-0.18
Indonesia,2019,271000000,15257029000000,56299,2.83,2.07,63.3,0.895,17.55,6.11
Indonesia,2019,302000000,23524592000000,77896,11.28,4.37,74.1,0.625,14.0,-2.55
Indonesia,2019,257000000,1472353000000,5729,2.24,8.15,69.7,0.673,6.77,4.48
Indonesia,2019,957000000,32475795000000,33935,1.89,14.96,77.4,0.756,16.17,-2.89
Indonesia,2019,1177000000,80963476000000,68788,9.44,7.4,70.1,0.947,15.64,3.82
Saudi Arabia,2019,1233000000,25340616000000,20552,7.36,4.6,67.4,0.7,12.45,4.25
Saudi Arabia,2019,306000000,24905952000000,81392,1.81,7.14,70.6,0.912,19.88,5.8
Saudi Arabia,2019,486000000,35960598000000,73993,1.9,5.41,65.9,0.775,3.37,5.83
Saudi Arabia,2019,1192000000,81731864000000,68567,-0.43,11.46,66.2,0.642,6.77,-0.04
Saudi Arabia,2019,610000000,25291820000000,41462,1.91,7.5,75.6,0.781,14.71,0.36
Saudi Arabia,2019,60000000,4587420000000,76457,7.41,10.42,69.8,0.935,14.65,4.32
Saudi Arabia,2019,1268000000,9196804000000,7253,5.68,7.4,69.1,0.728,14.88,5.63
Saudi Arabia,2019,38000000,477280000000,12560,9.01,9.53,83.4,0.938,15.07,-2.0
Saudi Arabia,2019,1329000000,22533195000000,16955,-0.92,4.51,73.4,0.825,16.26,1.89
Saudi Arabia,2019,665000000,22235605000000,33437,6.73,2.95,64.1,0.958,6.5,8.67
Saudi Arabia,2019,717000000,24125616000000,33648,8.89,9.68,83.4,0.657,4.66,0.56
Saudi Arabia,2019,470000000,28532760000000,60708,0.36,15.79,67.1,0.866,2.98,3.01
Saudi Arabia,2019,1181000000,27193706000000,23026,6.26,15.81,62.8,0.84,17.13,3.26
Saudi Arabia,2019,487000000,33240672000000,68256,9.37,8.88,68.0,0.867,15.4,6.89
Saudi Arabia,2019,1016000000,3525520000000,3470,2.26,14.09,73.5,0.876,18.76,8.9
Saudi Arabia,2019,907000000,3728677000000,4111,1.93,9.26,66.9,0.608,11.91,1.1
Saudi Arabia,2019,47000000,1816785000000,38655,11.54,7.82,76.1,0.819,8.64,5.74
Saudi Arabia,2019,425000000,4345625000000,10225,2.22,14.06,80.0,0.633,4.0,2.39
Saudi Arabia,2019,654000000,24526308000000,37502,1.32,8.59,66.6,0.93,9.69,6.96
Saudi Arabia,2019,521000000,9167516000000,17596,6.82,13.94,69.9,0.66,2.15,4.54
South Africa,2019,845000000,37526450000000,44410,1.6,7.13,69.3,0.601,12.06,-1.14
South Africa,2019,447000000,21822540000000,48820,2.08,15.0,77.2,0.712,15.94,1.45
South Africa,2019,412000000,34619124000000,84027,6.66,7.67,76.6,0.733,1.98,1.45
South Africa,2019,964000000,14660512000000,15208,0.44,3.71,82.0,0.828,1.18,6.25
South Africa,2019,1253000000,34627908000000,27636,0.84,16.16,80.1,0.625,13.76,6.19
South Africa,2019,406000000,17651256000000,43476,7.94,14.14,81.1,0.774,15.21,6.55
South Africa,2019,1175000000,50643675000000,43101,1.54,16.94,65.2,0.576,12.47,-0.36
South Africa,2019,239000000,14307496000000,59864,9.43,4.24,68.4,0.709,15.01,6.45
South Africa,2019,806000000,63287926000000,78521,5.25,9.37,65.9,0.567,8.6,0.76
South Africa,2019,589000000,15331670000000,26030,10.64,2.46,78.9,0.559,8.56,0.13
South Africa,2019,841000000,35064654000000,41694,6.89,10.28,78.4,0.654,8.38,5.39
South Africa,2019,763000000,19135277000000,25079,4.72,3.05,69.0,0.784,12.26,0.19
South Africa,2019,153000000,7081605000000,46285,6.42,4.48,62.1,0.945,14.76,8.24
South Africa,2019,657000000,10844442000000,16506,9.01,15.63,76.4,0.564,5.85,1.49
South Africa,2019,902000000,4153710000000,4605,6.44,4.97,67.1,0.559,8.34,-1.59
South Africa,2019,483000000,10064754000000,20838,-0.76,15.48,67.2,0.758,11.77,-2.51
South Africa,2019,1123000000,36802956000000,32772,1.53,5.44,74.2,0.694,10.23,-2.96
South Africa,2019,1348000000,79285316000000,58817,3.3,9.86,72.1,0.951,5.01,2.87
South Africa,2019,612000000,32672232000000,53386,6.31,2.95,69.1,0.61,10.94,-0.59
South Africa,2019,866000000,8461686000000,9771,5.65,10.94,66.7,0.581,9.01,4.67
Spain,2019,1210000000,91034350000000,75235,6.71,6.54,63.1,0.883,18.02,-2.81
Spain,2019,869000000,22610511000000,26019,-0.49,5.75,78.3,0.695,19.26,-1.87
Spain,2019,1352000000,111529184000000,82492,7.29,6.18,74.6,0.815,14.64,5.83
Spain,2019,1047000000,46080564000000,44012,0.48,4.0,67.1,0.708,6.79,8.9
Spain,2019,1254000000,31380096000000,25024,0.44,4.82,72.9,0.664,3.02,-1.31
Spain,2019,93000000,661323000000,7111,4.56,4.15,62.7,0.589,14.21,4.75
Spain,2019,710000000,48745760000000,68656,9.46,2.72,71.6,0.932,1.53,-1.21
Spain,2019,987000000,50111964000000,50772,3.56,3.09,81.3,0.874,11.93,2.0
Spain,2019,1144000000,13053040000000,11410,5.5,11.1,69.4,0.884,10.63,-0.17
Spain,2019,1202000000,67180982000000,55891,5.48,7.19,74.5,0.833,4.06,7.63
Spain,2019,843000000,46315263000000,54941,4.44,10.31,79.5,0.62,4.08,2.86
Spain,2019,37000000,1256557000000,33961,4.65,4.05,66.6,0.7,17.97,4.34
Spain,2019,578000000,39501098000000,68341,2.41,7.72,69.2,0.668,6.59,-2.82
Spain,2019,1236000000,85104780000000,68855,7.31,2.66,64.0,0.94,14.46,5.3
Spain,2019,460000000,35885060000000,78011,6.1,4.25,72.4,0.732,1.01,-2.72
Spain,2019,1221000000,23593383000000,19323,8.32,11.65,74.2,0.707,13.45,6.86
Spain,2019,47000000,2645348000000,56284,9.77,13.59,62.2,0.634,1.1,2.51
Spain,2019,744000000,61889640000000,83185,2.4,11.61,71.2,0.636,19.51,-0.8
Spain,2019,177000000,2456937000000,13881,4.11,15.2,80.5,0.736,8.38,-1.33
Spain,2019,215000000,6459890000000,30046,8.46,3.17,68.0,0.617,17.32,7.73
Netherlands,2019,790000000,42050120000000,53228,5.49,15.91,78.7,0.932,4.26,4.55
Netherlands,2019,333000000,15677640000000,47080,10.2,17.19,81.2,0.867,13.59,-2.49
Netherlands,2019,314000000,21464412000000,68358,10.56,5.65,83.2,0.955,10.73,8.36
Netherlands,2019,388000000,21930536000000,56522,9.62,17.8,69.8,0.874,14.02,4.4
Netherlands,2019,479000000,38770739000000,80941,-0.99,15.89,69.6,0.887,17.16,7.28
Netherlands,2019,747000000,51023088000000,68304,11.25,16.71,82.2,0.682,18.46,-1.9
Netherlands,2019,382000000,9833444000000,25742,10.27,10.75,83.9,0.686,1.79,-1.2
Netherlands,2019,882000000,36150534000000,40987,7.5,2.58,83.5,0.666,4.39,2.84
Netherlands,2019,984000000,74482896000000,75694,5.34,13.5,66.2,0.876,6.85,1.79
Netherlands,2019,810000000,40069080000000,49468,8.47,14.7,71.7,0.692,10.69,7.18
Netherlands,2019,361000000,10994616000000,30456,5.17,17.11,78.3,0.928,8.56,2.54
Netherlands,2019,515000000,25474475000000,49465,1.7,7.01,66.9,0.807,11.59,5.85
Netherlands,2019,1024000000,72352768000000,70657,11.86,13.04,74.4,0.781,16.29,4.91
Netherlands,2019,1046000000,62513144000000,59764,8.55,10.21,77.0,0.882,11.19,6.72
Netherlands,2019,1047000000,85092831000000,81273,11.64,3.1,81.6,0.888,11.63,3.02
Netherlands,2019,986000000,63904632000000,64812,3.5,6.91,83.8,0.687,11.78,1.99
Netherlands,2019,1360000000,101423360000000,74576,6.6,6.05,80.0,0.954,16.31,-1.68
Netherlands,2019,1252000000,47704956000000,38103,1.52,3.62,74.0,0.826,5.6,1.16
Netherlands,2019,744000000,45988872000000,61813,11.42,10.91,63.1,0.823,7.41,4.27
Netherlands,2019,362000000,26929542000000,74391,4.16,5.9,77.6,0.938,7.67,3.04
Turkey,2019,1307000000,53769980000000,41140,3.66,6.29,77.1,0.677,10.19,4.55
Turkey,2019,1143000000,81668493000000,71451,11.65,7.58,66.9,0.717,18.0,7.27
Turkey,2019,127000000,3076194000000,24222,1.39,12.77,70.5,0.614,3.12,6.72
Turkey,2019,361000000,17013569000000,47129,6.1,11.23,81.2,0.754,17.38,2.34
Turkey,2019,889000000,63272797000000,71173,3.97,5.7,68.2,0.741,6.27,6.61
Turkey,2019,439000000,26936162000000,61358,5.39,11.6,62.2,0.941,5.98,2.45
Turkey,2019,249000000,10387782000000,41718,6.89,6.24,76.1,0.598,14.78,-1.48
Turkey,2019,404000000,16402400000000,40600,5.58,16.24,79.9,0.826,5.56,-1.92
Turkey,2019,243000000,11529864000000,47448,0.25,12.8,78.1,0.938,7.96,1.36
Turkey,2019,158000000,8864906000000,56107,-0.88,17.28,71.5,0.877,4.55,3.5
Turkey,2019,1107000000,20147400000000,18200,0.15,16.64,63.3,0.886,11.52,4.46
Turkey,2019,460000000,2823020000000,6137,2.24,16.88,71.6,0.903,5.03,1.48
Turkey,2019,439000000,23149787000000,52733,-0.55,4.27,65.5,0.762,9.91,-1.73
Turkey,2019,1305000000,90540900000000,69380,10.62,16.11,75.8,0.696,9.2,6.72
Turkey,2019,822000000,66989712000000,81496,10.09,3.09,78.3,0.6,5.83,-1.97
Turkey,2019,994000000,48589702000000,48883,9.31,9.98,64.6,0.763,18.03,5.66
Turkey,2019,8000000,61216000000,7652,11.84,17.18,75.5,0.559,14.41,4.5
Turkey,2019,13000000,879775000000,67675,4.77,2.28,63.4,0.828,15.42,0.9
Turkey,2019,325000000,12154025000000,37397,8.88,14.44,70.8,0.844,7.18,2.8
Turkey,2019,1140000000,95003040000000,83336,0.8,9.47,63.6,0.627,18.03,-2.27
Nigeria,2019,1134000000,63895230000000,56345,7.77,8.67,63.0,0.769,2.61,-0.11
Nigeria,2019,878000000,21495196000000,24482,11.75,2.9,73.2,0.671,19.12,2.55
Nigeria,2019,350000000,13011250000000,37175,3.1,14.98,80.3,0.606,10.83,8.03
Nigeria,2019,1121000000,42093550000000,37550,11.09,7.81,70.7,0.918,6.46,-1.74
Nigeria,2019,1281000000,101596110000000,79310,7.13,6.99,67.9,0.642,19.56,1.04
Nigeria,2019,1205000000,82587085000000,68537,10.36,12.52,69.8,0.841,5.78,3.05
Nigeria,2019,1289000000,68305399000000,52991,2.19,14.07,74.5,0.807,2.36,3.31
Nigeria,2019,194000000,16312684000000,84086,2.08,14.2,73.1,0.65,14.36,-1.38
Nigeria,2019,1003000000,47397768000000,47256,4.72,4.88,72.3,0.792,7.19,-0.2
Nigeria,2019,264000000,2460216000000,9319,9.58,6.93,84.2,0.624,4.07,8.39
Nigeria,2019,176000000,12955360000000,73610,9.77,17.7,78.1,0.642,13.6,1.28
Nigeria,2019,371000000,27425433000000,73923,1.55,2.42,74.1,0.924,16.24,-1.08
Nigeria,2019,919000000,54370797000000,59163,6.82,9.11,69.1,0.872,5.58,-1.47
Nigeria,2019,1362000000,91026546000000,66833,8.2,8.66,71.9,0.591,15.07,7.41
Nigeria,2019,73000000,640794000000,8778,0.08,3.77,77.7,0.604,4.01,2.11
Nigeria,2019,1301000000,44668534000000,34334,9.43,8.67,80.0,0.706,8.79,7.0
Nigeria,2019,967000000,77321320000000,79960,5.56,10.77,69.4,0.859,1.11,0.86
Nigeria,2019,883000000,37463924000000,42428,10.82,14.38,80.1,0.788,4.34,4.82
Nigeria,2019,1189000000,25272195000000,21255,-0.01,15.04,62.0,0.756,19.2,5.55
Nigeria,2019,1380000000,29336040000000,21258,10.54,6.81,78.5,0.853,8.91,7.57
USA,2020,100000000,3924200000000,39242,6.21,8.88,62.8,0.678,18.57,1.23
USA,2020,1046000000,79384078000000,75893,1.86,10.67,74.2,0.831,7.2,1.87
USA,2020,1297000000,92719936000000,71488,1.97,11.42,71.0,0.624,1.72,-2.56
USA,2020,279000000,10724760000000,38440,-0.4,3.92,70.9,0.596,15.91,8.06
USA,2020,1225000000,72758875000000,59395,11.36,7.37,79.9,0.806,11.64,-2.56
USA,2020,635000000,39427150000000,62090,4.58,2.73,64.3,0.888,2.67,3.72
USA,2020,493000000,34758472000000,70504,2.97,9.91,78.1,0.695,16.95,2.24
USA,2020,1062000000,19264680000000,18140,-0.48,10.59,74.0,0.774,4.08,8.35
USA,2020,717000000,37422381000000,52193,9.59,11.69,82.6,0.855,7.95,1.43
USA,2020,30000000,675930000000,22531,3.91,16.77,80.3,0.835,7.1,0.3
USA,2020,598000000,16808584000000,28108,5.02,5.56,65.4,0.882,4.22,-0.95
USA,2020,1093000000,9447892000000,8644,-0.73,3.01,82.8,0.696,16.51,8.73
USA,2020,42000000,309834000000,7377,9.97,17.11,62.2,0.782,15.83,7.17
USA,2020,305000000,25556255000000,83791,11.93,17.76,76.8,0.91,5.59,2.19
USA,2020,228000000,14430348000000,63291,9.99,5.9,71.3,0.676,14.95,7.81
USA,2020,88000000,3457784000000,39293,11.87,12.33,74.0,0.658,11.36,1.9
USA,2020,16000000,1042880000000,65180,7.53,5.03,73.6,0.722,4.94,4.66
USA,2020,249000000,10639521000000,42729,10.39,10.55,82.9,0.797,9.31,5.89
USA,2020,146000000,11202288000000,76728,9.15,4.76,62.1,0.944,15.8,3.76
USA,2020,463000000,12361637000000,26699,11.26,4.55,70.0,0.77,12.94,-1.18
China,2020,561000000,14159640000000,25240,9.04,17.47,72.9,0.932,17.56,7.81
China,2020,392000000,6255144000000,15957,4.0,12.62,80.7,0.891,2.84,5.13
China,2020,57000000,2388813000000,41909,3.04,2.83,73.8,0.602,13.36,1.9
China,2020,668000000,11403428000000,17071,0.65,3.76,78.6,0.946,9.1,7.03
China,2020,507000000,9990942000000,19706,4.64,15.14,77.3,0.647,8.06,6.21
China,2020,1143000000,81540477000000,71339,0.4,7.77,62.6,0.737,5.01,0.62
China,2020,699000000,54005439000000,77261,10.24,3.33,64.1,0.604,8.85,2.22
China,2020,1307000000,47991733000000,36719,9.81,2.17,66.2,0.623,5.53,1.56
China,2020,444000000,2008656000000,4524,11.42,4.79,80.5,0.792,8.05,3.22
China,2020,651000000,42051345000000,64595,7.77,4.46,74.8,0.928,6.0,6.6
China,2020,19000000,1442138000000,75902,4.69,3.42,62.6,0.847,3.67,-1.01
China,2020,997000000,16717696000000,16768,0.63,16.4,74.5,0.931,10.45,1.34
China,2020,996000000,42681588000000,42853,5.52,16.67,63.9,0.574,1.82,1.78
China,2020,1304000000,22008912000000,16878,4.63,10.75,80.4,0.616,10.54,0.2
China,2020,848000000,19714304000000,23248,2.07,17.75,69.6,0.761,9.68,1.12
China,2020,122000000,1275998000000,10459,-0.49,16.62,84.5,0.802,3.1,-0.68
China,2020,659000000,21307447000000,32333,-0.56,7.47,68.5,0.684,16.84,3.7
China,2020,160000000,6677120000000,41732,5.82,13.03,84.8,0.843,17.85,8.4
China,2020,791000000,11507468000000,14548,9.08,11.58,70.8,0.892,13.96,7.8
China,2020,978000000,54226188000000,55446,6.9,15.54,69.7,0.778,8.1,-0.94
India,2020,392000000,917672000000,2341,2.61,10.48,77.9,0.792,13.85,5.15
India,2020,1275000000,83503575000000,65493,10.27,7.16,73.9,0.552,7.43,6.76
India,2020,817000000,4087451000000,5003,1.73,6.28,83.7,0.899,18.93,3.62
India,2020,1145000000,56080955000000,48979,0.17,17.21,72.3,0.677,12.37,3.1
India,2020,757000000,51264040000000,67720,11.05,15.1,82.4,0.658,14.42,-1.73
India,2020,943000000,2867663000000,3041,5.91,8.61,80.5,0.677,12.04,4.52
India,2020,1364000000,56817420000000,41655,6.09,10.18,74.1,0.595,6.66,-2.18
India,2020,1260000000,50330700000000,39945,5.56,9.93,74.4,0.552,12.03,4.09
India,2020,526000000,17312764000000,32914,1.03,17.03,73.7,0.601,11.15,-0.22
India,2020,1331000000,111579061000000,83831,8.42,16.83,77.2,0.563,5.15,4.22
India,2020,315000000,5780565000000,18351,5.45,17.05,84.1,0.631,4.63,4.37
India,2020,1122000000,69974652000000,62366,4.49,9.97,66.8,0.721,12.07,6.03
India,2020,114000000,1705668000000,14962,11.39,11.03,73.3,0.915,0.84,5.45
India,2020,626000000,14650904000000,23404,10.05,5.14,81.3,0.776,1.0,2.64
India,2020,1113000000,85136709000000,76493,0.62,7.97,73.2,0.744,18.47,1.64
India,2020,604000000,40296464000000,66716,8.69,4.48,75.4,0.856,16.63,-2.38
India,2020,320000000,14558720000000,45496,11.56,6.87,81.6,0.617,19.74,3.45
India,2020,457000000,17879211000000,39123,10.9,14.64,78.6,0.726,5.01,4.63
India,2020,519000000,2279448000000,4392,8.24,3.0,72.6,0.669,10.91,5.02
India,2020,1233000000,2295846000000,1862,4.14,11.67,64.0,0.955,8.06,-0.35
Germany,2020,80000000,5268560000000,65857,4.64,16.07,63.2,0.861,16.54,-2.59
Germany,2020,184000000,4948864000000,26896,-0.69,12.67,66.0,0.606,5.88,2.37
Germany,2020,609000000,9212952000000,15128,7.26,17.81,79.7,0.895,15.58,4.02
Germany,2020,1378000000,63295674000000,45933,0.98,11.24,72.1,0.849,11.99,5.79
Germany,2020,222000000,13823496000000,62268,11.71,14.57,64.5,0.554,16.34,6.31
Germany,2020,784000000,21133504000000,26956,11.07,12.12,73.8,0.567,9.95,1.55
Germany,2020,898000000,38037484000000,42358,3.48,15.58,70.5,0.59,5.4,7.04
Germany,2020,1064000000,50477224000000,47441,9.34,2.09,67.0,0.903,16.38,0.69
Germany,2020,122000000,7169696000000,58768,3.18,12.38,81.5,0.958,3.89,2.51
Germany,2020,1330000000,52645390000000,39583,4.76,10.46,72.5,0.718,11.68,1.74
Germany,2020,611000000,44959213000000,73583,4.41,14.49,65.6,0.744,5.03,8.13
Germany,2020,21000000,989625000000,47125,2.62,9.78,70.8,0.943,9.33,3.3
Germany,2020,218000000,15068160000000,69120,-0.43,6.56,71.4,0.948,17.84,3.6
Germany,2020,1371000000,74157390000000,54090,7.07,15.0,70.5,0.816,4.74,-0.27
Germany,2020,551000000,29996440000000,54440,11.69,15.3,84.1,0.851,12.27,4.26
Germany,2020,1166000000,94372542000000,80937,4.6,11.98,62.6,0.929,13.49,6.51
Germany,2020,222000000,12591396000000,56718,4.38,6.78,81.4,0.862,3.59,8.63
Germany,2020,425000000,2007275000000,4723,0.74,10.97,72.1,0.941,1.4,7.89
Germany,2020,1340000000,57771420000000,43113,5.71,11.2,77.3,0.63,7.72,5.62
Germany,2020,430000000,31680680000000,73676,4.46,16.19,64.7,0.628,18.98,-0.08
Japan,2020,706000000,56403046000000,79891,11.34,6.02,64.6,0.817,1.42,7.51
Japan,2020,146000000,5149420000000,35270,10.77,15.32,62.9,0.772,16.4,3.97
Japan,2020,731000000,12810044000000,17524,3.57,7.34,69.4,0.579,13.02,2.9
Japan,2020,1257000000,8723580000000,6940,3.23,16.45,79.8,0.778,7.98,7.23
Japan,2020,897000000,50397945000000,56185,2.65,13.7,77.5,0.834,12.84,3.17
Japan,2020,1149000000,20066136000000,17464,-0.84,14.17,65.3,0.615,3.46,6.19
Japan,2020,844000000,55261744000000,65476,-0.34,3.07,67.4,0.561,5.15,-0.62
Japan,2020,731000000,57872539000000,79169,1.82,8.23,71.4,0.884,2.9,7.77
Japan,2020,1383000000,3594417000000,2599,6.64,4.69,65.6,0.642,7.15,4.65
Japan,2020,481000000,18223647000000,37887,3.15,5.49,82.0,0.57,15.48,7.42
Japan,2020,768000000,2312448000000,3011,10.26,11.73,70.3,0.773,7.38,0.1
Japan,2020,360000000,802440000000,2229,2.05,9.43,67.5,0.691,4.07,-0.14
Japan,2020,1377000000,103084974000000,74862,3.55,11.05,73.5,0.657,10.95,-2.91
Japan,2020,1202000000,27707302000000,23051,0.81,12.63,83.0,0.672,15.21,8.38
Japan,2020,1256000000,61069232000000,48622,11.03,3.25,76.9,0.572,9.74,-2.55
Japan,2020,1116000000,52341516000000,46901,11.03,9.35,83.7,0.618,3.88,8.81
Japan,2020,843000000,37075140000000,43980,3.27,9.82,70.2,0.752,1.25,0.45
Japan,2020,660000000,53718060000000,81391,8.11,11.92,72.7,0.805,14.07,3.91
Japan,2020,371000000,15160173000000,40863,11.37,9.5,77.8,0.719,19.28,2.47
Japan,2020,959000000,22444436000000,23404,2.68,6.18,74.7,0.92,12.95,2.12
UK,2020,420000000,25293240000000,60222,8.72,3.03,68.9,0.743,6.09,6.4
UK,2020,1154000000,22859586000000,19809,6.64,5.58,74.2,0.857,6.98,-2.77
UK,2020,524000000,35495236000000,67739,6.33,9.0,83.6,0.956,15.53,3.43
UK,2020,1183000000,4598321000000,3887,6.75,5.45,83.2,0.81,0.69,2.18
UK,2020,214000000,15058752000000,70368,4.34,15.3,72.9,0.724,19.16,2.27
UK,2020,438000000,3160608000000,7216,-0.03,15.61,62.3,0.759,19.68,3.88
UK,2020,23000000,1616670000000,70290,2.95,14.0,77.6,0.585,9.51,2.77
UK,2020,342000000,6362226000000,18603,10.21,7.23,67.2,0.61,7.21,7.68
UK,2020,69000000,4330440000000,62760,5.16,2.43,81.3,0.917,5.68,1.6
UK,2020,1200000000,93109200000000,77591,10.24,13.04,64.1,0.871,19.12,7.53
UK,2020,1350000000,40751100000000,30186,0.64,15.86,73.4,0.849,18.55,-0.44
UK,2020,53000000,1285992000000,24264,0.11,9.32,81.7,0.802,10.68,8.96
UK,2020,64000000,3215232000000,50238,4.89,3.13,73.4,0.876,6.47,7.96
UK,2020,992000000,29497120000000,29735,11.93,11.39,68.3,0.721,18.5,5.31
UK,2020,552000000,6258024000000,11337,3.99,3.82,73.6,0.903,6.29,7.57
UK,2020,548000000,39222552000000,71574,5.11,12.59,80.7,0.936,7.45,1.69
UK,2020,797000000,44082867000000,55311,2.48,15.81,79.6,0.793,7.02,5.69
UK,2020,146000000,2872258000000,19673,8.62,8.69,79.5,0.791,7.48,0.8
UK,2020,1034000000,19896228000000,19242,5.93,10.53,84.0,0.933,16.0,6.81
UK,2020,366000000,1898442000000,5187,2.59,8.34,65.1,0.677,19.29,8.25
France,2020,674000000,2995256000000,4444,8.13,17.45,76.7,0.718,3.79,4.83
France,2020,815000000,43600055000000,53497,4.75,12.95,85.0,0.846,17.18,7.44
France,2020,1143000000,13126212000000,11484,10.36,7.65,81.0,0.728,4.7,6.93
France,2020,1249000000,106001381000000,84869,9.85,13.02,64.2,0.628,12.58,8.59
France,2020,59000000,2413513000000,40907,9.33,15.66,65.2,0.569,17.37,0.14
France,2020,1099000000,47036101000000,42799,1.51,9.91,63.4,0.908,17.28,2.24
France,2020,1389000000,29528751000000,21259,11.83,11.59,81.7,0.58,4.95,0.79
France,2020,871000000,17576780000000,20180,5.4,12.99,72.5,0.789,6.05,-0.59
France,2020,1286000000,95237302000000,74057,-0.19,10.55,84.2,0.923,10.51,-0.04
France,2020,1310000000,62135920000000,47432,5.85,5.75,64.2,0.867,7.82,0.16
France,2020,435000000,22042755000000,50673,3.95,7.58,77.6,0.937,10.9,4.76
France,2020,226000000,9595734000000,42459,1.74,6.57,69.1,0.909,10.9,3.67
France,2020,1083000000,50995221000000,47087,0.31,7.13,75.3,0.89,4.26,6.6
France,2020,1357000000,13768122000000,10146,9.9,9.67,74.2,0.674,17.05,0.5
France,2020,440000000,2614040000000,5941,4.08,5.46,79.8,0.689,17.3,0.33
France,2020,728000000,29529136000000,40562,6.66,7.04,76.3,0.574,7.57,1.24
France,2020,1215000000,70619445000000,58123,9.43,9.9,83.9,0.613,14.79,1.77
France,2020,439000000,5302681000000,12079,3.35,7.99,73.2,0.751,15.94,6.51
France,2020,823000000,24448038000000,29706,9.0,11.55,62.8,0.889,17.75,4.68
France,2020,1042000000,50312970000000,48285,6.57,2.88,73.9,0.633,9.6,4.22
Canada,2020,456000000,7658976000000,16796,-0.15,9.92,77.6,0.765,16.41,8.98
Canada,2020,534000000,24302874000000,45511,4.08,11.28,69.2,0.647,17.25,0.2
Canada,2020,1217000000,63403266000000,52098,8.24,12.46,77.5,0.895,3.59,0.3
Canada,2020,133000000,10314150000000,77550,3.36,10.15,71.4,0.658,3.85,0.73
Canada,2020,122000000,7252046000000,59443,2.66,3.01,82.2,0.815,10.18,0.87
Canada,2020,1394000000,64590990000000,46335,0.26,12.9,65.0,0.683,13.88,4.69
Canada,2020,557000000,18032875000000,32375,-0.23,13.65,79.1,0.826,1.33,0.03
Canada,2020,34000000,1962208000000,57712,6.67,10.69,84.0,0.95,5.23,6.65
Canada,2020,1384000000,31386352000000,22678,-0.44,12.61,69.7,0.744,13.44,-1.38
Canada,2020,259000000,10671318000000,41202,7.19,14.95,76.7,0.691,18.25,0.05
Canada,2020,1268000000,48769816000000,38462,1.93,10.32,64.9,0.677,1.94,-0.83
Canada,2020,46000000,3139086000000,68241,3.44,14.39,72.5,0.568,11.24,1.42
Canada,2020,329000000,2032891000000,6179,11.73,10.25,84.7,0.612,16.47,7.56
Canada,2020,1123000000,51490673000000,45851,4.77,8.42,71.7,0.777,19.69,-0.62
Canada,2020,843000000,14341116000000,17012,1.79,5.04,73.2,0.624,10.21,5.73
Canada,2020,206000000,1886754000000,9159,5.83,6.61,83.8,0.748,3.69,3.53
Canada,2020,1057000000,12532849000000,11857,0.24,2.65,73.4,0.844,7.52,4.72
Canada,2020,535000000,13132110000000,24546,5.94,16.71,71.4,0.705,0.68,1.52
Canada,2020,716000000,41437784000000,57874,9.49,10.49,82.3,0.57,8.32,1.8
Canada,2020,1112000000,13031528000000,11719,6.09,10.82,83.9,0.844,16.31,8.97
Brazil,2020,90000000,2163150000000,24035,8.66,17.8,82.4,0.831,12.99,4.72
Brazil,2020,775000000,24410950000000,31498,1.86,10.12,67.5,0.928,0.59,-2.18
Brazil,2020,557000000,38116624000000,68432,4.77,5.88,84.0,0.69,14.89,4.68
Brazil,2020,799000000,44752789000000,56011,0.26,9.41,66.0,0.723,9.68,-2.05
Brazil,2020,113000000,5309870000000,46990,11.4,3.42,62.3,0.86,7.98,4.43
Brazil,2020,395000000,22799795000000,57721,5.21,12.79,77.6,0.878,11.06,-2.7
Brazil,2020,1361000000,86385392000000,63472,2.14,15.67,75.4,0.832,13.89,7.22
Brazil,2020,1061000000,36916434000000,34794,-0.3,6.13,62.5,0.649,5.64,7.32
Brazil,2020,102000000,2591004000000,25402,10.29,7.3,74.7,0.636,3.73,-2.66
Brazil,2020,167000000,12809735000000,76705,5.7,9.52,75.3,0.689,2.6,-2.75
Brazil,2020,849000000,37880682000000,44618,8.81,14.62,77.7,0.917,13.58,2.74
Brazil,2020,812000000,63881664000000,78672,-0.92,14.22,83.7,0.731,11.28,-1.51
Brazil,2020,1298000000,79525864000000,61268,3.17,3.5,81.2,0.911,11.19,-1.34
Brazil,2020,428000000,32538700000000,76025,8.74,9.37,64.8,0.671,12.65,8.05
Brazil,2020,107000000,1564661000000,14623,0.73,4.95,80.9,0.633,4.76,-0.08
Brazil,2020,1218000000,52372782000000,42999,8.37,9.98,83.3,0.911,3.03,5.09
Brazil,2020,378000000,27889218000000,73781,11.97,4.73,64.9,0.641,3.55,7.45
Brazil,2020,1312000000,88647904000000,67567,6.1,11.9,66.2,0.709,14.8,7.65
Brazil,2020,456000000,18120528000000,39738,1.62,16.86,62.8,0.836,9.45,-0.28
Brazil,2020,1225000000,37818200000000,30872,2.12,10.19,72.6,0.72,17.88,3.2
Australia,2020,435000000,1275420000000,2932,1.76,8.5,72.3,0.791,13.46,7.44
Australia,2020,818000000,39308990000000,48055,3.87,7.6,68.1,0.652,17.46,7.49
Australia,2020,1195000000,38905615000000,32557,3.49,6.74,69.2,0.779,3.24,8.88
Australia,2020,638000000,20993390000000,32905,4.44,10.93,75.1,0.599,2.73,7.02
Australia,2020,1075000000,71969100000000,66948,0.03,3.21,81.3,0.944,8.66,7.65
Australia,2020,1308000000,55913076000000,42747,11.34,15.3,71.6,0.568,11.74,3.54
Australia,2020,1103000000,40507675000000,36725,11.59,13.07,66.2,0.738,18.98,8.1
Australia,2020,1276000000,51582300000000,40425,2.65,16.3,82.0,0.738,6.27,4.84
Australia,2020,437000000,12860036000000,29428,9.05,5.5,76.0,0.552,9.5,-1.52
Australia,2020,180000000,11619720000000,64554,-0.78,8.5,62.6,0.886,6.07,6.76
Australia,2020,232000000,9462584000000,40787,8.66,11.64,67.2,0.865,4.84,8.11
Australia,2020,297000000,19601406000000,65998,1.29,16.14,83.3,0.558,19.66,7.59
Australia,2020,877000000,7263314000000,8282,1.84,8.49,70.8,0.77,6.82,8.95
Australia,2020,520000000,9180600000000,17655,7.5,14.84,64.3,0.708,13.77,5.86
Australia,2020,342000000,17923878000000,52409,8.37,9.21,82.4,0.63,16.86,7.99
Australia,2020,1250000000,72161250000000,57729,1.2,7.55,70.5,0.911,3.86,1.97
Australia,2020,760000000,54086160000000,71166,5.73,10.53,62.7,0.716,13.46,4.75
Australia,2020,1169000000,6379233000000,5457,8.43,4.6,84.8,0.557,4.29,4.56
Australia,2020,1326000000,93199236000000,70286,4.07,12.89,72.4,0.678,6.62,2.15
Australia,2020,226000000,8221880000000,36380,8.28,4.7,75.3,0.93,16.36,6.81
Italy,2020,384000000,14706432000000,38298,9.47,2.2,67.2,0.663,13.72,8.78
Italy,2020,441000000,29100708000000,65988,5.48,6.59,78.7,0.554,18.18,0.6
Italy,2020,369000000,21919338000000,59402,9.74,13.66,80.1,0.91,9.35,2.16
Italy,2020,282000000,18692934000000,66287,11.63,12.5,72.7,0.589,7.24,-2.75
Italy,2020,1306000000,13736508000000,10518,7.28,8.22,71.7,0.751,10.43,5.32
Italy,2020,442000000,25262952000000,57156,1.31,15.85,68.2,0.831,13.44,4.6
Italy,2020,162000000,4837968000000,29864,11.87,11.67,77.5,0.554,3.0,8.55
Italy,2020,1122000000,65229714000000,58137,11.57,7.05,77.9,0.935,17.27,2.54
Italy,2020,545000000,39590980000000,72644,9.44,5.96,81.6,0.555,17.94,5.07
Italy,2020,943000000,70751404000000,75028,3.45,16.63,71.2,0.842,14.74,1.78
Italy,2020,961000000,18506938000000,19258,4.21,15.17,67.3,0.878,1.98,4.13
Italy,2020,1241000000,41480425000000,33425,1.15,8.96,76.7,0.789,16.85,-0.14
Italy,2020,1132000000,82337152000000,72736,7.71,2.16,70.5,0.751,18.34,-1.87
Italy,2020,887000000,42120082000000,47486,2.41,9.35,74.9,0.618,18.03,-1.2
Italy,2020,660000000,22832040000000,34594,2.99,17.99,67.0,0.63,5.96,-1.72
Italy,2020,778000000,38785634000000,49853,0.02,6.71,78.7,0.818,6.46,0.4
Italy,2020,213000000,10823595000000,50815,8.95,17.06,67.2,0.834,4.15,4.98
Italy,2020,1305000000,20612475000000,15795,10.39,7.44,68.5,0.772,7.52,3.29
Italy,2020,523000000,33508610000000,64070,1.7,11.74,64.6,0.644,2.26,5.28
Italy,2020,328000000,15351712000000,46804,2.56,15.71,74.0,0.741,6.9,3.2
South Korea,2020,721000000,35149471000000,48751,0.66,12.3,67.2,0.873,6.76,5.3
South Korea,2020,459000000,24132384000000,52576,9.1,17.49,67.8,0.832,10.78,5.66
South Korea,2020,1275000000,16008900000000,12556,10.67,10.98,72.2,0.572,6.42,4.94
South Korea,2020,716000000,7769316000000,10851,3.95,2.77,75.9,0.689,3.01,4.41
South Korea,2020,1074000000,9758364000000,9086,0.88,16.4,65.6,0.927,16.73,8.5
South Korea,2020,249000000,5660766000000,22734,9.92,4.73,78.0,0.872,5.72,-0.66
South Korea,2020,974000000,65492734000000,67241,3.08,15.88,68.0,0.604,7.86,2.24
South Korea,2020,410000000,26525770000000,64697,3.53,14.34,84.2,0.916,19.67,2.31
South Korea,2020,546000000,22135932000000,40542,8.9,8.61,69.7,0.599,12.37,7.16
South Korea,2020,1164000000,61776972000000,53073,11.99,8.53,82.2,0.624,6.98,1.67
South Korea,2020,345000000,3705645000000,10741,0.8,16.59,66.3,0.747,5.12,7.56
South Korea,2020,348000000,25656300000000,73725,0.74,10.26,71.7,0.63,18.22,8.19
South Korea,2020,354000000,12183264000000,34416,7.48,9.37,78.7,0.871,6.05,-2.33
South Korea,2020,1137000000,5954469000000,5237,6.69,13.37,74.0,0.886,11.35,5.86
South Korea,2020,27000000,748170000000,27710,5.26,16.47,73.2,0.834,10.86,8.19
South Korea,2020,161000000,4660789000000,28949,2.67,4.66,82.0,0.95,4.23,0.43
South Korea,2020,509000000,5739993000000,11277,6.87,13.35,67.9,0.889,9.31,2.97
South Korea,2020,752000000,60327696000000,80223,4.93,2.53,62.9,0.947,6.13,1.21
South Korea,2020,639000000,22554144000000,35296,0.2,15.92,71.2,0.816,6.32,-1.48
South Korea,2020,453000000,15820119000000,34923,8.97,10.63,77.3,0.849,11.66,5.16
Mexico,2020,401000000,28510298000000,71098,1.39,8.99,81.3,0.642,15.69,6.92
Mexico,2020,1294000000,20320976000000,15704,10.55,4.18,80.4,0.814,15.6,-2.47
Mexico,2020,543000000,3521898000000,6486,8.28,11.55,70.3,0.93,5.72,2.43
Mexico,2020,233000000,17934243000000,76971,4.45,14.34,77.8,0.881,5.26,2.79
Mexico,2020,687000000,54826722000000,79806,7.03,15.8,77.2,0.862,5.99,8.29
Mexico,2020,1205000000,88381930000000,73346,0.01,5.94,72.5,0.58,13.72,3.3
Mexico,2020,184000000,6342480000000,34470,1.57,17.38,68.5,0.728,14.82,6.75
Mexico,2020,705000000,29492970000000,41834,-0.18,15.89,76.6,0.665,9.8,-1.09
Mexico,2020,915000000,43296885000000,47319,10.89,16.83,83.5,0.932,16.0,-1.84
Mexico,2020,219000000,7900206000000,36074,8.95,9.87,65.5,0.761,13.77,7.04
Mexico,2020,896000000,26221440000000,29265,9.94,11.84,75.4,0.79,19.54,4.44
Mexico,2020,1090000000,35150320000000,32248,3.63,4.4,84.5,0.646,7.66,-2.44
Mexico,2020,527000000,2380459000000,4517,5.89,9.41,85.0,0.871,9.2,2.04
Mexico,2020,1175000000,30874300000000,26276,2.95,14.54,69.3,0.952,3.32,-0.9
Mexico,2020,711000000,3151863000000,4433,4.93,15.71,65.7,0.642,12.52,-0.18
Mexico,2020,930000000,16086210000000,17297,1.84,12.16,77.1,0.57,15.87,8.25
Mexico,2020,620000000,41502180000000,66939,9.23,6.93,82.7,0.942,14.28,1.92
Mexico,2020,712000000,1907448000000,2679,1.4,16.11,83.4,0.84,18.4,1.01
Mexico,2020,173000000,9585584000000,55408,5.23,17.98,75.7,0.893,13.16,1.94
Mexico,2020,1003000000,71763647000000,71549,2.14,8.25,84.1,0.928,12.45,5.48
Indonesia,2020,668000000,44791404000000,67053,10.72,3.22,84.4,0.621,1.39,-2.73
Indonesia,2020,833000000,3628548000000,4356,8.61,5.86,83.7,0.864,3.21,6.37
Indonesia,2020,439000000,3527804000000,8036,2.92,4.75,80.3,0.829,12.4,1.37
Indonesia,2020,304000000,8342672000000,27443,4.49,17.55,62.8,0.944,7.15,6.66
Indonesia,2020,1198000000,98722388000000,82406,6.13,9.8,70.1,0.773,7.68,2.99
Indonesia,2020,886000000,17610136000000,19876,7.29,9.21,82.5,0.708,12.09,0.96
Indonesia,2020,378000000,26101278000000,69051,8.92,16.7,78.0,0.849,18.18,8.14
Indonesia,2020,758000000,52795458000000,69651,1.26,8.07,64.4,0.921,8.87,8.72
Indonesia,2020,228000000,13998516000000,61397,0.52,5.66,76.6,0.848,13.58,7.02
Indonesia,2020,1106000000,56951258000000,51493,3.24,14.58,64.4,0.674,10.12,7.29
Indonesia,2020,1204000000,73738980000000,61245,4.99,12.02,83.4,0.704,4.14,3.46
Indonesia,2020,280000000,11698960000000,41782,2.18,12.54,72.3,0.623,0.53,8.67
Indonesia,2020,1307000000,97683873000000,74739,7.02,2.14,63.0,0.76,8.82,-1.11
Indonesia,2020,821000000,26111084000000,31804,9.66,4.78,74.1,0.944,4.15,-2.35
Indonesia,2020,951000000,1558689000000,1639,4.3,10.79,62.1,0.562,1.06,7.54
Indonesia,2020,802000000,7503512000000,9356,2.38,11.83,65.5,0.771,10.75,5.13
Indonesia,2020,253000000,15129906000000,59802,6.66,17.98,64.1,0.848,16.45,8.92
Indonesia,2020,488000000,13738176000000,28152,3.24,16.28,78.1,0.596,12.32,0.58
Indonesia,2020,248000000,3794400000000,15300,7.42,6.5,83.5,0.841,3.7,3.41
Indonesia,2020,14000000,621894000000,44421,-0.49,16.12,76.4,0.71,1.26,5.6
Saudi Arabia,2020,1102000000,32848416000000,29808,8.1,2.72,72.0,0.834,15.9,7.53
Saudi Arabia,2020,248000000,6163048000000,24851,8.88,8.04,68.7,0.558,5.39,4.51
Saudi Arabia,2020,10000000,739640000000,73964,6.05,15.26,66.2,0.654,13.06,0.24
Saudi Arabia,2020,827000000,19527951000000,23613,8.36,6.07,63.0,0.95,10.57,1.42
Saudi Arabia,2020,458000000,32940276000000,71922,-0.81,14.82,67.0,0.8,16.57,-1.54
Saudi Arabia,2020,1115000000,62337420000000,55908,11.1,8.55,76.7,0.864,7.61,-1.7
Saudi Arabia,2020,50000000,619050000000,12381,11.06,9.71,74.7,0.608,10.96,2.28
Saudi Arabia,2020,1341000000,18314037000000,13657,10.44,9.55,68.7,0.904,4.28,8.53
Saudi Arabia,2020,814000000,13009348000000,15982,7.28,17.75,81.2,0.697,5.49,3.1
Saudi Arabia,2020,1029000000,19648755000000,19095,2.7,5.3,69.7,0.719,12.29,7.05
Saudi Arabia,2020,316000000,17849260000000,56485,0.79,14.49,63.7,0.915,5.81,5.36
Saudi Arabia,2020,1365000000,18348330000000,13442,7.76,14.34,68.2,0.731,12.05,5.55
Saudi Arabia,2020,842000000,19122662000000,22711,3.61,12.0,64.1,0.772,8.31,5.21
Saudi Arabia,2020,675000000,5991300000000,8876,7.73,2.5,74.8,0.682,10.5,7.01
Saudi Arabia,2020,175000000,3465700000000,19804,3.71,17.79,69.5,0.615,15.9,0.02
Saudi Arabia,2020,1285000000,99654320000000,77552,8.11,13.16,72.2,0.802,17.79,-1.81
Saudi Arabia,2020,1088000000,22611904000000,20783,1.59,5.89,69.2,0.862,8.89,-2.5
Saudi Arabia,2020,308000000,15269100000000,49575,4.36,2.74,76.4,0.552,8.8,6.94
Saudi Arabia,2020,784000000,59675728000000,76117,8.47,12.76,84.7,0.649,0.54,3.14
Saudi Arabia,2020,654000000,27380364000000,41866,11.64,5.17,76.8,0.899,19.71,1.63
South Africa,2020,865000000,17521440000000,20256,10.9,16.87,73.4,0.934,3.66,4.21
South Africa,2020,1015000000,55861540000000,55036,10.1,16.68,75.5,0.73,13.75,2.98
South Africa,2020,376000000,21818152000000,58027,-0.98,14.22,83.1,0.843,10.88,7.06
South Africa,2020,683000000,44581459000000,65273,2.65,14.56,82.3,0.779,10.8,4.38
South Africa,2020,801000000,52305300000000,65300,4.53,3.11,75.5,0.88,7.38,5.42
South Africa,2020,709000000,46173625000000,65125,1.26,9.13,75.9,0.912,0.91,-1.77
South Africa,2020,399000000,9341787000000,23413,9.3,4.51,74.3,0.674,14.02,2.12
South Africa,2020,563000000,47795322000000,84894,5.91,16.27,81.9,0.769,14.46,8.08
South Africa,2020,1269000000,36916479000000,29091,9.01,3.82,75.1,0.657,10.24,-1.97
South Africa,2020,590000000,40855730000000,69247,5.55,13.61,74.2,0.806,12.89,3.57
South Africa,2020,1059000000,18374709000000,17351,0.11,6.15,62.6,0.905,14.71,1.54
South Africa,2020,1342000000,80278440000000,59820,10.3,5.43,76.9,0.812,6.58,4.62
South Africa,2020,1316000000,58117192000000,44162,0.48,12.43,82.0,0.653,8.13,2.53
South Africa,2020,830000000,51003500000000,61450,8.61,10.32,76.7,0.691,0.54,5.4
South Africa,2020,143000000,6889454000000,48178,10.2,8.72,80.9,0.791,5.5,7.02
South Africa,2020,1141000000,38398073000000,33653,0.77,8.54,72.8,0.559,11.56,-1.02
South Africa,2020,1027000000,13856284000000,13492,4.46,4.51,64.2,0.873,9.48,4.09
South Africa,2020,1045000000,65959355000000,63119,9.49,14.96,64.7,0.578,10.29,8.3
South Africa,2020,1146000000,39151944000000,34164,2.24,17.38,73.9,0.736,16.35,5.56
South Africa,2020,699000000,37715244000000,53956,0.57,3.07,74.8,0.61,9.47,-1.11
Spain,2020,1186000000,42127906000000,35521,9.14,2.71,65.8,0.696,11.85,3.87
Spain,2020,1006000000,6668774000000,6629,2.97,5.73,72.6,0.718,6.97,-0.87
Spain,2020,64000000,261952000000,4093,1.23,5.12,82.1,0.601,15.53,3.97
Spain,2020,69000000,2948232000000,42728,6.97,10.64,84.9,0.702,14.18,-1.43
Spain,2020,763000000,45616718000000,59786,5.93,11.4,63.2,0.645,6.01,3.22
Spain,2020,641000000,32483316000000,50676,11.0,15.29,81.2,0.592,9.58,7.26
Spain,2020,136000000,7723032000000,56787,7.18,3.93,70.2,0.812,14.4,7.88
Spain,2020,1230000000,100300350000000,81545,11.71,7.52,84.4,0.725,13.63,8.96
Spain,2020,948000000,39456708000000,41621,9.92,2.64,84.5,0.881,7.35,8.94
Spain,2020,91000000,6258889000000,68779,10.37,12.72,73.3,0.879,6.48,4.85
Spain,2020,816000000,49844544000000,61084,6.84,4.94,81.6,0.781,15.7,-1.64
Spain,2020,727000000,3978144000000,5472,10.49,5.79,79.8,0.902,6.86,3.78
Spain,2020,1224000000,93836736000000,76664,10.74,16.33,72.7,0.745,1.16,2.18
Spain,2020,419000000,34195847000000,81613,1.82,11.63,63.1,0.951,4.14,-2.59
Spain,2020,1228000000,18206328000000,14826,4.45,3.33,68.6,0.785,3.7,2.89
Spain,2020,995000000,84262570000000,84686,7.63,6.44,66.3,0.741,4.05,3.72
Spain,2020,810000000,23838300000000,29430,1.4,10.47,68.4,0.607,3.14,3.71
Spain,2020,1068000000,88175148000000,82561,11.59,14.59,77.6,0.858,9.22,0.01
Spain,2020,348000000,25562340000000,73455,0.1,12.25,69.1,0.946,3.12,2.89
Spain,2020,263000000,4440492000000,16884,0.67,13.46,80.1,0.614,19.87,-1.2
Netherlands,2020,610000000,24467100000000,40110,2.23,6.07,75.7,0.555,16.22,6.79
Netherlands,2020,42000000,792498000000,18869,8.12,13.52,83.6,0.556,18.29,8.28
Netherlands,2020,753000000,41041512000000,54504,11.59,4.93,70.4,0.744,12.41,3.01
Netherlands,2020,517000000,22123981000000,42793,9.71,9.26,72.3,0.705,11.21,-0.13
Netherlands,2020,995000000,25606325000000,25735,7.75,9.58,63.9,0.606,17.33,6.3
Netherlands,2020,384000000,22363392000000,58238,3.22,12.86,82.0,0.623,14.74,0.38
Netherlands,2020,816000000,33708960000000,41310,0.87,16.36,68.6,0.714,17.0,1.89
Netherlands,2020,1186000000,93125906000000,78521,1.38,9.49,73.7,0.667,19.0,6.14
Netherlands,2020,537000000,16347354000000,30442,5.74,16.02,65.7,0.587,15.53,1.96
Netherlands,2020,571000000,45690849000000,80019,3.48,6.01,63.4,0.702,8.01,-1.54
Netherlands,2020,524000000,13624524000000,26001,10.98,8.58,81.2,0.886,5.49,0.77
Netherlands,2020,985000000,50743260000000,51516,1.17,4.24,71.2,0.729,3.72,5.15
Netherlands,2020,301000000,12012609000000,39909,7.7,17.04,68.2,0.925,15.75,5.17
Netherlands,2020,951000000,48275613000000,50763,11.29,4.84,62.6,0.811,1.77,7.78
Netherlands,2020,632000000,11923944000000,18867,0.28,15.77,64.1,0.621,4.46,-0.07
Netherlands,2020,335000000,25559160000000,76296,10.33,16.73,78.1,0.837,8.93,-0.56
Netherlands,2020,398000000,20198898000000,50751,0.07,3.44,68.5,0.777,1.88,3.75
Netherlands,2020,1026000000,42514362000000,41437,2.84,11.23,65.6,0.709,4.62,6.29
Netherlands,2020,1010000000,24151120000000,23912,8.83,17.07,65.2,0.954,8.91,-2.59
Netherlands,2020,624000000,47744736000000,76514,3.3,13.45,83.0,0.788,15.89,6.29
Turkey,2020,725000000,27718925000000,38233,0.87,6.49,73.5,0.709,6.19,6.33
Turkey,2020,981000000,71396199000000,72779,0.91,17.57,64.7,0.915,19.69,3.79
Turkey,2020,1283000000,26638929000000,20763,9.19,6.65,75.6,0.736,3.7,1.59
Turkey,2020,696000000,13379208000000,19223,0.7,12.99,72.9,0.8,2.99,3.29
Turkey,2020,923000000,45826950000000,49650,6.44,9.59,74.7,0.956,2.73,-2.36
Turkey,2020,721000000,12344962000000,17122,3.05,5.63,66.8,0.84,14.75,8.97
Turkey,2020,1377000000,70688295000000,51335,1.77,2.65,62.5,0.956,17.99,3.4
Turkey,2020,536000000,3969080000000,7405,9.34,13.18,69.7,0.606,0.82,4.99
Turkey,2020,1283000000,36473124000000,28428,6.84,8.54,63.1,0.734,2.68,0.54
Turkey,2020,1205000000,83198020000000,69044,10.61,15.77,78.6,0.934,3.48,5.89
Turkey,2020,1300000000,66137500000000,50875,6.15,3.94,73.5,0.921,14.42,8.16
Turkey,2020,558000000,5664816000000,10152,10.43,5.54,73.2,0.779,14.14,-0.04
Turkey,2020,600000000,29832000000000,49720,-0.46,16.38,72.6,0.953,9.32,3.93
Turkey,2020,1180000000,11160440000000,9458,5.37,10.33,70.1,0.959,6.31,3.38
Turkey,2020,617000000,49597545000000,80385,1.31,14.87,84.6,0.821,6.16,8.31
Turkey,2020,708000000,51793740000000,73155,-0.34,7.16,67.6,0.739,18.19,8.17
Turkey,2020,740000000,1201020000000,1623,5.51,11.89,65.1,0.847,5.68,3.65
Turkey,2020,480000000,40337280000000,84036,5.66,8.33,82.2,0.764,15.45,0.09
Turkey,2020,1038000000,60365928000000,58156,5.86,6.97,71.5,0.558,3.43,0.97
Turkey,2020,1398000000,108613416000000,77692,0.9,17.59,66.9,0.644,13.4,2.47
Nigeria,2020,868000000,64543612000000,74359,2.18,8.2,82.5,0.642,7.99,0.94
Nigeria,2020,232000000,15024320000000,64760,3.64,8.67,79.4,0.688,14.66,5.13
Nigeria,2020,1053000000,25379406000000,24102,3.18,2.32,78.6,0.679,4.23,-0.35
Nigeria,2020,125000000,8862125000000,70897,4.65,4.44,83.0,0.821,11.24,-2.85
Nigeria,2020,9000000,460161000000,51129,8.17,12.91,83.0,0.81,14.63,4.23
Nigeria,2020,236000000,19847600000000,84100,10.99,13.9,70.2,0.802,12.9,-0.96
Nigeria,2020,169000000,10723050000000,63450,7.36,3.02,84.3,0.93,13.32,6.45
Nigeria,2020,1100000000,32338900000000,29399,6.0,2.46,62.5,0.57,14.45,-1.09
Nigeria,2020,1265000000,22128645000000,17493,11.36,7.41,63.0,0.745,18.26,-1.91
Nigeria,2020,262000000,7813364000000,29822,2.15,15.59,62.6,0.776,19.21,5.63
Nigeria,2020,886000000,32020040000000,36140,7.05,15.13,63.7,0.842,17.13,1.17
Nigeria,2020,854000000,40468498000000,47387,10.72,17.58,76.6,0.917,12.42,6.81
Nigeria,2020,1284000000,60661296000000,47244,1.55,16.33,74.6,0.834,4.9,6.68
Nigeria,2020,583000000,9790319000000,16793,9.05,4.96,74.6,0.923,13.3,3.22
Nigeria,2020,1285000000,98416865000000,76589,0.36,9.62,82.9,0.563,14.35,-2.13
Nigeria,2020,1099000000,27178270000000,24730,3.83,16.23,84.6,0.891,5.72,6.29
Nigeria,2020,237000000,9869628000000,41644,8.75,10.32,84.3,0.857,16.3,-2.52
Nigeria,2020,946000000,67751574000000,71619,6.17,17.85,63.2,0.861,16.5,4.84
Nigeria,2020,737000000,6276292000000,8516,3.29,16.31,77.7,0.881,6.86,8.8
Nigeria,2020,311000000,16001883000000,51453,-0.98,10.82,63.2,0.908,15.86,-2.11
USA,2021,23000000,1329538000000,57806,3.82,14.21,83.1,0.626,1.34,6.66
USA,2021,708000000,37503468000000,52971,8.68,13.91,77.9,0.793,1.55,4.69
USA,2021,221000000,13747305000000,62205,10.76,14.22,77.7,0.83,5.77,3.69
USA,2021,9000000,196569000000,21841,3.18,4.96,64.5,0.847,9.13,0.81
USA,2021,1316000000,23299780000000,17705,7.77,16.46,66.3,0.734,1.88,5.82
USA,2021,1151000000,6487036000000,5636,7.29,6.45,78.8,0.566,12.98,0.44
USA,2021,1287000000,36579114000000,28422,10.38,8.19,62.5,0.701,5.64,5.48
USA,2021,682000000,41837290000000,61345,10.01,6.47,82.5,0.931,11.07,-2.58
USA,2021,1079000000,33158749000000,30731,0.74,13.65,64.1,0.681,6.13,-1.12
USA,2021,1320000000,90735480000000,68739,11.82,10.06,83.7,0.659,3.01,0.38
USA,2021,609000000,26962866000000,44274,11.43,8.0,80.0,0.626,10.2,-2.66
USA,2021,946000000,26330964000000,27834,11.5,9.07,83.0,0.929,14.03,0.5
USA,2021,1016000000,32868616000000,32351,10.76,8.36,80.1,0.89,5.58,4.9
USA,2021,1296000000,66584592000000,51377,-0.77,3.1,75.6,0.955,1.87,0.32
USA,2021,901000000,11477839000000,12739,4.52,12.07,74.0,0.575,3.85,8.34
USA,2021,362000000,12684842000000,35041,10.29,2.48,83.1,0.725,4.35,4.57
USA,2021,1180000000,85397780000000,72371,2.29,11.78,76.8,0.552,19.74,0.13
USA,2021,1065000000,86414100000000,81140,9.28,9.66,64.9,0.956,17.45,2.92
USA,2021,667000000,54435204000000,81612,-0.93,7.01,84.5,0.86,3.37,4.79
USA,2021,180000000,11883060000000,66017,6.37,9.79,69.2,0.68,12.54,3.68
China,2021,930000000,36368580000000,39106,9.96,10.56,75.3,0.772,13.63,8.74
China,2021,1356000000,8419404000000,6209,1.92,5.72,73.3,0.824,15.98,0.27
China,2021,395000000,4797670000000,12146,0.17,14.17,62.7,0.554,9.1,6.68
China,2021,551000000,9789066000000,17766,3.56,3.74,65.1,0.63,15.97,5.52
China,2021,482000000,13445872000000,27896,5.77,14.31,77.3,0.904,12.77,2.82
China,2021,273000000,13892970000000,50890,0.67,17.86,81.3,0.687,19.34,4.1
China,2021,1119000000,43314252000000,38708,0.52,7.04,62.9,0.799,15.99,4.33
China,2021,1187000000,45561808000000,38384,7.15,13.9,63.4,0.797,15.76,-2.02
China,2021,602000000,39697686000000,65943,3.76,7.21,64.7,0.82,3.96,3.91
China,2021,565000000,33780785000000,59789,5.38,6.78,78.4,0.699,9.83,1.93
China,2021,300000000,21755700000000,72519,4.55,2.27,70.8,0.608,19.82,4.49
China,2021,1245000000,4101030000000,3294,10.55,2.81,69.9,0.849,14.56,3.66
China,2021,708000000,30616044000000,43243,6.52,8.05,66.8,0.687,16.44,7.29
China,2021,746000000,24093562000000,32297,4.87,16.15,75.9,0.927,15.11,-1.15
China,2021,1029000000,81382581000000,79089,-0.5,5.3,72.2,0.864,4.25,4.85
China,2021,54000000,991224000000,18356,1.03,6.91,63.8,0.881,11.72,6.94
China,2021,962000000,77877748000000,80954,6.24,2.45,83.5,0.679,13.02,7.2
China,2021,838000000,57768368000000,68936,3.48,14.22,80.5,0.923,8.38,1.07
China,2021,1038000000,82501278000000,79481,1.96,14.86,70.9,0.908,16.85,-2.7
China,2021,976000000,14165664000000,14514,11.78,3.3,64.7,0.558,3.8,7.14
India,2021,66000000,2483844000000,37634,3.49,9.35,65.9,0.737,14.84,-2.14
India,2021,669000000,17539842000000,26218,7.06,11.0,68.5,0.696,18.7,2.79
India,2021,595000000,35363230000000,59434,5.12,3.85,75.1,0.936,13.18,-2.95
India,2021,882000000,24142986000000,27373,4.21,12.39,79.7,0.869,3.45,-0.96
India,2021,519000000,1416870000000,2730,7.81,2.03,76.5,0.737,18.93,8.88
India,2021,1341000000,68987745000000,51445,5.2,12.73,78.7,0.588,7.2,0.44
India,2021,1240000000,65568720000000,52878,2.12,17.29,78.8,0.807,11.55,4.81
India,2021,51000000,1447941000000,28391,10.57,9.8,66.6,0.697,14.57,6.42
India,2021,448000000,23261504000000,51923,3.01,3.35,73.7,0.573,9.8,2.81
India,2021,925000000,17424225000000,18837,-0.09,14.04,69.8,0.58,19.38,-1.96
India,2021,964000000,65007340000000,67435,8.03,10.67,71.1,0.853,5.28,5.42
India,2021,864000000,26485056000000,30654,11.84,10.52,64.9,0.604,9.83,6.61
India,2021,1073000000,32626711000000,30407,-0.88,6.63,75.5,0.793,9.51,2.82
India,2021,569000000,7339531000000,12899,2.76,2.7,75.6,0.701,19.64,-2.7
India,2021,853000000,32845618000000,38506,10.07,9.57,66.1,0.908,18.9,4.02
India,2021,1139000000,4929592000000,4328,9.72,11.47,75.8,0.59,11.43,0.56
India,2021,482000000,9058708000000,18794,11.1,6.13,66.6,0.902,10.94,7.52
India,2021,361000000,29538103000000,81823,10.73,8.7,82.4,0.8,7.13,1.27
India,2021,231000000,6442590000000,27890,6.19,3.17,82.8,0.656,6.73,1.63
India,2021,983000000,72849147000000,74109,11.03,3.24,70.1,0.772,10.56,7.49
Germany,2021,1111000000,55956626000000,50366,8.0,9.35,72.0,0.803,10.14,0.75
Germany,2021,670000000,37004770000000,55231,8.93,11.05,71.0,0.753,19.01,5.26
Germany,2021,345000000,15555360000000,45088,0.57,14.05,76.0,0.699,18.77,3.63
Germany,2021,381000000,14746224000000,38704,11.79,4.71,66.6,0.744,6.73,4.06
Germany,2021,221000000,1371526000000,6206,2.79,7.88,83.5,0.571,4.13,1.75
Germany,2021,701000000,55838856000000,79656,10.02,11.31,83.7,0.604,5.65,-0.83
Germany,2021,639000000,28163925000000,44075,1.89,7.01,81.8,0.913,13.83,1.76
Germany,2021,130000000,7197320000000,55364,7.84,3.34,69.8,0.663,3.54,-1.67
Germany,2021,472000000,36100920000000,76485,10.27,11.75,69.4,0.685,18.09,-1.34
Germany,2021,241000000,8806863000000,36543,11.3,6.37,84.0,0.671,2.44,0.85
Germany,2021,1153000000,93844976000000,81392,0.85,17.54,68.0,0.835,17.61,6.14
Germany,2021,278000000,21759616000000,78272,7.48,9.18,64.6,0.883,18.93,-2.55
Germany,2021,164000000,4202664000000,25626,6.36,13.11,84.3,0.878,8.03,5.92
Germany,2021,1121000000,41796485000000,37285,8.36,7.16,66.8,0.844,15.18,0.54
Germany,2021,83000000,1684236000000,20292,3.59,10.74,69.0,0.865,9.69,-0.4
Germany,2021,1118000000,55096158000000,49281,0.79,13.34,84.4,0.645,3.94,3.95
Germany,2021,503000000,25302912000000,50304,0.46,10.05,66.3,0.829,10.35,-0.33
Germany,2021,618000000,45076302000000,72939,5.4,14.51,82.5,0.839,13.83,2.0
Germany,2021,594000000,10403316000000,17514,11.61,4.07,79.5,0.915,17.54,-1.06
Germany,2021,886000000,2836972000000,3202,3.25,8.0,62.0,0.646,9.82,1.06
Japan,2021,1267000000,84465822000000,66666,0.97,8.16,83.4,0.64,19.76,-2.97
Japan,2021,1060000000,28908320000000,27272,11.95,17.63,73.5,0.884,4.02,6.82
Japan,2021,352000000,22258368000000,63234,10.16,14.29,77.7,0.868,6.87,6.71
Japan,2021,1376000000,44382880000000,32255,5.9,16.0,83.8,0.896,10.7,-1.74
Japan,2021,1006000000,64914162000000,64527,6.07,8.76,62.2,0.932,17.71,0.4
Japan,2021,1238000000,69122492000000,55834,4.11,2.68,78.0,0.651,0.69,-2.98
Japan,2021,308000000,2755368000000,8946,11.75,17.77,72.7,0.63,19.04,1.48
Japan,2021,601000000,35342406000000,58806,0.49,6.93,76.5,0.639,7.38,2.58
Japan,2021,705000000,39649200000000,56240,7.42,17.01,74.3,0.878,5.04,7.71
Japan,2021,918000000,14767866000000,16087,4.63,4.17,73.0,0.627,8.91,0.45
Japan,2021,125000000,8213750000000,65710,3.91,17.63,82.9,0.706,7.25,-2.23
Japan,2021,832000000,32333184000000,38862,7.75,8.71,64.7,0.955,1.24,2.02
Japan,2021,669000000,25531716000000,38164,8.49,8.16,63.3,0.71,1.04,4.05
Japan,2021,565000000,18333685000000,32449,11.47,11.03,74.8,0.784,0.95,0.77
Japan,2021,961000000,49253172000000,51252,6.02,16.4,78.2,0.688,19.71,4.31
Japan,2021,154000000,5591894000000,36311,5.77,6.72,71.2,0.801,16.88,5.68
Japan,2021,1175000000,53733925000000,45731,0.45,11.37,82.2,0.686,19.48,-2.15
Japan,2021,1258000000,55252618000000,43921,1.93,11.39,67.5,0.767,4.16,8.1
Japan,2021,1055000000,77083575000000,73065,1.22,10.78,66.7,0.929,16.94,-1.53
Japan,2021,302000000,2493010000000,8255,2.33,3.95,66.0,0.566,17.36,-1.35
UK,2021,152000000,4110992000000,27046,2.65,2.42,80.0,0.863,10.9,8.8
UK,2021,125000000,9699375000000,77595,3.36,17.5,68.9,0.647,19.62,7.35
UK,2021,564000000,10032996000000,17789,0.29,17.3,84.3,0.709,16.04,2.98
UK,2021,612000000,34926840000000,57070,3.51,10.32,69.6,0.839,9.06,7.65
UK,2021,1081000000,36979929000000,34209,9.11,16.05,81.2,0.854,7.71,6.2
UK,2021,200000000,11236800000000,56184,3.09,2.26,70.6,0.759,18.67,3.28
UK,2021,1379000000,11820788000000,8572,2.49,14.31,62.0,0.774,17.39,4.05
UK,2021,263000000,3422945000000,13015,4.08,11.63,63.5,0.649,10.7,-1.22
UK,2021,914000000,7407970000000,8105,7.84,5.67,73.6,0.766,2.12,5.26
UK,2021,22000000,1283634000000,58347,8.05,15.38,62.8,0.791,5.69,-1.04
UK,2021,965000000,52671630000000,54582,1.84,7.55,74.2,0.727,18.62,8.12
UK,2021,108000000,2082024000000,19278,11.86,3.43,65.6,0.75,11.6,-0.57
UK,2021,1052000000,76276312000000,72506,5.38,14.61,66.3,0.857,2.02,3.22
UK,2021,867000000,43638711000000,50333,10.94,6.5,67.4,0.796,0.76,1.11
UK,2021,460000000,18738100000000,40735,-0.6,15.72,78.3,0.861,4.82,6.66
UK,2021,1375000000,5564625000000,4047,11.75,5.68,72.7,0.94,16.93,-2.56
UK,2021,321000000,11139984000000,34704,2.84,4.89,81.4,0.946,16.6,4.06
UK,2021,1212000000,68940984000000,56882,8.26,9.73,62.4,0.893,8.25,-1.0
UK,2021,1220000000,96731360000000,79288,1.41,15.48,68.1,0.706,2.27,-1.79
UK,2021,1397000000,106057446000000,75918,8.24,13.37,72.6,0.795,10.95,-2.29
France,2021,445000000,5243435000000,11783,6.13,8.8,63.3,0.779,8.34,-2.14
France,2021,1257000000,88271568000000,70224,4.04,14.77,71.0,0.805,14.22,4.64
France,2021,131000000,9924298000000,75758,8.67,11.19,66.9,0.72,9.67,7.24
France,2021,208000000,12593984000000,60548,1.45,16.11,68.6,0.747,1.93,5.52
France,2021,491000000,28828574000000,58714,2.92,2.68,71.1,0.616,16.64,2.75
France,2021,1162000000,10950688000000,9424,10.41,14.49,62.6,0.755,17.58,3.45
France,2021,933000000,17925729000000,19213,4.67,6.57,83.2,0.676,3.44,5.08
France,2021,245000000,20493025000000,83645,0.53,6.53,69.1,0.628,9.44,1.53
France,2021,988000000,28087852000000,28429,8.28,6.64,78.0,0.873,9.54,6.23
France,2021,735000000,14849205000000,20203,-0.08,9.27,81.9,0.771,16.05,6.32
France,2021,606000000,12404214000000,20469,11.45,2.5,79.6,0.555,2.76,-2.56
France,2021,389000000,29256301000000,75209,10.18,3.46,62.0,0.891,15.5,-0.34
France,2021,1342000000,41191348000000,30694,11.55,16.52,74.5,0.592,18.56,8.45
France,2021,740000000,18326100000000,24765,8.72,17.77,82.6,0.889,5.32,3.19
France,2021,967000000,53476067000000,55301,4.82,4.6,62.2,0.633,6.96,7.92
France,2021,1131000000,39539760000000,34960,5.13,5.65,76.8,0.911,18.46,0.88
France,2021,1048000000,16095184000000,15358,2.98,7.05,82.7,0.906,18.63,8.09
France,2021,508000000,14934184000000,29398,-0.62,12.95,75.5,0.687,5.29,5.73
France,2021,1242000000,25790130000000,20765,2.92,6.25,67.3,0.947,11.58,3.71
France,2021,430000000,11497770000000,26739,-0.09,8.91,84.3,0.95,14.22,6.39
Canada,2021,1278000000,57548340000000,45030,4.33,2.49,73.2,0.552,2.28,3.18
Canada,2021,817000000,56055187000000,68611,0.51,9.17,66.5,0.572,9.14,7.25
Canada,2021,320000000,20056320000000,62676,2.13,13.89,67.0,0.645,15.79,3.75
Canada,2021,1028000000,62480812000000,60779,-1.0,8.14,69.5,0.717,10.4,6.46
Canada,2021,1083000000,30852504000000,28488,10.03,12.45,76.4,0.664,2.54,2.0
Canada,2021,1335000000,99599010000000,74606,8.86,3.38,69.3,0.661,12.84,7.67
Canada,2021,752000000,13833792000000,18396,-0.8,6.03,74.4,0.918,14.77,7.71
Canada,2021,399000000,14648487000000,36713,9.08,9.0,66.3,0.852,9.83,6.05
Canada,2021,1160000000,54011920000000,46562,8.0,4.55,70.0,0.946,12.09,6.8
Canada,2021,1016000000,17060672000000,16792,-0.94,2.96,69.6,0.612,9.38,2.75
Canada,2021,491000000,22276670000000,45370,2.76,2.43,84.7,0.595,2.41,-2.66
Canada,2021,694000000,6801894000000,9801,5.06,16.45,75.2,0.878,19.62,6.22
Canada,2021,706000000,51233714000000,72569,5.64,16.52,63.4,0.792,9.48,0.65
Canada,2021,710000000,54080700000000,76170,-0.52,9.68,65.8,0.831,5.86,-1.96
Canada,2021,443000000,31500401000000,71107,10.7,9.73,70.3,0.85,18.69,3.62
Canada,2021,884000000,40985776000000,46364,10.64,9.35,62.6,0.65,2.42,2.55
Canada,2021,1277000000,81561990000000,63870,3.6,4.82,78.4,0.914,12.27,4.03
Canada,2021,328000000,6638720000000,20240,-0.12,8.38,65.1,0.667,17.93,9.0
Canada,2021,763000000,4616150000000,6050,8.96,6.85,83.7,0.889,3.54,5.96
Canada,2021,138000000,3706680000000,26860,4.75,4.21,74.9,0.814,11.01,2.85
Brazil,2021,238000000,1394680000000,5860,9.48,10.55,70.6,0.595,3.64,-1.54
Brazil,2021,1138000000,50013962000000,43949,5.98,4.3,77.8,0.638,5.45,8.87
Brazil,2021,179000000,12230891000000,68329,6.21,4.23,83.4,0.624,2.47,3.17
Brazil,2021,1015000000,60476745000000,59583,0.89,2.23,70.6,0.837,19.47,7.36
Brazil,2021,146000000,3098266000000,21221,9.27,5.23,75.0,0.838,2.09,-1.94
Brazil,2021,1035000000,42770340000000,41324,6.9,5.12,69.8,0.937,13.11,-0.93
Brazil,2021,1261000000,37682463000000,29883,2.46,2.53,62.2,0.878,19.28,-0.17
Brazil,2021,303000000,6796593000000,22431,6.96,3.42,64.2,0.874,16.91,8.09
Brazil,2021,272000000,1895296000000,6968,-0.6,16.28,83.6,0.734,14.95,5.05
Brazil,2021,421000000,16981877000000,40337,2.57,11.95,71.2,0.721,9.41,3.07
Brazil,2021,756000000,34596072000000,45762,10.13,11.51,72.0,0.673,4.56,1.09
Brazil,2021,72000000,4086000000000,56750,9.34,17.19,72.6,0.756,14.64,1.81
Brazil,2021,624000000,16403088000000,26287,11.98,15.71,80.4,0.83,9.05,-1.33
Brazil,2021,210000000,10169040000000,48424,8.78,6.93,81.3,0.862,4.81,1.06
Brazil,2021,177000000,5165214000000,29182,-0.87,13.79,68.7,0.936,1.79,1.48
Brazil,2021,80000000,2086960000000,26087,7.0,2.76,63.9,0.788,3.48,-2.89
Brazil,2021,923000000,61809618000000,66966,1.79,3.58,68.3,0.87,9.39,4.14
Brazil,2021,219000000,8888115000000,40585,2.43,13.53,70.0,0.751,18.99,4.88
Brazil,2021,923000000,3411408000000,3696,5.74,2.57,74.5,0.802,3.8,5.42
Brazil,2021,926000000,52894972000000,57122,11.29,8.07,64.0,0.927,5.99,8.5
Australia,2021,1360000000,14492160000000,10656,3.52,10.03,80.4,0.909,3.16,0.53
Australia,2021,196000000,13203344000000,67364,5.7,6.42,68.4,0.82,19.43,-0.55
Australia,2021,1080000000,17558640000000,16258,4.54,11.1,69.6,0.625,6.2,7.99
Australia,2021,1018000000,4457822000000,4379,11.38,2.29,66.4,0.928,2.66,3.99
Australia,2021,365000000,7619375000000,20875,0.75,9.62,82.0,0.78,0.78,-0.45
Australia,2021,1071000000,45694215000000,42665,3.21,7.06,62.8,0.644,17.02,1.38
Australia,2021,258000000,10236408000000,39676,3.82,8.06,80.6,0.654,5.24,4.6
Australia,2021,1030000000,76270470000000,74049,3.6,12.0,72.4,0.68,8.0,2.31
Australia,2021,631000000,31381523000000,49733,9.08,7.12,82.3,0.933,14.54,2.08
Australia,2021,124000000,1934648000000,15602,10.0,12.74,62.6,0.896,6.9,4.29
Australia,2021,118000000,775024000000,6568,7.43,12.55,70.1,0.687,15.99,7.96
Australia,2021,9000000,365220000000,40580,11.83,16.21,81.1,0.695,10.7,8.06
Australia,2021,891000000,46558314000000,52254,9.69,12.84,80.5,0.573,8.92,-1.75
Australia,2021,464000000,16208448000000,34932,5.38,13.57,66.3,0.634,14.05,0.38
Australia,2021,571000000,19782295000000,34645,5.03,15.25,69.8,0.847,14.78,5.5
Australia,2021,365000000,25736150000000,70510,10.89,4.8,75.5,0.862,10.03,2.84
Australia,2021,935000000,13455585000000,14391,-0.73,15.04,80.5,0.758,19.64,-1.79
Australia,2021,79000000,1333362000000,16878,4.34,3.81,79.9,0.824,14.28,2.74
Australia,2021,67000000,5143992000000,76776,4.48,7.64,71.5,0.553,4.45,7.05
Australia,2021,1351000000,101868102000000,75402,-0.52,8.73,72.1,0.643,9.61,5.61
Italy,2021,1237000000,64967240000000,52520,3.14,14.2,66.8,0.692,1.62,6.44
Italy,2021,460000000,34713440000000,75464,9.8,11.61,80.9,0.834,4.05,5.83
Italy,2021,669000000,39232167000000,58643,5.31,5.74,62.4,0.905,5.41,7.03
Italy,2021,1155000000,74251485000000,64287,10.16,13.99,71.1,0.611,10.63,-1.97
Italy,2021,173000000,8960189000000,51793,0.13,7.09,74.2,0.708,14.06,-2.56
Italy,2021,1363000000,108115886000000,79322,1.93,3.26,65.1,0.613,9.54,-1.14
Italy,2021,29000000,606506000000,20914,3.85,2.67,62.6,0.884,12.17,0.13
Italy,2021,593000000,26141219000000,44083,4.37,8.79,76.2,0.621,12.32,4.64
Italy,2021,1395000000,93230640000000,66832,6.61,2.83,82.6,0.817,12.24,1.34
Italy,2021,184000000,2974912000000,16168,1.27,16.86,78.6,0.811,15.23,3.04
Italy,2021,104000000,5620888000000,54047,2.85,7.17,76.1,0.747,18.75,0.55
Italy,2021,8000000,380936000000,47617,-0.23,12.71,63.3,0.67,15.37,-2.56
Italy,2021,1251000000,48533796000000,38796,-0.0,6.12,79.9,0.803,4.73,6.03
Italy,2021,1236000000,74287308000000,60103,-0.61,17.71,73.5,0.845,3.43,-2.13
Italy,2021,358000000,19256820000000,53790,-0.37,7.13,65.2,0.91,13.31,7.68
Italy,2021,99000000,4983759000000,50341,4.69,15.72,65.2,0.69,12.52,7.4
Italy,2021,451000000,35269553000000,78203,1.91,2.66,75.1,0.814,1.33,-1.45
Italy,2021,958000000,56774912000000,59264,7.17,2.75,82.3,0.776,12.56,4.69
Italy,2021,777000000,10542336000000,13568,6.74,8.26,79.0,0.761,1.53,1.52
Italy,2021,134000000,4284516000000,31974,0.0,9.07,78.9,0.721,0.96,-0.57
South Korea,2021,849000000,3677019000000,4331,2.27,15.24,67.0,0.94,13.83,-0.23
South Korea,2021,866000000,45031134000000,51999,6.57,4.6,82.8,0.608,13.78,3.09
South Korea,2021,472000000,6126560000000,12980,1.77,2.62,83.1,0.884,12.0,5.07
South Korea,2021,1095000000,85354155000000,77949,0.89,12.31,65.7,0.551,5.77,1.64
South Korea,2021,1006000000,9109330000000,9055,2.1,4.38,80.9,0.595,10.73,6.68
South Korea,2021,725000000,30510900000000,42084,7.59,6.38,76.9,0.58,19.25,8.32
South Korea,2021,1390000000,32756740000000,23566,4.95,11.9,80.5,0.914,10.11,0.99
South Korea,2021,397000000,15317451000000,38583,2.79,13.27,64.0,0.802,1.45,6.37
South Korea,2021,459000000,11598012000000,25268,4.83,15.73,79.2,0.598,13.56,1.62
South Korea,2021,477000000,24626079000000,51627,7.01,9.52,73.5,0.811,8.66,6.38
South Korea,2021,1283000000,4029903000000,3141,2.31,5.34,77.0,0.776,3.64,2.17
South Korea,2021,878000000,49290920000000,56140,11.66,11.91,71.6,0.905,0.78,3.71
South Korea,2021,282000000,5636616000000,19988,3.55,5.54,62.9,0.76,12.4,-2.72
South Korea,2021,1127000000,95010608000000,84304,7.41,14.71,62.6,0.661,13.63,7.28
South Korea,2021,745000000,28298825000000,37985,8.88,8.59,76.2,0.829,8.96,-0.39
South Korea,2021,184000000,11592368000000,63002,10.27,2.22,62.6,0.929,8.36,7.0
South Korea,2021,289000000,21369527000000,73943,9.6,9.64,70.5,0.674,9.43,-2.64
South Korea,2021,571000000,20899171000000,36601,11.27,6.2,72.5,0.874,2.35,0.13
South Korea,2021,971000000,69367269000000,71439,4.45,6.69,83.8,0.888,10.29,-2.21
South Korea,2021,1190000000,33372360000000,28044,6.3,2.3,69.4,0.849,10.74,5.62
Mexico,2021,1150000000,77965400000000,67796,5.45,13.93,81.0,0.654,18.92,-1.76
Mexico,2021,931000000,69674178000000,74838,-0.0,16.13,79.0,0.572,7.04,5.43
Mexico,2021,453000000,11716392000000,25864,9.01,6.88,78.1,0.603,3.78,0.08
Mexico,2021,1018000000,7963814000000,7823,3.68,6.47,70.9,0.58,13.34,-1.55
Mexico,2021,994000000,30919364000000,31106,0.38,3.91,75.7,0.588,15.34,5.47
Mexico,2021,522000000,34322544000000,65752,3.65,4.33,72.7,0.669,16.4,-1.44
Mexico,2021,1011000000,55586802000000,54982,7.77,17.12,74.2,0.623,16.02,-1.0
Mexico,2021,143000000,7837830000000,54810,6.39,16.72,62.8,0.946,2.87,7.67
Mexico,2021,1134000000,49890330000000,43995,7.93,12.23,65.7,0.582,16.68,-1.27
Mexico,2021,290000000,6942310000000,23939,6.99,8.98,70.5,0.817,16.55,-0.52
Mexico,2021,1297000000,18177455000000,14015,7.27,11.29,75.9,0.581,12.85,4.25
Mexico,2021,664000000,47126736000000,70974,5.39,11.83,68.4,0.647,3.58,4.14
Mexico,2021,614000000,18884798000000,30757,4.88,7.06,76.2,0.571,9.96,5.76
Mexico,2021,1159000000,38097489000000,32871,10.82,15.54,81.4,0.801,12.76,-2.92
Mexico,2021,1104000000,64185456000000,58139,-0.22,16.49,68.5,0.812,1.64,6.82
Mexico,2021,398000000,25644334000000,64433,-0.2,6.79,77.6,0.792,6.17,1.96
Mexico,2021,23000000,587259000000,25533,5.64,7.31,77.3,0.733,1.29,5.69
Mexico,2021,282000000,3336060000000,11830,8.91,3.6,63.5,0.819,19.2,5.68
Mexico,2021,41000000,3360319000000,81959,0.37,5.23,71.2,0.835,7.25,0.12
Mexico,2021,395000000,18470200000000,46760,5.15,16.39,63.9,0.576,4.14,-2.81
Indonesia,2021,674000000,26539424000000,39376,5.24,14.67,83.9,0.845,10.11,7.22
Indonesia,2021,367000000,24797823000000,67569,7.82,6.58,82.3,0.958,7.5,5.24
Indonesia,2021,1351000000,39984196000000,29596,11.57,17.16,75.5,0.817,7.21,5.0
Indonesia,2021,168000000,12710544000000,75658,6.99,11.12,83.0,0.8,2.78,2.55
Indonesia,2021,688000000,29362464000000,42678,7.12,17.37,75.5,0.692,14.02,3.45
Indonesia,2021,1247000000,97312139000000,78037,4.25,3.53,79.5,0.677,1.78,1.4
Indonesia,2021,447000000,15248064000000,34112,8.24,2.36,81.2,0.791,2.51,5.8
Indonesia,2021,835000000,8983765000000,10759,6.75,6.73,65.5,0.687,11.99,8.81
Indonesia,2021,1366000000,92151726000000,67461,2.31,13.54,82.6,0.617,0.6,3.05
Indonesia,2021,994000000,23290414000000,23431,4.46,7.46,74.9,0.724,3.07,-1.9
Indonesia,2021,407000000,34103751000000,83793,7.45,15.89,78.5,0.753,4.08,-2.48
Indonesia,2021,35000000,1901515000000,54329,9.28,17.18,62.9,0.855,5.85,-2.58
Indonesia,2021,501000000,36390636000000,72636,8.99,15.42,67.6,0.722,7.88,-0.54
Indonesia,2021,1097000000,29572926000000,26958,6.76,10.51,82.6,0.566,4.54,-1.67
Indonesia,2021,791000000,56671986000000,71646,0.59,11.58,68.1,0.56,17.5,6.09
Indonesia,2021,688000000,34689648000000,50421,9.49,10.78,79.8,0.88,5.15,3.7
Indonesia,2021,276000000,4639008000000,16808,-0.71,6.41,68.0,0.678,5.48,0.04
Indonesia,2021,15000000,335250000000,22350,3.05,11.42,82.6,0.862,9.29,-2.52
Indonesia,2021,175000000,5716025000000,32663,1.6,2.45,77.6,0.808,1.4,8.6
Indonesia,2021,945000000,38883915000000,41147,10.69,5.08,77.4,0.934,14.0,0.35
Saudi Arabia,2021,664000000,35364640000000,53260,0.06,15.48,84.6,0.731,13.83,5.8
Saudi Arabia,2021,961000000,66147552000000,68832,10.71,2.99,79.1,0.904,0.55,3.52
Saudi Arabia,2021,1289000000,87345218000000,67762,11.16,13.3,67.7,0.899,10.04,-1.62
Saudi Arabia,2021,811000000,61188328000000,75448,-0.75,16.17,62.5,0.911,3.69,-2.1
Saudi Arabia,2021,1371000000,103776474000000,75694,2.36,2.08,83.3,0.707,17.81,6.99
Saudi Arabia,2021,1397000000,104196642000000,74586,9.68,13.93,79.9,0.745,15.6,2.04
Saudi Arabia,2021,1382000000,56317882000000,40751,2.63,17.54,74.9,0.859,4.23,7.02
Saudi Arabia,2021,717000000,35531652000000,49556,0.72,9.11,66.4,0.736,18.24,1.7
Saudi Arabia,2021,424000000,8680552000000,20473,8.46,7.62,75.5,0.879,5.56,-0.32
Saudi Arabia,2021,234000000,9248148000000,39522,-0.08,16.77,63.5,0.899,15.72,6.05
Saudi Arabia,2021,1358000000,69124916000000,50902,6.72,17.96,80.9,0.575,10.77,-1.06
Saudi Arabia,2021,788000000,30174884000000,38293,0.52,7.5,80.5,0.953,15.4,3.53
Saudi Arabia,2021,1050000000,81317250000000,77445,0.88,16.78,81.4,0.737,2.51,3.74
Saudi Arabia,2021,39000000,707343000000,18137,5.15,9.42,84.9,0.63,16.18,-0.93
Saudi Arabia,2021,739000000,49312731000000,66729,0.49,8.54,70.1,0.655,8.08,8.14
Saudi Arabia,2021,1278000000,74741274000000,58483,1.37,16.08,65.5,0.633,6.95,6.37
Saudi Arabia,2021,1247000000,13972635000000,11205,11.94,13.82,80.1,0.846,15.03,3.32
Saudi Arabia,2021,1054000000,77873736000000,73884,6.96,9.8,70.0,0.824,16.71,4.85
Saudi Arabia,2021,116000000,7320760000000,63110,4.05,8.67,84.7,0.672,6.09,-2.21
Saudi Arabia,2021,70000000,868280000000,12404,3.58,8.7,74.8,0.567,19.01,7.05
South Africa,2021,359000000,16647189000000,46371,4.84,13.57,64.4,0.645,4.99,3.52
South Africa,2021,68000000,3278076000000,48207,6.27,2.43,84.5,0.939,4.74,6.55
South Africa,2021,989000000,60872950000000,61550,2.89,8.63,81.3,0.956,14.06,-1.94
South Africa,2021,1069000000,64343110000000,60190,-0.26,3.54,84.7,0.842,5.37,2.88
South Africa,2021,266000000,6225996000000,23406,8.67,3.88,62.4,0.648,5.19,8.68
South Africa,2021,1202000000,88822992000000,73896,8.52,11.17,75.7,0.743,16.96,2.61
South Africa,2021,321000000,18965964000000,59084,8.15,16.39,79.7,0.623,1.63,6.27
South Africa,2021,1114000000,34779080000000,31220,10.39,14.87,70.2,0.813,16.54,5.53
South Africa,2021,1197000000,93884301000000,78433,11.19,10.7,64.5,0.668,1.09,8.85
South Africa,2021,1198000000,77462680000000,64660,-0.3,6.68,82.8,0.714,8.36,0.28
South Africa,2021,51000000,3493704000000,68504,0.5,5.09,66.1,0.728,14.44,6.94
South Africa,2021,963000000,66981465000000,69555,5.79,3.5,66.5,0.841,3.2,4.21
South Africa,2021,833000000,14313439000000,17183,11.04,14.27,70.2,0.6,11.12,4.63
South Africa,2021,76000000,4911196000000,64621,3.75,13.7,67.7,0.826,17.89,2.1
South Africa,2021,1055000000,29508350000000,27970,11.24,16.3,80.3,0.614,15.23,5.11
South Africa,2021,86000000,4268868000000,49638,4.37,10.15,66.3,0.615,8.46,-2.95
South Africa,2021,690000000,47652780000000,69062,1.05,4.87,80.6,0.951,0.9,0.46
South Africa,2021,621000000,8073000000000,13000,0.57,15.24,82.9,0.925,4.19,7.75
South Africa,2021,689000000,32728878000000,47502,1.76,10.29,83.4,0.668,1.36,5.53
South Africa,2021,199000000,16170939000000,81261,2.18,16.59,67.3,0.708,0.58,5.98
Spain,2021,1308000000,99877572000000,76359,5.67,17.39,83.7,0.697,16.34,0.26
Spain,2021,1045000000,32856890000000,31442,-0.08,13.8,72.0,0.926,11.74,1.5
Spain,2021,969000000,76846545000000,79305,8.39,12.29,77.0,0.681,10.06,7.1
Spain,2021,556000000,13028192000000,23432,0.49,10.45,81.2,0.612,16.65,1.79
Spain,2021,1104000000,88737312000000,80378,9.44,9.98,84.1,0.945,11.67,5.65
Spain,2021,581000000,44709112000000,76952,-0.52,9.95,72.5,0.741,10.73,-1.87
Spain,2021,1306000000,93004178000000,71213,1.74,17.46,73.5,0.656,8.27,-1.88
Spain,2021,1138000000,81574116000000,71682,3.05,2.04,67.1,0.721,18.37,-0.36
Spain,2021,904000000,72739456000000,80464,3.5,8.26,73.8,0.682,12.4,6.08
Spain,2021,798000000,45043110000000,56445,9.9,5.94,77.2,0.792,11.71,0.66
Spain,2021,555000000,1330335000000,2397,10.99,2.43,81.3,0.704,10.6,2.68
Spain,2021,364000000,24208912000000,66508,2.04,5.93,74.4,0.552,14.3,0.82
Spain,2021,166000000,11445036000000,68946,5.05,11.52,66.1,0.602,11.65,7.69
Spain,2021,15000000,1124730000000,74982,3.1,15.44,72.0,0.713,18.42,5.24
Spain,2021,1122000000,51810594000000,46177,8.23,2.24,74.0,0.942,17.91,-1.54
Spain,2021,970000000,40553760000000,41808,8.72,12.64,81.4,0.574,16.72,-2.37
Spain,2021,1213000000,58919049000000,48573,7.32,7.31,77.6,0.676,11.78,8.86
Spain,2021,1172000000,87268292000000,74461,10.08,6.11,65.4,0.737,5.65,4.14
Spain,2021,424000000,20451640000000,48235,6.27,11.19,73.8,0.81,14.55,2.12
Spain,2021,928000000,17776768000000,19156,-0.14,3.37,76.9,0.687,7.01,7.95
Netherlands,2021,502000000,19761230000000,39365,4.39,17.51,77.5,0.796,4.41,6.64
Netherlands,2021,837000000,24741720000000,29560,11.46,7.9,70.9,0.722,18.28,5.91
Netherlands,2021,1248000000,45550752000000,36499,-0.5,4.51,69.7,0.847,7.2,1.24
Netherlands,2021,874000000,2992576000000,3424,10.28,8.88,84.3,0.874,6.31,6.69
Netherlands,2021,424000000,14074680000000,33195,-0.2,17.9,75.8,0.779,14.17,4.02
Netherlands,2021,844000000,58582884000000,69411,3.99,2.92,78.8,0.913,7.66,-0.32
Netherlands,2021,1256000000,85683064000000,68219,3.43,9.48,77.9,0.96,4.29,-2.22
Netherlands,2021,1006000000,27159988000000,26998,3.41,3.2,70.4,0.889,4.75,4.96
Netherlands,2021,724000000,32272300000000,44575,-0.81,11.63,68.6,0.848,10.92,2.04
Netherlands,2021,584000000,35946368000000,61552,5.82,6.5,84.9,0.665,7.4,7.64
Netherlands,2021,885000000,26513715000000,29959,7.08,12.85,64.5,0.662,11.68,7.49
Netherlands,2021,889000000,68116069000000,76621,-0.67,8.77,67.2,0.905,18.12,-0.0
Netherlands,2021,279000000,19296756000000,69164,7.26,12.5,62.5,0.958,15.49,4.6
Netherlands,2021,570000000,4387860000000,7698,9.13,5.31,72.1,0.703,8.97,-2.07
Netherlands,2021,859000000,63771301000000,74239,4.2,13.17,83.2,0.951,1.78,2.42
Netherlands,2021,1163000000,15636535000000,13445,-0.76,14.14,62.8,0.557,18.2,-1.9
Netherlands,2021,1257000000,30162972000000,23996,-0.33,15.17,70.0,0.895,15.84,2.71
Netherlands,2021,1251000000,54127017000000,43267,4.52,3.46,75.6,0.802,1.85,2.76
Netherlands,2021,510000000,27068250000000,53075,1.82,4.69,83.0,0.847,13.64,-1.96
Netherlands,2021,1212000000,77200764000000,63697,5.02,8.27,70.4,0.804,11.78,-2.04
Turkey,2021,933000000,33402333000000,35801,3.08,11.79,84.5,0.598,19.03,1.01
Turkey,2021,1051000000,44049512000000,41912,-0.38,12.37,63.5,0.7,5.54,4.04
Turkey,2021,941000000,34115955000000,36255,0.05,8.03,83.5,0.84,18.35,0.59
Turkey,2021,255000000,15045255000000,59001,-0.3,5.31,82.5,0.566,13.87,-2.58
Turkey,2021,12000000,156228000000,13019,8.87,16.06,68.2,0.607,16.43,6.16
Turkey,2021,536000000,27009040000000,50390,8.12,11.93,63.0,0.949,3.65,4.64
Turkey,2021,637000000,26269243000000,41239,5.31,14.72,65.0,0.664,8.79,0.88
Turkey,2021,1349000000,68786859000000,50991,9.7,12.13,74.3,0.822,6.09,5.44
Turkey,2021,366000000,19717884000000,53874,11.07,14.25,79.0,0.743,12.14,2.45
Turkey,2021,1359000000,16346052000000,12028,3.8,13.62,77.8,0.693,10.83,3.71
Turkey,2021,1078000000,40997418000000,38031,1.81,3.3,82.2,0.948,16.02,-2.14
Turkey,2021,618000000,21159702000000,34239,5.33,11.35,82.6,0.585,16.87,-0.31
Turkey,2021,256000000,1277184000000,4989,1.64,4.31,62.5,0.564,7.79,8.32
Turkey,2021,1357000000,86739440000000,63920,7.07,3.55,78.1,0.658,9.92,8.87
Turkey,2021,809000000,12473971000000,15419,6.18,9.59,79.3,0.797,2.97,2.31
Turkey,2021,469000000,21966084000000,46836,10.49,15.77,81.1,0.744,10.2,-2.11
Turkey,2021,920000000,52483240000000,57047,9.8,7.38,76.1,0.775,4.63,-2.56
Turkey,2021,638000000,49735928000000,77956,11.35,3.95,63.8,0.918,7.73,-1.71
Turkey,2021,1313000000,67236104000000,51208,-0.53,9.72,79.2,0.691,14.74,-1.36
Turkey,2021,1026000000,23088078000000,22503,11.97,8.2,63.8,0.777,3.85,3.16
Nigeria,2021,196000000,848288000000,4328,8.03,8.75,76.9,0.769,8.38,1.04
Nigeria,2021,966000000,57665370000000,59695,-0.86,13.76,76.0,0.69,14.74,5.86
Nigeria,2021,980000000,24361820000000,24859,6.09,3.54,63.0,0.886,5.97,5.78
Nigeria,2021,831000000,34086789000000,41019,8.99,15.9,63.5,0.612,9.23,-1.85
Nigeria,2021,23000000,790234000000,34358,4.39,3.4,83.3,0.891,1.02,4.4
Nigeria,2021,519000000,6468297000000,12463,1.78,7.8,62.0,0.673,2.71,0.64
Nigeria,2021,950000000,67894600000000,71468,6.61,4.01,80.5,0.751,6.58,-1.84
Nigeria,2021,823000000,56087450000000,68150,8.4,12.54,69.8,0.792,4.84,7.89
Nigeria,2021,795000000,30069285000000,37823,6.96,13.74,78.6,0.605,1.35,0.42
Nigeria,2021,1088000000,19259776000000,17702,3.09,6.32,79.3,0.603,4.27,2.61
Nigeria,2021,227000000,6462463000000,28469,9.74,11.68,82.8,0.667,10.58,2.86
Nigeria,2021,676000000,37161072000000,54972,8.66,16.44,78.2,0.599,11.41,2.37
Nigeria,2021,1332000000,49643640000000,37270,10.71,4.29,64.0,0.931,7.29,0.34
Nigeria,2021,1056000000,68223936000000,64606,2.42,11.35,67.1,0.868,17.99,6.97
Nigeria,2021,993000000,33411471000000,33647,4.92,11.54,67.0,0.777,11.02,3.08
Nigeria,2021,124000000,2835012000000,22863,0.38,4.44,66.0,0.86,13.71,3.64
Nigeria,2021,446000000,34269748000000,76838,0.2,7.25,63.7,0.954,9.66,8.72
Nigeria,2021,135000000,6626475000000,49085,2.02,14.9,66.2,0.622,5.63,8.32
Nigeria,2021,855000000,33071400000000,38680,-0.8,9.82,68.4,0.901,2.16,2.01
Nigeria,2021,22000000,967890000000,43995,11.14,6.03,82.1,0.78,0.89,1.76
USA,2022,943000000,43848557000000,46499,10.95,13.19,64.0,0.714,19.86,5.7
USA,2022,922000000,41583122000000,45101,2.39,16.83,65.2,0.714,9.62,4.19
USA,2022,90000000,7033140000000,78146,9.46,16.52,81.5,0.742,3.58,-0.07
USA,2022,523000000,15184782000000,29034,4.71,15.37,63.6,0.767,5.91,1.03
USA,2022,150000000,4831500000000,32210,4.06,7.22,82.0,0.633,1.33,8.51
USA,2022,1003000000,49554218000000,49406,2.59,15.22,73.0,0.708,10.11,4.39
USA,2022,7000000,474145000000,67735,11.55,9.29,75.8,0.882,13.16,-2.76
USA,2022,607000000,28311087000000,46641,9.3,11.06,75.4,0.676,6.58,1.57
USA,2022,927000000,71248293000000,76859,9.61,5.26,78.5,0.676,6.84,0.13
USA,2022,314000000,24092592000000,76728,4.62,2.05,78.2,0.633,1.46,3.07
USA,2022,106000000,1377364000000,12994,10.34,6.1,80.1,0.747,18.83,1.99
USA,2022,494000000,20592390000000,41685,8.43,4.67,73.5,0.807,2.2,1.42
USA,2022,1016000000,12256008000000,12063,5.86,6.32,65.7,0.594,9.95,7.78
USA,2022,575000000,33328725000000,57963,5.94,10.78,67.3,0.628,15.82,3.1
USA,2022,684000000,34324488000000,50182,11.01,15.97,75.5,0.61,1.48,6.1
USA,2022,137000000,6403517000000,46741,7.67,7.79,64.0,0.706,19.92,0.73
USA,2022,520000000,41837120000000,80456,9.89,10.11,75.2,0.6,14.6,0.37
USA,2022,532000000,41814668000000,78599,0.38,15.04,67.5,0.708,6.98,-1.45
USA,2022,1236000000,39461772000000,31927,11.17,6.39,62.9,0.83,17.69,7.2
USA,2022,865000000,19718540000000,22796,9.19,17.84,62.9,0.758,10.72,2.17
China,2022,1208000000,101805408000000,84276,9.11,14.37,84.8,0.933,14.1,0.96
China,2022,991000000,12060470000000,12170,0.57,9.9,73.6,0.85,6.99,1.4
China,2022,1346000000,64562236000000,47966,6.41,11.27,76.8,0.901,14.29,8.11
China,2022,1133000000,69583195000000,61415,11.19,11.5,67.6,0.644,12.77,4.65
China,2022,416000000,26291616000000,63201,6.52,2.18,68.2,0.812,5.92,4.27
China,2022,1150000000,90952350000000,79089,11.49,2.27,62.5,0.665,16.51,1.48
China,2022,849000000,18966660000000,22340,10.03,17.6,80.8,0.909,11.08,2.23
China,2022,812000000,11152820000000,13735,11.47,9.7,64.8,0.616,5.31,1.77
China,2022,1128000000,57013632000000,50544,5.6,9.99,62.6,0.816,12.6,-0.17
China,2022,428000000,15933584000000,37228,10.61,17.5,73.9,0.82,18.21,6.92
China,2022,497000000,19336779000000,38907,1.61,3.03,80.6,0.591,14.5,-2.96
China,2022,489000000,3657720000000,7480,2.97,16.32,79.7,0.603,15.59,0.2
China,2022,798000000,55033272000000,68964,3.97,12.08,76.6,0.855,9.01,6.97
China,2022,922000000,52904360000000,57380,-0.61,16.37,84.7,0.851,7.46,4.87
China,2022,248000000,5649688000000,22781,1.0,7.42,67.5,0.757,14.34,4.05
China,2022,880000000,70658720000000,80294,9.99,7.64,65.8,0.901,10.14,-2.02
China,2022,1400000000,13868400000000,9906,4.96,3.35,78.7,0.618,11.27,7.9
China,2022,639000000,30194667000000,47253,3.57,8.95,76.7,0.767,11.19,-0.67
China,2022,469000000,28647927000000,61083,7.72,11.84,70.7,0.863,4.94,-2.41
China,2022,838000000,46919620000000,55990,0.95,16.7,79.7,0.855,1.97,3.24
India,2022,65000000,2439385000000,37529,9.89,2.25,62.6,0.577,12.21,-0.12
India,2022,536000000,27502160000000,51310,-0.62,4.53,84.3,0.83,4.67,2.79
India,2022,1080000000,87785640000000,81283,0.91,10.69,69.1,0.551,7.95,-2.25
India,2022,1004000000,51799372000000,51593,5.2,4.12,83.0,0.735,6.92,4.53
India,2022,217000000,4504920000000,20760,4.69,10.82,65.4,0.602,3.49,7.3
India,2022,1302000000,14259504000000,10952,10.27,11.62,75.2,0.734,6.85,3.04
India,2022,346000000,3723652000000,10762,11.36,9.44,67.2,0.901,18.22,-0.78
India,2022,219000000,15780921000000,72059,1.26,15.99,81.0,0.908,19.64,1.59
India,2022,1077000000,40051476000000,37188,8.06,17.17,71.2,0.957,11.91,0.02
India,2022,516000000,33075600000000,64100,9.21,6.17,75.2,0.871,12.99,3.6
India,2022,244000000,17837620000000,73105,2.65,2.6,70.5,0.865,10.47,2.98
India,2022,709000000,19610940000000,27660,5.11,7.11,77.4,0.556,10.5,1.58
India,2022,343000000,8660750000000,25250,7.21,5.21,67.3,0.881,7.65,1.58
India,2022,1063000000,77190808000000,72616,3.39,3.9,69.3,0.705,7.03,-2.52
India,2022,1360000000,74808160000000,55006,0.99,13.78,78.2,0.864,16.45,1.54
India,2022,702000000,59004504000000,84052,9.73,13.74,72.3,0.736,12.34,-1.36
India,2022,277000000,11967508000000,43204,6.62,11.52,79.1,0.581,15.79,-2.3
India,2022,599000000,1009315000000,1685,-0.77,4.8,77.1,0.856,17.63,7.46
India,2022,1107000000,33061662000000,29866,4.06,17.59,77.3,0.571,12.87,6.25
India,2022,1276000000,5038924000000,3949,11.15,6.48,82.9,0.787,16.95,5.46
Germany,2022,1148000000,36923124000000,32163,-0.44,16.44,76.6,0.633,10.24,1.65
Germany,2022,465000000,19659270000000,42278,11.1,5.28,82.0,0.667,16.32,5.86
Germany,2022,381000000,21059013000000,55273,4.99,7.05,77.5,0.616,9.71,2.77
Germany,2022,1366000000,68062316000000,49826,9.82,4.66,85.0,0.635,8.35,1.33
Germany,2022,232000000,2970296000000,12803,0.67,14.41,75.6,0.572,15.81,5.71
Germany,2022,447000000,8887701000000,19883,11.89,13.33,79.9,0.755,3.53,0.34
Germany,2022,989000000,23668748000000,23932,3.08,15.24,64.9,0.683,15.68,5.45
Germany,2022,353000000,19263563000000,54571,11.6,12.62,80.6,0.953,16.84,4.14
Germany,2022,648000000,33909840000000,52330,2.68,6.46,74.1,0.9,3.83,6.05
Germany,2022,334000000,5925160000000,17740,7.17,2.8,69.4,0.763,18.44,7.1
Germany,2022,1095000000,54175125000000,49475,1.68,9.69,68.1,0.956,0.73,2.26
Germany,2022,566000000,26945562000000,47607,6.12,11.54,72.5,0.555,19.3,0.77
Germany,2022,901000000,54656462000000,60662,4.16,9.84,73.7,0.647,9.51,-2.84
Germany,2022,99000000,2313927000000,23373,7.81,14.42,82.4,0.834,2.99,5.08
Germany,2022,896000000,31624320000000,35295,4.35,13.86,77.4,0.742,4.2,7.75
Germany,2022,1079000000,3102125000000,2875,2.67,8.96,77.3,0.665,9.41,5.68
Germany,2022,1337000000,94551303000000,70719,11.22,14.8,79.8,0.638,14.46,-0.99
Germany,2022,331000000,3180910000000,9610,10.61,7.24,83.4,0.722,6.3,-1.88
Germany,2022,544000000,31288160000000,57515,5.72,5.73,84.6,0.659,13.05,3.66
Germany,2022,124000000,1788452000000,14423,11.87,14.57,76.4,0.606,3.66,1.33
Japan,2022,725000000,10789450000000,14882,1.35,12.31,82.6,0.774,15.32,1.47
Japan,2022,785000000,43644430000000,55598,7.34,4.45,78.5,0.834,7.17,8.18
Japan,2022,445000000,27263815000000,61267,11.29,5.95,62.9,0.943,19.46,5.21
Japan,2022,492000000,39244380000000,79765,2.61,4.42,70.0,0.943,1.8,-1.74
Japan,2022,1319000000,85347214000000,64706,-0.85,15.62,62.5,0.91,8.32,2.64
Japan,2022,780000000,4538040000000,5818,8.99,15.21,83.2,0.672,19.97,1.5
Japan,2022,1127000000,22952482000000,20366,6.62,4.52,74.4,0.671,4.39,-2.6
Japan,2022,1231000000,49141520000000,39920,-0.12,13.42,76.9,0.847,6.78,7.11
Japan,2022,1389000000,14235861000000,10249,2.29,16.22,73.5,0.671,6.61,1.23
Japan,2022,972000000,54084024000000,55642,10.0,5.6,73.4,0.598,3.46,2.46
Japan,2022,812000000,59137960000000,72830,2.82,15.4,62.4,0.571,1.92,-2.83
Japan,2022,694000000,34319688000000,49452,2.34,13.95,69.8,0.596,10.23,8.33
Japan,2022,1069000000,49001891000000,45839,1.12,14.88,64.0,0.656,15.04,5.61
Japan,2022,1048000000,57774144000000,55128,-0.34,8.22,76.6,0.96,1.02,-0.45
Japan,2022,553000000,19410853000000,35101,8.8,4.1,75.9,0.86,10.98,0.78
Japan,2022,860000000,31258420000000,36347,-0.91,16.45,68.9,0.864,15.37,7.09
Japan,2022,460000000,17773940000000,38639,6.57,13.39,68.4,0.672,4.95,8.25
Japan,2022,917000000,30872639000000,33667,4.96,4.85,82.2,0.555,13.68,6.15
Japan,2022,990000000,58633740000000,59226,11.02,10.32,75.4,0.958,15.1,4.76
Japan,2022,410000000,29796340000000,72674,2.55,10.0,76.1,0.724,0.81,6.62
UK,2022,1296000000,110058912000000,84922,9.23,12.0,63.4,0.662,1.25,5.01
UK,2022,1298000000,9718126000000,7487,-0.07,3.9,62.2,0.798,13.89,2.09
UK,2022,308000000,17305904000000,56188,4.34,5.87,83.5,0.894,15.79,-1.33
UK,2022,1134000000,69045858000000,60887,0.81,10.72,83.0,0.788,17.07,0.92
UK,2022,1072000000,50310032000000,46931,4.05,12.15,77.5,0.676,9.91,6.11
UK,2022,545000000,37040925000000,67965,2.8,13.28,82.8,0.627,13.64,-0.47
UK,2022,31000000,387066000000,12486,5.29,17.48,69.5,0.849,13.66,0.82
UK,2022,873000000,18852435000000,21595,0.59,8.01,76.2,0.716,5.7,1.56
UK,2022,731000000,18324708000000,25068,10.86,13.41,70.2,0.772,7.47,4.58
UK,2022,772000000,32138360000000,41630,3.03,12.65,62.8,0.681,4.75,2.93
UK,2022,840000000,54831000000000,65275,1.91,5.17,77.1,0.781,1.88,7.91
UK,2022,114000000,4802706000000,42129,6.46,2.77,83.0,0.698,16.11,5.24
UK,2022,132000000,10330056000000,78258,3.3,8.39,70.0,0.932,6.93,6.21
UK,2022,173000000,857907000000,4959,8.0,7.67,63.8,0.95,19.3,7.27
UK,2022,477000000,18817173000000,39449,5.87,2.42,63.3,0.641,18.35,2.73
UK,2022,1187000000,13129407000000,11061,7.51,7.81,72.9,0.863,13.01,-2.35
UK,2022,651000000,24257562000000,37262,10.25,13.18,84.5,0.705,2.62,3.17
UK,2022,897000000,13157196000000,14668,5.7,16.86,79.5,0.69,12.6,5.11
UK,2022,662000000,46391636000000,70078,7.82,7.33,72.7,0.567,0.87,-1.02
UK,2022,17000000,599777000000,35281,10.87,16.32,74.4,0.781,14.24,0.38
France,2022,1131000000,89995932000000,79572,8.05,7.04,67.1,0.625,14.22,-1.4
France,2022,408000000,30715056000000,75282,4.26,15.2,65.9,0.592,4.78,2.09
France,2022,296000000,9696072000000,32757,8.6,15.58,69.7,0.614,12.97,1.92
France,2022,577000000,34334385000000,59505,6.65,15.07,80.1,0.91,16.69,2.18
France,2022,1025000000,78874775000000,76951,2.03,5.39,77.2,0.881,9.35,8.99
France,2022,1370000000,14896010000000,10873,10.39,8.21,82.9,0.923,16.78,4.04
France,2022,1014000000,86143356000000,84954,11.67,4.7,77.8,0.729,14.61,5.62
France,2022,599000000,8781939000000,14661,8.34,12.65,63.8,0.944,11.14,1.95
France,2022,497000000,41811119000000,84127,4.14,3.17,78.1,0.833,19.94,4.23
France,2022,573000000,39065994000000,68178,7.96,3.44,77.7,0.647,6.5,1.12
France,2022,1156000000,5556892000000,4807,9.1,4.53,77.9,0.926,7.04,-0.76
France,2022,1299000000,5928636000000,4564,1.16,4.64,84.9,0.706,16.5,3.32
France,2022,5000000,366055000000,73211,6.98,14.2,78.0,0.748,2.05,7.19
France,2022,12000000,845160000000,70430,3.64,5.35,63.7,0.669,10.11,1.14
France,2022,1179000000,73558989000000,62391,2.98,8.33,77.2,0.89,6.73,3.41
France,2022,1224000000,94104792000000,76883,5.88,12.22,78.2,0.906,14.54,-1.16
France,2022,328000000,25186464000000,76788,3.57,7.83,84.8,0.722,5.35,-0.46
France,2022,497000000,29443274000000,59242,6.76,2.34,67.9,0.893,2.38,7.43
France,2022,793000000,4920565000000,6205,8.7,10.74,62.5,0.938,4.99,-1.65
France,2022,791000000,25363415000000,32065,10.91,9.04,80.1,0.682,6.55,-2.23
Canada,2022,457000000,15056779000000,32947,11.4,8.86,81.8,0.58,13.4,3.71
Canada,2022,447000000,10303350000000,23050,6.59,7.98,71.5,0.662,9.97,7.38
Canada,2022,1336000000,96324264000000,72099,3.4,15.44,63.5,0.721,12.17,5.69
Canada,2022,65000000,1934205000000,29757,10.65,10.84,62.2,0.723,6.0,2.46
Canada,2022,468000000,33630012000000,71859,11.52,9.82,79.3,0.587,2.24,4.99
Canada,2022,1123000000,64442232000000,57384,-0.98,4.95,66.9,0.926,3.32,6.51
Canada,2022,395000000,30153510000000,76338,0.84,9.48,63.1,0.575,6.17,4.95
Canada,2022,1157000000,71620614000000,61902,6.91,5.06,72.5,0.763,3.67,7.39
Canada,2022,448000000,34189568000000,76316,10.61,4.99,62.2,0.685,5.28,-0.62
Canada,2022,1258000000,17586840000000,13980,-0.65,16.92,83.2,0.718,2.16,2.49
Canada,2022,710000000,20178910000000,28421,8.82,8.15,82.7,0.883,10.21,2.82
Canada,2022,1122000000,42078366000000,37503,2.39,17.71,75.6,0.555,1.64,3.98
Canada,2022,462000000,3767148000000,8154,6.3,13.59,84.7,0.856,0.54,-0.01
Canada,2022,1184000000,66264928000000,55967,7.95,5.97,80.3,0.949,2.88,0.4
Canada,2022,889000000,65644649000000,73841,1.17,11.16,69.4,0.946,15.28,8.59
Canada,2022,1329000000,111241287000000,83703,7.82,7.49,80.2,0.793,3.21,-0.95
Canada,2022,225000000,9147600000000,40656,4.64,4.52,75.1,0.596,15.4,7.39
Canada,2022,796000000,30076860000000,37785,6.01,16.5,79.6,0.845,15.26,8.12
Canada,2022,411000000,15687459000000,38169,3.29,6.39,75.0,0.861,0.98,0.61
Canada,2022,208000000,4034992000000,19399,7.87,11.68,75.0,0.594,18.08,3.27
Brazil,2022,1056000000,7904160000000,7485,1.85,6.42,75.6,0.651,13.45,6.07
Brazil,2022,1013000000,42315036000000,41772,5.41,14.06,70.4,0.941,7.96,0.31
Brazil,2022,1025000000,22240450000000,21698,4.75,10.42,65.6,0.898,9.15,4.25
Brazil,2022,331000000,6353545000000,19195,1.98,17.18,62.8,0.872,4.06,0.87
Brazil,2022,386000000,19393026000000,50241,8.79,17.56,78.2,0.683,12.58,2.61
Brazil,2022,373000000,4599090000000,12330,11.52,7.13,68.8,0.755,10.34,1.58
Brazil,2022,1388000000,92671208000000,66766,-0.94,8.5,73.6,0.889,1.84,8.64
Brazil,2022,681000000,32875956000000,48276,0.19,8.11,63.5,0.686,1.04,0.9
Brazil,2022,822000000,6498732000000,7906,7.52,16.39,74.9,0.885,4.71,-0.96
Brazil,2022,988000000,58176404000000,58883,-0.32,9.94,62.5,0.874,4.02,-2.31
Brazil,2022,65000000,697255000000,10727,11.68,15.61,75.0,0.57,7.94,2.7
Brazil,2022,239000000,11898376000000,49784,4.7,11.01,62.2,0.93,15.57,4.04
Brazil,2022,577000000,26494109000000,45917,4.12,7.96,83.5,0.637,16.2,7.28
Brazil,2022,500000000,29514000000000,59028,11.4,15.94,77.0,0.919,9.74,-1.37
Brazil,2022,771000000,38274753000000,49643,3.57,17.11,74.6,0.82,2.78,1.51
Brazil,2022,163000000,1754532000000,10764,11.78,16.06,75.0,0.569,17.5,0.03
Brazil,2022,83000000,5354081000000,64507,7.46,12.78,81.6,0.778,8.12,8.36
Brazil,2022,330000000,15137100000000,45870,4.14,7.61,77.1,0.839,2.67,2.75
Brazil,2022,961000000,75124253000000,78173,6.21,11.9,70.0,0.873,14.88,3.67
Brazil,2022,661000000,33767185000000,51085,7.43,12.04,71.2,0.646,18.89,-2.75
Australia,2022,1373000000,38242169000000,27853,3.02,16.42,84.6,0.806,6.88,0.42
Australia,2022,978000000,3791706000000,3877,10.94,10.68,83.0,0.861,0.61,0.72
Australia,2022,789000000,20503743000000,25987,6.28,2.67,67.1,0.602,9.31,6.75
Australia,2022,1043000000,67734506000000,64942,-0.88,15.14,62.1,0.917,13.17,1.8
Australia,2022,723000000,27432066000000,37942,4.46,13.38,71.8,0.751,11.8,8.16
Australia,2022,1398000000,118452540000000,84730,10.75,2.63,65.0,0.638,7.97,0.9
Australia,2022,163000000,4604424000000,28248,5.1,2.9,72.9,0.86,11.94,0.7
Australia,2022,646000000,49914482000000,77267,10.63,16.57,79.6,0.598,3.35,3.1
Australia,2022,474000000,19572882000000,41293,-0.57,3.88,64.3,0.625,18.52,4.02
Australia,2022,1390000000,106993860000000,76974,4.17,3.28,76.7,0.681,4.45,-2.23
Australia,2022,1122000000,56000142000000,49911,5.34,6.99,75.9,0.878,1.2,6.4
Australia,2022,388000000,29579568000000,76236,6.31,11.23,66.4,0.837,5.34,4.3
Australia,2022,32000000,979744000000,30617,11.43,6.92,80.4,0.627,3.99,0.05
Australia,2022,622000000,19934478000000,32049,3.27,15.5,76.6,0.556,16.53,-1.04
Australia,2022,516000000,26591028000000,51533,11.44,12.25,76.2,0.664,17.1,-2.08
Australia,2022,1397000000,104664637000000,74921,0.49,4.41,69.9,0.893,17.06,3.16
Australia,2022,302000000,8388352000000,27776,7.01,15.44,84.2,0.569,11.34,-1.37
Australia,2022,1198000000,39308776000000,32812,1.37,12.88,70.7,0.592,4.73,5.68
Australia,2022,669000000,1317930000000,1970,6.3,3.36,83.9,0.737,16.15,-0.35
Australia,2022,194000000,6200822000000,31963,7.88,16.61,78.5,0.94,18.33,8.9
Italy,2022,214000000,17661634000000,82531,7.07,2.87,68.9,0.686,5.05,6.63
Italy,2022,266000000,9516416000000,35776,4.26,5.69,64.4,0.624,14.48,7.99
Italy,2022,618000000,24567972000000,39754,11.71,9.63,67.0,0.671,7.68,1.19
Italy,2022,680000000,40175080000000,59081,2.27,9.09,66.2,0.934,13.7,2.02
Italy,2022,1373000000,10517180000000,7660,5.18,15.22,75.2,0.92,11.59,6.43
Italy,2022,539000000,28144424000000,52216,1.36,13.53,69.9,0.687,11.51,1.68
Italy,2022,52000000,2555904000000,49152,1.16,2.77,75.6,0.889,13.99,-1.29
Italy,2022,789000000,53603082000000,67938,1.47,6.3,67.7,0.752,1.59,3.43
Italy,2022,1228000000,12941892000000,10539,8.74,10.74,79.5,0.619,16.71,-0.44
Italy,2022,712000000,10288400000000,14450,6.85,3.68,80.8,0.883,14.48,0.96
Italy,2022,380000000,1868080000000,4916,1.5,5.61,76.5,0.647,11.51,6.23
Italy,2022,1255000000,55812360000000,44472,6.19,3.36,73.4,0.781,14.99,1.23
Italy,2022,36000000,197820000000,5495,2.78,15.67,72.9,0.928,17.14,2.68
Italy,2022,1102000000,53775396000000,48798,1.37,12.45,65.4,0.77,9.85,5.36
Italy,2022,210000000,14582820000000,69442,9.92,4.35,72.2,0.838,8.69,-2.99
Italy,2022,1210000000,47152490000000,38969,0.41,2.38,65.9,0.644,4.82,1.86
Italy,2022,1244000000,67103848000000,53942,1.04,4.21,84.6,0.784,17.7,-2.44
Italy,2022,380000000,28180420000000,74159,5.21,9.83,68.3,0.672,1.68,7.61
Italy,2022,1388000000,43888560000000,31620,1.49,3.17,83.8,0.913,15.01,4.94
Italy,2022,348000000,14104440000000,40530,11.37,8.42,66.3,0.88,14.01,5.39
South Korea,2022,703000000,6575159000000,9353,7.21,16.05,77.1,0.601,15.35,3.55
South Korea,2022,222000000,10614486000000,47813,4.62,7.05,71.4,0.857,4.79,8.27
South Korea,2022,103000000,8280582000000,80394,6.49,9.36,80.4,0.802,12.47,0.04
South Korea,2022,1147000000,20477391000000,17853,11.54,11.45,65.6,0.554,17.8,7.77
South Korea,2022,1204000000,95108776000000,78994,1.08,13.5,78.5,0.766,9.29,1.55
South Korea,2022,777000000,59622318000000,76734,4.26,5.24,80.6,0.79,19.43,3.15
South Korea,2022,633000000,13753824000000,21728,0.29,10.47,76.5,0.924,8.67,6.15
South Korea,2022,521000000,31980543000000,61383,3.62,8.48,75.7,0.658,3.68,-2.68
South Korea,2022,349000000,17681736000000,50664,10.08,6.93,72.4,0.715,11.46,-0.13
South Korea,2022,88000000,6553536000000,74472,6.29,9.52,73.6,0.608,13.45,-1.0
South Korea,2022,1254000000,103809882000000,82783,1.66,15.17,81.5,0.874,19.28,6.64
South Korea,2022,1383000000,76177023000000,55081,8.8,7.98,65.2,0.944,2.71,8.66
South Korea,2022,396000000,20898504000000,52774,9.34,10.18,80.4,0.909,9.44,-0.17
South Korea,2022,702000000,35002422000000,49861,4.4,11.67,72.5,0.791,3.57,7.99
South Korea,2022,57000000,3275391000000,57463,11.14,7.31,80.5,0.583,10.32,4.01
South Korea,2022,1201000000,24353878000000,20278,9.53,4.33,81.4,0.951,1.98,-0.3
South Korea,2022,1164000000,38303748000000,32907,8.11,15.07,81.0,0.83,10.49,1.04
South Korea,2022,171000000,2561751000000,14981,5.58,3.41,68.7,0.797,15.3,4.9
South Korea,2022,1390000000,45044340000000,32406,8.15,13.9,82.2,0.909,16.07,1.37
South Korea,2022,891000000,10526274000000,11814,3.72,9.4,78.7,0.707,9.33,5.45
Mexico,2022,947000000,38061824000000,40192,6.85,12.2,71.2,0.759,10.08,4.7
Mexico,2022,84000000,332808000000,3962,1.71,14.77,65.5,0.613,3.79,1.98
Mexico,2022,1208000000,46112984000000,38173,10.0,2.93,78.6,0.856,17.17,3.62
Mexico,2022,960000000,63200640000000,65834,5.52,7.7,75.5,0.698,7.47,5.25
Mexico,2022,138000000,9981954000000,72333,0.31,4.85,85.0,0.615,8.77,1.95
Mexico,2022,968000000,48560688000000,50166,7.94,13.67,81.4,0.635,19.45,4.76
Mexico,2022,680000000,51316880000000,75466,7.75,10.29,63.4,0.706,3.32,-2.73
Mexico,2022,1276000000,46632696000000,36546,2.14,13.91,77.6,0.857,16.74,1.26
Mexico,2022,150000000,1035300000000,6902,11.15,11.33,73.9,0.734,16.58,8.28
Mexico,2022,240000000,20062560000000,83594,1.05,8.64,73.4,0.575,4.61,-0.54
Mexico,2022,70000000,4816700000000,68810,9.94,14.44,75.8,0.694,2.72,-1.29
Mexico,2022,138000000,1307688000000,9476,8.58,8.62,81.9,0.768,13.85,-2.4
Mexico,2022,110000000,4114440000000,37404,9.35,15.43,75.2,0.731,17.29,0.93
Mexico,2022,140000000,8859340000000,63281,7.64,7.46,84.3,0.554,10.08,1.46
Mexico,2022,463000000,16576326000000,35802,4.17,12.44,68.2,0.861,1.93,0.31
Mexico,2022,728000000,17855656000000,24527,-0.51,3.1,73.7,0.862,14.88,5.48
Mexico,2022,700000000,41656300000000,59509,5.85,11.01,64.3,0.822,1.04,3.24
Mexico,2022,914000000,53782502000000,58843,5.32,15.55,78.4,0.796,9.8,5.14
Mexico,2022,1335000000,46599510000000,34906,0.87,16.49,69.5,0.812,5.27,8.95
Mexico,2022,1220000000,70667280000000,57924,0.93,5.53,65.1,0.81,10.11,0.49
Indonesia,2022,1110000000,56617770000000,51007,2.46,16.01,79.0,0.634,17.44,2.08
Indonesia,2022,192000000,889152000000,4631,6.51,10.77,75.8,0.829,6.65,7.87
Indonesia,2022,167000000,9700195000000,58085,-0.66,14.01,65.0,0.789,3.92,1.16
Indonesia,2022,712000000,30092680000000,42265,5.78,4.16,76.7,0.805,5.51,8.89
Indonesia,2022,956000000,10062856000000,10526,-0.57,17.34,71.6,0.784,15.51,6.93
Indonesia,2022,210000000,11099340000000,52854,11.74,10.95,69.4,0.69,13.15,5.64
Indonesia,2022,1299000000,4286700000000,3300,-0.1,6.46,71.3,0.859,12.09,5.56
Indonesia,2022,1149000000,44112408000000,38392,9.37,7.15,62.3,0.928,8.14,3.38
Indonesia,2022,115000000,8949875000000,77825,-0.41,16.14,62.5,0.774,0.64,0.09
Indonesia,2022,1136000000,12728880000000,11205,2.29,9.13,67.9,0.64,14.38,-2.81
Indonesia,2022,802000000,19296120000000,24060,6.34,8.94,74.7,0.578,18.65,1.81
Indonesia,2022,1346000000,53814426000000,39981,2.14,17.08,81.2,0.941,1.63,-1.41
Indonesia,2022,791000000,64202306000000,81166,11.72,6.4,83.7,0.556,8.88,7.99
Indonesia,2022,1078000000,34543432000000,32044,0.47,16.37,84.5,0.641,18.25,-2.87
Indonesia,2022,1394000000,42829256000000,30724,8.83,14.75,76.2,0.628,16.48,6.2
Indonesia,2022,713000000,36477793000000,51161,7.01,12.93,62.5,0.832,13.98,-2.35
Indonesia,2022,903000000,6185550000000,6850,4.02,7.71,72.9,0.595,5.76,3.6
Indonesia,2022,929000000,25366345000000,27305,-0.48,9.67,72.6,0.685,1.6,2.42
Indonesia,2022,477000000,14142573000000,29649,-0.94,13.2,68.8,0.882,12.13,1.41
Indonesia,2022,182000000,1847482000000,10151,10.47,17.77,82.3,0.639,4.15,5.68
Saudi Arabia,2022,555000000,36950790000000,66578,8.92,5.89,73.2,0.793,13.68,4.21
Saudi Arabia,2022,1377000000,77660046000000,56398,1.64,9.55,72.8,0.591,4.06,4.76
Saudi Arabia,2022,941000000,30598497000000,32517,4.88,16.95,82.3,0.778,12.49,6.51
Saudi Arabia,2022,456000000,37137096000000,81441,4.73,9.91,80.3,0.913,15.75,-2.7
Saudi Arabia,2022,1086000000,56058234000000,51619,7.18,11.2,62.3,0.648,18.73,-1.4
Saudi Arabia,2022,786000000,30033846000000,38211,8.05,12.33,64.8,0.912,10.39,-1.63
Saudi Arabia,2022,106000000,6445330000000,60805,5.88,4.05,69.5,0.666,18.39,8.15
Saudi Arabia,2022,844000000,57580212000000,68223,0.51,14.3,68.0,0.874,12.57,6.74
Saudi Arabia,2022,235000000,14545090000000,61894,9.04,5.28,83.7,0.878,0.78,0.07
Saudi Arabia,2022,1177000000,45119118000000,38334,4.46,12.02,64.1,0.76,8.95,9.0
Saudi Arabia,2022,13000000,522808000000,40216,7.22,8.66,71.1,0.767,15.33,-0.79
Saudi Arabia,2022,1353000000,104198589000000,77013,5.05,4.98,63.1,0.754,16.34,1.04
Saudi Arabia,2022,628000000,43077032000000,68594,8.43,5.14,64.7,0.653,12.12,-2.46
Saudi Arabia,2022,187000000,10659000000000,57000,3.55,6.21,81.3,0.834,11.93,2.38
Saudi Arabia,2022,407000000,29160736000000,71648,3.79,17.29,82.1,0.778,16.02,3.65
Saudi Arabia,2022,828000000,3883320000000,4690,6.53,5.77,81.3,0.856,6.63,-0.0
Saudi Arabia,2022,746000000,25648226000000,34381,5.44,3.88,79.6,0.891,8.08,8.82
Saudi Arabia,2022,1300000000,62883600000000,48372,3.42,15.76,62.9,0.811,11.58,5.98
Saudi Arabia,2022,1309000000,10537450000000,8050,10.39,17.04,63.8,0.693,4.62,-1.93
Saudi Arabia,2022,853000000,6377881000000,7477,3.61,9.67,64.2,0.95,19.79,2.26
South Africa,2022,210000000,15713250000000,74825,5.27,5.73,76.1,0.566,14.71,4.73
South Africa,2022,984000000,46054152000000,46803,1.31,16.18,69.9,0.885,12.57,0.59
South Africa,2022,594000000,13586562000000,22873,8.93,14.64,73.1,0.664,0.93,4.89
South Africa,2022,771000000,28435251000000,36881,4.01,17.13,83.8,0.795,16.68,-1.52
South Africa,2022,888000000,47426304000000,53408,6.93,6.74,78.0,0.566,19.18,7.3
South Africa,2022,748000000,11849068000000,15841,-0.54,16.64,75.9,0.643,8.16,7.47
South Africa,2022,284000000,20374444000000,71741,9.89,9.47,79.4,0.594,12.42,-2.21
South Africa,2022,1170000000,77180220000000,65966,10.71,4.71,83.2,0.609,16.59,-2.85
South Africa,2022,1315000000,107802385000000,81979,9.82,15.48,63.1,0.858,0.93,5.59
South Africa,2022,954000000,30580470000000,32055,-0.11,7.44,67.8,0.853,7.63,2.11
South Africa,2022,910000000,53112150000000,58365,-0.97,2.01,68.7,0.856,9.76,-1.17
South Africa,2022,215000000,1764290000000,8206,8.0,10.08,62.5,0.696,19.84,2.56
South Africa,2022,682000000,3776916000000,5538,3.57,9.44,69.8,0.949,9.19,4.42
South Africa,2022,976000000,49420736000000,50636,8.76,7.78,70.4,0.896,7.58,-2.76
South Africa,2022,1086000000,61329678000000,56473,10.03,12.13,72.5,0.674,9.12,4.35
South Africa,2022,197000000,14992685000000,76105,0.03,17.11,74.3,0.588,19.27,1.77
South Africa,2022,1259000000,46973290000000,37310,9.4,14.45,69.0,0.597,12.28,8.02
South Africa,2022,1235000000,47163415000000,38189,8.28,14.34,75.2,0.837,9.58,7.49
South Africa,2022,1052000000,58498564000000,55607,7.72,7.99,66.0,0.693,2.27,6.38
South Africa,2022,17000000,276454000000,16262,8.11,14.05,77.8,0.687,14.53,6.38
Spain,2022,1009000000,26713275000000,26475,3.23,15.19,68.2,0.733,17.89,5.39
Spain,2022,1339000000,112295235000000,83865,6.53,2.4,74.0,0.677,10.59,5.21
Spain,2022,962000000,75251488000000,78224,-0.85,7.58,72.1,0.872,5.92,-0.98
Spain,2022,610000000,6994870000000,11467,2.2,15.38,78.5,0.585,17.15,-1.72
Spain,2022,1309000000,22186241000000,16949,2.41,13.6,72.0,0.668,8.61,8.14
Spain,2022,1246000000,37370032000000,29992,8.07,13.9,68.7,0.892,15.84,0.27
Spain,2022,403000000,3756363000000,9321,4.68,10.08,74.5,0.735,4.63,4.22
Spain,2022,1127000000,17207036000000,15268,6.33,14.6,83.3,0.56,12.02,5.15
Spain,2022,75000000,1663125000000,22175,-0.75,16.69,83.1,0.664,19.92,1.65
Spain,2022,958000000,11199020000000,11690,0.67,16.92,74.8,0.748,1.16,-0.02
Spain,2022,411000000,16584672000000,40352,10.21,15.19,76.4,0.699,9.52,-0.8
Spain,2022,661000000,18051910000000,27310,9.83,5.59,63.8,0.609,12.31,4.47
Spain,2022,54000000,2544102000000,47113,9.88,13.94,78.1,0.843,18.53,-0.3
Spain,2022,305000000,22682545000000,74369,6.81,11.68,84.2,0.587,7.88,6.91
Spain,2022,225000000,10250550000000,45558,1.9,3.77,82.4,0.912,9.02,5.21
Spain,2022,1267000000,15694329000000,12387,10.62,10.65,69.8,0.798,16.06,8.9
Spain,2022,90000000,794070000000,8823,-0.18,8.93,62.7,0.77,7.73,-2.7
Spain,2022,272000000,18889040000000,69445,4.41,3.55,65.3,0.938,9.51,2.62
Spain,2022,505000000,23740050000000,47010,2.28,13.43,62.5,0.578,2.54,7.69
Spain,2022,245000000,13198885000000,53873,-0.49,11.7,76.6,0.86,17.62,-2.55
Netherlands,2022,1105000000,31549960000000,28552,9.7,3.31,65.1,0.825,19.89,-0.58
Netherlands,2022,59000000,254821000000,4319,7.07,3.78,63.2,0.611,18.14,0.68
Netherlands,2022,1169000000,11903927000000,10183,3.61,7.67,64.0,0.555,15.91,0.2
Netherlands,2022,974000000,10621470000000,10905,5.2,13.35,75.3,0.798,8.2,6.27
Netherlands,2022,660000000,20434260000000,30961,6.0,2.01,62.4,0.828,14.37,-1.21
Netherlands,2022,9000000,694260000000,77140,-0.35,17.01,66.5,0.815,10.54,1.25
Netherlands,2022,846000000,7184232000000,8492,8.91,5.46,82.9,0.928,6.14,3.3
Netherlands,2022,417000000,29263809000000,70177,11.37,13.09,75.8,0.553,11.66,6.41
Netherlands,2022,511000000,20243776000000,39616,3.34,10.41,67.2,0.884,8.56,1.35
Netherlands,2022,324000000,11042568000000,34082,0.22,12.7,76.7,0.89,2.97,6.48
Netherlands,2022,637000000,49655424000000,77952,6.01,5.71,72.2,0.703,7.15,4.18
Netherlands,2022,836000000,59039992000000,70622,-0.3,9.01,79.2,0.868,19.82,-1.42
Netherlands,2022,161000000,376579000000,2339,6.84,5.08,65.1,0.56,7.44,8.06
Netherlands,2022,936000000,51845976000000,55391,5.58,9.13,66.8,0.903,14.51,1.71
Netherlands,2022,1179000000,100140723000000,84937,10.03,5.24,62.4,0.956,18.61,4.37
Netherlands,2022,972000000,24278616000000,24978,10.73,6.49,73.8,0.708,4.02,8.54
Netherlands,2022,830000000,26879550000000,32385,4.38,7.98,82.0,0.63,15.3,6.35
Netherlands,2022,39000000,2839707000000,72813,4.27,16.6,73.4,0.728,4.42,5.02
Netherlands,2022,1362000000,47016240000000,34520,5.92,5.13,63.6,0.908,19.17,7.86
Netherlands,2022,1086000000,25159362000000,23167,9.8,5.51,63.4,0.796,10.92,6.23
Turkey,2022,999000000,48883068000000,48932,2.42,15.8,77.6,0.677,4.37,3.82
Turkey,2022,798000000,37392684000000,46858,0.05,17.43,70.8,0.714,4.57,5.92
Turkey,2022,201000000,3927741000000,19541,1.47,5.0,83.2,0.763,1.91,3.24
Turkey,2022,1210000000,9774380000000,8078,9.9,7.82,73.6,0.843,8.79,7.96
Turkey,2022,95000000,1434975000000,15105,11.45,7.85,73.3,0.744,2.69,7.28
Turkey,2022,519000000,43349994000000,83526,9.31,11.36,72.0,0.665,17.15,2.82
Turkey,2022,91000000,3869320000000,42520,-0.23,10.09,67.9,0.723,16.98,7.39
Turkey,2022,583000000,18749280000000,32160,0.64,14.02,67.0,0.566,11.49,-0.41
Turkey,2022,1221000000,38028045000000,31145,10.61,16.86,79.6,0.753,17.7,0.48
Turkey,2022,1152000000,36660096000000,31823,10.61,15.24,64.2,0.793,16.68,5.43
Turkey,2022,643000000,46714593000000,72651,1.21,3.25,74.2,0.83,2.27,-0.92
Turkey,2022,1184000000,58496704000000,49406,1.29,14.14,67.1,0.857,3.9,-0.08
Turkey,2022,1203000000,81209718000000,67506,2.34,3.18,73.3,0.731,8.19,-1.74
Turkey,2022,956000000,56061752000000,58642,5.34,17.69,79.2,0.933,4.03,3.17
Turkey,2022,1292000000,18562164000000,14367,3.19,7.06,82.8,0.837,8.18,6.68
Turkey,2022,202000000,10263620000000,50810,7.32,3.88,78.9,0.712,16.52,7.34
Turkey,2022,1181000000,58827972000000,49812,4.4,9.02,75.0,0.937,12.69,1.16
Turkey,2022,553000000,8632883000000,15611,5.24,8.97,72.1,0.655,15.93,-1.54
Turkey,2022,1122000000,17057766000000,15203,3.39,4.0,76.6,0.92,12.89,2.56
Turkey,2022,673000000,23929188000000,35556,7.31,7.36,82.4,0.73,4.56,-0.88
Nigeria,2022,22000000,748748000000,34034,8.82,12.83,63.9,0.657,18.21,1.52
Nigeria,2022,1344000000,104939520000000,78080,5.93,10.73,62.3,0.893,9.03,4.89
Nigeria,2022,1211000000,23567271000000,19461,3.4,7.72,62.1,0.674,1.61,2.78
Nigeria,2022,721000000,59447892000000,82452,2.21,11.31,76.6,0.55,0.86,3.89
Nigeria,2022,474000000,4167408000000,8792,6.8,11.08,62.8,0.949,3.25,4.87
Nigeria,2022,887000000,54202796000000,61108,7.74,13.13,72.9,0.608,2.92,4.83
Nigeria,2022,478000000,35219040000000,73680,5.45,10.17,81.6,0.636,18.89,4.9
Nigeria,2022,891000000,62200710000000,69810,-0.26,16.92,65.2,0.784,8.43,-0.21
Nigeria,2022,821000000,61766293000000,75233,4.82,10.38,67.1,0.798,11.7,4.34
Nigeria,2022,597000000,13076091000000,21903,9.16,8.11,65.4,0.641,11.22,-0.41
Nigeria,2022,700000000,19182800000000,27404,2.3,16.32,70.9,0.57,18.05,5.08
Nigeria,2022,1172000000,87744124000000,74867,5.37,2.22,63.6,0.634,16.36,5.47
Nigeria,2022,1080000000,65842200000000,60965,1.05,17.5,67.7,0.872,8.2,-2.92
Nigeria,2022,943000000,67598955000000,71685,3.32,3.78,73.8,0.954,12.29,7.94
Nigeria,2022,947000000,11112098000000,11734,2.4,8.53,63.7,0.886,5.95,0.14
Nigeria,2022,1067000000,66463430000000,62290,8.06,16.46,78.4,0.783,17.93,4.78
Nigeria,2022,1358000000,89782812000000,66114,5.02,2.34,78.5,0.671,17.55,3.57
Nigeria,2022,155000000,881020000000,5684,11.51,5.84,71.2,0.663,0.78,-2.55
Nigeria,2022,1086000000,10639542000000,9797,4.3,2.17,65.0,0.857,1.38,5.35
Nigeria,2022,800000000,2620000000000,3275,6.09,13.09,68.9,0.848,4.96,2.91
USA,2023,1103000000,20249977000000,18359,3.97,10.38,80.2,0.775,2.68,-1.27
USA,2023,840000000,67473000000000,80325,4.21,4.23,70.1,0.704,8.55,-0.39
USA,2023,429000000,9784203000000,22807,7.1,2.21,65.3,0.95,9.78,6.57
USA,2023,827000000,33035342000000,39946,9.11,3.08,73.2,0.893,17.11,6.62
USA,2023,1252000000,8668848000000,6924,7.55,7.75,82.6,0.787,2.49,2.94
USA,2023,274000000,8890204000000,32446,0.54,2.43,73.7,0.588,6.38,1.39
USA,2023,273000000,11768757000000,43109,4.95,13.66,73.2,0.66,8.47,4.28
USA,2023,204000000,8074320000000,39580,0.81,14.75,80.7,0.735,13.3,7.99
USA,2023,347000000,4799704000000,13832,7.19,9.29,62.3,0.726,11.74,8.49
USA,2023,626000000,20279896000000,32396,7.58,13.87,66.5,0.736,18.79,-1.05
USA,2023,905000000,47632865000000,52633,5.22,3.27,84.8,0.655,12.27,8.04
USA,2023,5000000,288525000000,57705,6.41,17.3,79.0,0.616,1.17,7.27
USA,2023,777000000,37969659000000,48867,6.33,5.55,76.2,0.767,18.82,0.3
USA,2023,62000000,1806866000000,29143,-0.18,5.2,74.1,0.581,3.22,1.95
USA,2023,675000000,9253575000000,13709,8.72,9.09,66.8,0.637,11.04,1.21
USA,2023,427000000,33447337000000,78331,8.24,4.58,64.8,0.907,1.9,-0.4
USA,2023,578000000,31673244000000,54798,9.26,7.67,76.4,0.702,6.29,6.89
USA,2023,155000000,7405125000000,47775,4.07,6.59,81.5,0.681,9.32,-1.36
USA,2023,938000000,75196646000000,80167,6.31,10.9,62.3,0.92,3.05,2.5
USA,2023,1275000000,46464825000000,36443,6.59,6.14,70.6,0.868,10.18,5.93
China,2023,599000000,47389885000000,79115,3.79,12.83,74.6,0.848,13.1,-1.23
China,2023,847000000,19647012000000,23196,0.94,14.61,63.8,0.77,10.32,6.68
China,2023,1358000000,80271380000000,59110,7.27,12.63,73.6,0.909,9.13,5.31
China,2023,1084000000,48494908000000,44737,2.08,16.52,84.2,0.64,7.75,5.74
China,2023,334000000,18803198000000,56297,4.39,9.38,67.4,0.559,13.84,2.1
China,2023,1183000000,66335542000000,56074,2.4,12.67,73.6,0.949,18.28,6.88
China,2023,737000000,41337593000000,56089,4.7,13.36,67.1,0.801,19.96,6.05
China,2023,1362000000,108131904000000,79392,11.39,14.11,75.3,0.573,12.82,4.96
China,2023,1162000000,16559662000000,14251,10.08,4.42,68.4,0.769,13.89,3.33
China,2023,1199000000,5999796000000,5004,8.62,14.55,67.0,0.748,12.93,-2.01
China,2023,282000000,10082910000000,35755,1.7,3.3,84.5,0.945,7.55,4.01
China,2023,633000000,33069819000000,52243,11.05,14.46,81.5,0.577,15.08,6.99
China,2023,901000000,23908936000000,26536,7.93,7.66,64.5,0.676,14.93,0.43
China,2023,628000000,28005660000000,44595,3.16,3.99,72.0,0.651,8.03,2.84
China,2023,191000000,1687485000000,8835,8.26,4.33,75.8,0.81,13.58,6.64
China,2023,1027000000,3183700000000,3100,1.14,12.25,81.4,0.818,12.8,5.48
China,2023,19000000,266228000000,14012,8.98,14.86,80.9,0.762,3.82,8.52
China,2023,1045000000,28272475000000,27055,-0.93,5.36,74.7,0.588,9.32,8.65
China,2023,227000000,9014851000000,39713,6.3,17.35,74.1,0.711,1.41,-2.94
China,2023,1007000000,22999880000000,22840,7.12,3.54,63.9,0.92,5.61,3.47
India,2023,449000000,21895036000000,48764,6.43,15.71,62.1,0.55,13.52,-1.28
India,2023,368000000,2139920000000,5815,7.66,10.78,84.0,0.937,18.2,7.5
India,2023,233000000,18520704000000,79488,1.07,12.91,72.2,0.792,4.48,-2.52
India,2023,935000000,11477125000000,12275,8.91,11.85,63.3,0.756,16.09,7.94
India,2023,658000000,29574468000000,44946,11.77,11.23,72.0,0.704,14.59,7.26
India,2023,398000000,32284964000000,81118,1.18,17.7,62.6,0.558,11.15,-0.83
India,2023,669000000,55290843000000,82647,5.63,10.54,68.3,0.599,17.36,5.31
India,2023,610000000,22622460000000,37086,5.48,2.91,82.9,0.691,12.99,-1.15
India,2023,804000000,32568432000000,40508,7.76,9.25,64.5,0.7,9.03,8.34
India,2023,11000000,435204000000,39564,11.26,13.23,62.8,0.748,18.35,1.94
India,2023,1158000000,45830166000000,39577,2.82,17.59,69.6,0.622,15.37,4.16
India,2023,774000000,65589534000000,84741,11.93,17.47,77.6,0.571,17.22,7.17
India,2023,1358000000,2763530000000,2035,2.71,8.12,76.2,0.907,11.79,2.35
India,2023,1265000000,99526405000000,78677,9.35,3.04,73.5,0.78,5.0,4.78
India,2023,392000000,25276160000000,64480,1.88,17.28,66.1,0.904,17.11,7.98
India,2023,32000000,1295424000000,40482,4.45,12.62,79.8,0.612,10.42,6.76
India,2023,263000000,4323194000000,16438,11.25,9.93,73.9,0.769,9.54,-2.5
India,2023,318000000,18536856000000,58292,4.16,15.25,77.2,0.745,9.61,0.46
India,2023,578000000,46298956000000,80102,11.77,2.88,64.2,0.738,8.37,-0.03
India,2023,471000000,21673065000000,46015,2.63,14.7,84.5,0.931,9.99,1.06
Germany,2023,1165000000,46046625000000,39525,8.24,4.54,75.4,0.625,17.84,6.84
Germany,2023,1111000000,51609283000000,46453,0.4,15.62,81.2,0.742,13.72,7.21
Germany,2023,986000000,5644850000000,5725,11.21,3.16,68.7,0.584,5.47,0.77
Germany,2023,334000000,16050370000000,48055,1.92,7.38,82.8,0.582,10.37,-2.58
Germany,2023,1200000000,78148800000000,65124,10.83,17.13,74.1,0.732,5.01,-2.54
Germany,2023,192000000,9138240000000,47595,-0.67,12.22,78.3,0.719,6.73,6.02
Germany,2023,1048000000,56138216000000,53567,2.2,11.1,64.4,0.705,15.63,-0.16
Germany,2023,517000000,33345983000000,64499,5.93,8.6,84.9,0.9,14.15,5.02
Germany,2023,819000000,62591256000000,76424,2.97,12.4,68.6,0.613,16.82,0.09
Germany,2023,1287000000,108115722000000,84006,4.66,4.51,73.3,0.662,10.39,-1.55
Germany,2023,876000000,57485748000000,65623,9.82,6.07,80.0,0.741,11.09,1.6
Germany,2023,1103000000,6009144000000,5448,8.21,10.44,66.6,0.576,16.88,4.65
Germany,2023,1034000000,82806856000000,80084,4.11,3.36,74.5,0.885,1.94,-1.84
Germany,2023,11000000,895378000000,81398,0.13,17.74,70.0,0.639,8.13,0.94
Germany,2023,142000000,11344096000000,79888,2.94,12.28,75.5,0.839,2.05,7.09
Germany,2023,286000000,15323022000000,53577,6.53,5.04,66.5,0.792,10.21,-1.44
Germany,2023,310000000,10110960000000,32616,8.73,12.36,77.8,0.684,12.04,0.94
Germany,2023,847000000,52260747000000,61701,2.97,4.57,83.7,0.585,10.07,-0.49
Germany,2023,396000000,31104216000000,78546,2.48,10.25,76.1,0.896,13.78,1.94
Germany,2023,1229000000,96474042000000,78498,4.09,14.88,82.9,0.782,5.02,2.72
Japan,2023,72000000,5324256000000,73948,5.41,12.86,65.5,0.889,18.86,-2.16
Japan,2023,816000000,51602208000000,63238,9.2,5.5,77.0,0.576,12.44,6.27
Japan,2023,83000000,4652648000000,56056,4.91,15.82,68.1,0.736,18.98,8.57
Japan,2023,830000000,19071740000000,22978,3.04,13.97,69.2,0.6,8.34,4.9
Japan,2023,388000000,11052568000000,28486,8.48,3.99,66.7,0.803,19.56,7.05
Japan,2023,469000000,13970103000000,29787,-0.04,2.14,71.3,0.651,7.56,0.04
Japan,2023,175000000,1816675000000,10381,7.28,13.84,70.6,0.867,13.47,7.88
Japan,2023,61000000,4321240000000,70840,0.64,9.51,72.4,0.812,17.78,7.8
Japan,2023,467000000,8347158000000,17874,-0.0,14.56,70.1,0.733,1.47,-0.74
Japan,2023,390000000,10980060000000,28154,8.24,13.75,68.8,0.817,10.7,8.6
Japan,2023,270000000,11951820000000,44266,2.38,3.21,71.3,0.561,12.03,7.87
Japan,2023,850000000,5094900000000,5994,3.67,7.14,70.0,0.895,17.1,1.84
Japan,2023,1397000000,19615277000000,14041,7.13,8.13,63.6,0.684,7.69,5.93
Japan,2023,1011000000,57578472000000,56952,6.71,14.36,68.2,0.625,3.15,-2.75
Japan,2023,1010000000,23242120000000,23012,1.73,3.35,80.3,0.561,4.86,0.69
Japan,2023,287000000,22717772000000,79156,3.23,3.31,83.5,0.777,10.41,-1.7
Japan,2023,1076000000,3892968000000,3618,0.39,14.22,63.4,0.819,8.23,-0.55
Japan,2023,101000000,4564493000000,45193,3.93,16.96,83.1,0.592,8.98,4.68
Japan,2023,1355000000,97600650000000,72030,9.65,13.03,84.5,0.577,13.94,4.63
Japan,2023,868000000,65258844000000,75183,0.87,3.83,65.3,0.607,12.14,4.1
UK,2023,905000000,20008645000000,22109,-0.56,14.4,72.8,0.694,18.06,-0.68
UK,2023,144000000,10942272000000,75988,11.44,15.94,63.0,0.659,12.41,5.84
UK,2023,1289000000,108595672000000,84248,8.89,14.42,74.0,0.651,7.5,-2.42
UK,2023,1342000000,58368948000000,43494,1.47,2.45,83.8,0.754,16.67,6.84
UK,2023,362000000,18639380000000,51490,1.34,7.42,73.5,0.945,9.13,4.21
UK,2023,950000000,4189500000000,4410,2.72,3.23,79.4,0.86,1.8,2.92
UK,2023,1059000000,69172821000000,65319,7.85,4.83,83.4,0.838,3.22,8.93
UK,2023,1083000000,82206198000000,75906,8.69,13.13,72.2,0.744,1.14,6.92
UK,2023,1382000000,15658060000000,11330,11.49,8.96,71.4,0.916,13.96,3.2
UK,2023,1114000000,57465690000000,51585,8.66,15.44,81.2,0.669,11.05,8.22
UK,2023,367000000,7133379000000,19437,8.57,2.08,65.5,0.823,6.52,0.03
UK,2023,571000000,15898353000000,27843,2.28,9.11,69.8,0.866,0.97,2.12
UK,2023,109000000,3170483000000,29087,11.53,16.91,82.1,0.734,18.82,6.12
UK,2023,355000000,28644595000000,80689,4.5,10.06,65.4,0.803,14.76,-2.07
UK,2023,1221000000,93198930000000,76330,10.43,15.14,78.3,0.594,13.52,4.68
UK,2023,751000000,57956172000000,77172,1.42,7.88,64.2,0.818,10.73,8.74
UK,2023,557000000,24648364000000,44252,9.17,3.91,65.8,0.672,9.77,4.67
UK,2023,162000000,11124378000000,68669,5.54,11.48,84.4,0.907,14.5,-2.77
UK,2023,98000000,363384000000,3708,8.22,3.45,63.1,0.622,16.6,2.63
UK,2023,1101000000,91789269000000,83369,4.75,3.08,65.3,0.94,11.16,6.99
France,2023,1220000000,32111620000000,26321,5.81,2.3,65.2,0.608,15.3,8.59
France,2023,1325000000,22687975000000,17123,3.11,16.42,75.9,0.775,6.89,0.89
France,2023,1083000000,82081653000000,75791,8.89,6.93,64.4,0.897,7.84,0.61
France,2023,520000000,43636840000000,83917,-0.44,4.71,66.8,0.574,11.38,8.39
France,2023,1109000000,66130779000000,59631,7.48,6.21,63.1,0.919,13.82,3.72
France,2023,1012000000,67386044000000,66587,7.39,6.16,84.0,0.897,7.49,-0.3
France,2023,270000000,1577610000000,5843,11.74,14.97,78.8,0.855,0.79,4.0
France,2023,392000000,7773360000000,19830,8.62,6.99,79.6,0.598,16.51,1.99
France,2023,715000000,58633575000000,82005,5.58,4.01,80.6,0.919,4.63,-1.59
France,2023,666000000,43902720000000,65920,4.05,4.75,79.6,0.572,3.89,8.18
France,2023,1348000000,80911004000000,60023,1.49,4.35,77.4,0.801,6.2,-2.69
France,2023,1130000000,79199440000000,70088,7.37,6.77,75.3,0.681,4.74,5.06
France,2023,826000000,53679262000000,64987,3.9,2.76,73.5,0.642,2.57,-2.13
France,2023,199000000,2720728000000,13672,6.04,10.55,80.8,0.676,11.27,8.01
France,2023,1002000000,50411622000000,50311,0.86,6.88,78.9,0.648,17.3,3.16
France,2023,805000000,67527425000000,83885,1.9,10.4,69.8,0.765,5.01,4.83
France,2023,82000000,1597442000000,19481,2.21,16.15,62.4,0.926,12.07,5.48
France,2023,70000000,4568620000000,65266,8.67,12.11,62.9,0.68,10.24,8.45
France,2023,595000000,1765960000000,2968,-0.65,17.7,65.8,0.881,1.72,3.08
France,2023,1266000000,62474568000000,49348,6.6,17.73,68.0,0.668,11.28,-0.88
Canada,2023,825000000,8293725000000,10053,4.11,6.36,69.4,0.757,9.19,-2.31
Canada,2023,381000000,9207246000000,24166,7.7,2.05,72.5,0.7,10.64,-0.61
Canada,2023,1215000000,72099315000000,59341,6.61,12.6,73.2,0.639,17.27,-0.96
Canada,2023,68000000,1338240000000,19680,11.35,14.12,63.3,0.873,6.6,5.28
Canada,2023,297000000,6223338000000,20954,10.39,9.08,74.7,0.768,1.57,2.82
Canada,2023,1097000000,15159443000000,13819,10.91,17.05,72.8,0.752,18.98,2.02
Canada,2023,522000000,17200944000000,32952,11.61,2.05,71.7,0.794,14.87,8.66
Canada,2023,563000000,32491856000000,57712,2.87,8.09,64.2,0.96,18.65,2.17
Canada,2023,418000000,22357984000000,53488,7.23,15.67,67.2,0.818,15.58,3.19
Canada,2023,1348000000,28694876000000,21287,2.2,12.58,79.0,0.812,5.61,-2.31
Canada,2023,935000000,28893370000000,30902,8.62,14.05,83.2,0.886,10.01,0.79
Canada,2023,1089000000,73324548000000,67332,10.48,6.71,66.5,0.915,18.95,5.72
Canada,2023,179000000,14601925000000,81575,1.93,10.29,70.2,0.906,17.09,-0.86
Canada,2023,842000000,3855518000000,4579,10.43,3.24,80.6,0.947,13.4,8.71
Canada,2023,196000000,11203948000000,57163,0.79,17.84,76.1,0.661,16.03,0.63
Canada,2023,205000000,9434510000000,46022,-0.47,6.11,73.7,0.727,15.98,2.96
Canada,2023,642000000,31069590000000,48395,6.72,13.35,76.4,0.59,19.72,1.7
Canada,2023,385000000,18780685000000,48781,6.27,9.26,83.1,0.829,12.89,6.84
Canada,2023,618000000,20051628000000,32446,11.39,8.68,76.5,0.686,19.28,1.8
Canada,2023,1041000000,76249086000000,73246,11.34,6.18,76.1,0.9,18.77,3.07
Brazil,2023,1274000000,46243652000000,36298,9.36,6.26,67.6,0.611,3.33,8.86
Brazil,2023,318000000,2326170000000,7315,0.38,3.53,76.7,0.863,10.59,0.23
Brazil,2023,557000000,24965854000000,44822,2.08,10.7,63.0,0.908,15.49,1.74
Brazil,2023,1312000000,36470976000000,27798,6.3,2.64,75.0,0.678,15.99,3.86
Brazil,2023,473000000,6660313000000,14081,2.28,5.75,70.3,0.769,9.46,8.59
Brazil,2023,1326000000,110949072000000,83672,10.45,12.6,63.7,0.752,9.65,9.0
Brazil,2023,1074000000,39614490000000,36885,9.33,16.67,63.9,0.931,4.48,-0.12
Brazil,2023,1069000000,12188738000000,11402,6.31,16.65,72.1,0.806,3.05,4.1
Brazil,2023,392000000,23390640000000,59670,9.8,3.09,73.2,0.759,14.8,-0.99
Brazil,2023,861000000,24770109000000,28769,8.03,2.14,72.4,0.735,18.26,8.91
Brazil,2023,1238000000,87683826000000,70827,10.44,13.34,63.9,0.76,1.5,-0.81
Brazil,2023,564000000,39539220000000,70105,0.47,13.14,79.1,0.944,13.41,5.81
Brazil,2023,1257000000,15013608000000,11944,0.79,10.7,64.7,0.661,0.54,-2.18
Brazil,2023,188000000,14201144000000,75538,9.04,2.9,75.5,0.66,5.52,6.59
Brazil,2023,1178000000,90981652000000,77234,8.91,13.1,83.7,0.771,7.76,-0.24
Brazil,2023,1360000000,16427440000000,12079,7.1,16.13,65.4,0.902,7.6,1.52
Brazil,2023,871000000,41999620000000,48220,6.83,10.58,68.8,0.774,9.65,1.13
Brazil,2023,331000000,13139045000000,39695,5.08,6.15,63.7,0.839,18.17,2.26
Brazil,2023,1386000000,114943752000000,82932,7.04,16.78,65.0,0.792,4.88,4.05
Brazil,2023,476000000,30070348000000,63173,10.29,6.6,66.0,0.847,8.41,0.35
Australia,2023,305000000,6882020000000,22564,7.15,17.39,64.4,0.794,2.12,4.38
Australia,2023,161000000,4815188000000,29908,6.2,11.34,79.6,0.711,3.08,7.76
Australia,2023,1324000000,44248080000000,33420,7.66,9.99,83.3,0.771,5.14,2.69
Australia,2023,969000000,56559561000000,58369,2.14,6.13,71.1,0.6,11.72,5.82
Australia,2023,1079000000,2591758000000,2402,3.44,6.65,70.7,0.675,15.94,2.33
Australia,2023,568000000,1253576000000,2207,9.26,11.45,79.0,0.871,1.87,5.15
Australia,2023,147000000,5188659000000,35297,-0.69,5.21,72.7,0.704,5.19,-1.01
Australia,2023,1193000000,6086686000000,5102,1.65,8.12,81.6,0.648,17.25,8.61
Australia,2023,165000000,10663125000000,64625,2.45,3.96,72.9,0.96,12.09,0.27
Australia,2023,1196000000,28565264000000,23884,11.2,15.45,73.0,0.797,11.49,0.95
Australia,2023,39000000,712647000000,18273,2.69,11.73,65.5,0.56,15.34,-1.25
Australia,2023,395000000,27334000000000,69200,4.06,8.86,73.0,0.582,15.47,-2.85
Australia,2023,1311000000,108520647000000,82777,-0.97,6.76,73.7,0.596,3.55,1.83
Australia,2023,339000000,4254450000000,12550,0.63,4.87,78.0,0.784,14.16,-1.86
Australia,2023,693000000,54864810000000,79170,11.8,13.17,70.3,0.682,2.34,-0.12
Australia,2023,1267000000,45658879000000,36037,0.64,13.66,62.4,0.742,3.09,1.5
Australia,2023,961000000,48258537000000,50217,6.2,14.38,74.7,0.614,5.02,1.44
Australia,2023,1162000000,12904010000000,11105,4.13,15.16,69.1,0.789,13.87,5.43
Australia,2023,1352000000,46818408000000,34629,10.82,14.3,84.8,0.616,10.99,3.15
Australia,2023,157000000,1440318000000,9174,5.81,12.17,81.9,0.701,10.67,2.86
Italy,2023,642000000,39230052000000,61106,5.63,11.42,63.9,0.786,7.37,-0.61
Italy,2023,1378000000,88689458000000,64361,9.98,12.98,81.2,0.622,8.46,-0.25
Italy,2023,148000000,4086132000000,27609,0.84,15.35,73.7,0.731,17.21,0.8
Italy,2023,195000000,1639560000000,8408,7.62,15.03,73.7,0.702,14.07,-0.93
Italy,2023,415000000,6504710000000,15674,10.53,4.73,78.7,0.813,9.07,7.9
Italy,2023,997000000,3643038000000,3654,4.82,10.2,64.5,0.9,13.13,5.72
Italy,2023,981000000,17729613000000,18073,1.96,10.16,76.9,0.668,1.56,1.22
Italy,2023,366000000,4370040000000,11940,4.64,12.78,63.1,0.867,0.9,1.08
Italy,2023,375000000,29715750000000,79242,6.28,15.88,64.4,0.736,10.88,3.19
Italy,2023,1276000000,37158396000000,29121,9.5,3.32,76.2,0.86,14.76,0.11
Italy,2023,1087000000,57310988000000,52724,0.72,10.16,82.0,0.76,12.28,3.02
Italy,2023,403000000,14472939000000,35913,3.14,2.59,79.2,0.856,16.03,-1.61
Italy,2023,1130000000,26660090000000,23593,7.39,2.07,62.4,0.806,4.51,8.91
Italy,2023,1333000000,102606342000000,76974,8.9,6.57,71.8,0.835,18.13,-0.91
Italy,2023,647000000,49327927000000,76241,5.07,16.14,63.6,0.676,13.6,0.75
Italy,2023,57000000,2248308000000,39444,1.17,15.83,81.8,0.553,8.83,7.52
Italy,2023,579000000,47607117000000,82223,11.15,2.97,80.8,0.953,12.42,3.07
Italy,2023,1108000000,58463620000000,52765,-0.47,9.33,66.4,0.792,17.86,4.29
Italy,2023,66000000,1539780000000,23330,2.58,13.97,74.5,0.865,4.35,6.95
Italy,2023,970000000,79703930000000,82169,3.27,11.83,65.5,0.724,18.17,1.99
South Korea,2023,1095000000,31221735000000,28513,1.59,14.49,67.9,0.743,11.43,-1.04
South Korea,2023,208000000,327184000000,1573,6.28,12.11,76.9,0.627,16.24,2.0
South Korea,2023,1123000000,62629710000000,55770,1.67,17.09,78.3,0.703,15.98,-0.05
South Korea,2023,595000000,11882150000000,19970,11.47,10.92,69.8,0.696,5.07,-2.2
South Korea,2023,86000000,2582236000000,30026,0.02,13.0,73.4,0.759,6.68,5.06
South Korea,2023,788000000,49034876000000,62227,4.22,6.27,63.0,0.83,5.05,5.43
South Korea,2023,376000000,2760216000000,7341,9.64,3.27,81.4,0.762,17.51,0.13
South Korea,2023,517000000,40171417000000,77701,6.21,7.06,71.9,0.835,9.64,1.34
South Korea,2023,340000000,2089640000000,6146,9.91,2.4,74.0,0.759,18.34,1.55
South Korea,2023,1351000000,90065766000000,66666,5.67,14.83,74.0,0.939,11.29,-1.53
South Korea,2023,195000000,1512225000000,7755,11.03,7.41,69.8,0.948,8.83,8.1
South Korea,2023,572000000,45125080000000,78890,3.34,6.58,68.3,0.82,19.92,-0.63
South Korea,2023,1288000000,92921472000000,72144,5.44,14.98,62.8,0.694,8.3,1.62
South Korea,2023,326000000,13451412000000,41262,10.89,3.75,77.1,0.712,8.98,7.72
South Korea,2023,441000000,15322104000000,34744,9.87,17.8,80.1,0.583,6.78,-1.89
South Korea,2023,591000000,20461602000000,34622,5.06,8.54,82.7,0.941,14.34,3.25
South Korea,2023,1399000000,16106687000000,11513,8.04,17.96,66.8,0.577,2.93,-0.18
South Korea,2023,962000000,49618036000000,51578,8.27,15.82,68.5,0.82,16.67,6.48
South Korea,2023,525000000,14811300000000,28212,3.37,10.78,71.2,0.581,18.37,4.99
South Korea,2023,662000000,25661768000000,38764,5.1,8.35,63.1,0.831,13.18,4.73
Mexico,2023,267000000,13388448000000,50144,4.84,9.29,62.6,0.562,10.72,-1.69
Mexico,2023,1397000000,3199130000000,2290,1.9,14.8,69.4,0.7,7.43,5.75
Mexico,2023,1229000000,19377643000000,15767,10.4,7.04,82.8,0.641,16.96,6.92
Mexico,2023,484000000,6129376000000,12664,3.17,3.32,83.3,0.734,3.37,8.13
Mexico,2023,65000000,841035000000,12939,3.26,3.26,74.6,0.944,10.63,3.16
Mexico,2023,1346000000,4219710000000,3135,5.16,7.82,78.3,0.925,9.95,6.63
Mexico,2023,99000000,6751107000000,68193,2.75,4.72,81.3,0.581,7.71,4.41
Mexico,2023,1178000000,93131502000000,79059,4.03,7.5,71.0,0.679,3.52,7.47
Mexico,2023,582000000,30896634000000,53087,8.52,2.66,67.4,0.898,5.35,8.51
Mexico,2023,707000000,46388391000000,65613,11.52,7.32,82.4,0.93,16.29,0.51
Mexico,2023,945000000,77361480000000,81864,7.82,13.36,83.0,0.736,14.6,-2.31
Mexico,2023,623000000,5568997000000,8939,8.34,2.24,71.3,0.747,9.97,3.24
Mexico,2023,776000000,30907304000000,39829,-0.24,5.28,80.7,0.843,10.84,5.87
Mexico,2023,427000000,27305796000000,63948,3.75,3.76,81.8,0.701,12.84,7.54
Mexico,2023,1117000000,10745540000000,9620,7.34,9.23,70.4,0.69,18.57,-2.21
Mexico,2023,295000000,1473230000000,4994,3.96,4.97,77.0,0.945,13.81,3.57
Mexico,2023,1063000000,2276946000000,2142,3.99,10.04,78.4,0.686,4.58,-0.68
Mexico,2023,61000000,4611417000000,75597,8.53,2.89,68.3,0.555,12.75,8.28
Mexico,2023,698000000,28682914000000,41093,2.82,11.45,72.0,0.767,6.8,3.28
Mexico,2023,320000000,26135040000000,81672,2.33,4.67,73.9,0.803,11.68,0.74
Indonesia,2023,1312000000,76073696000000,57983,4.78,14.7,79.9,0.736,9.61,1.21
Indonesia,2023,549000000,956907000000,1743,5.23,14.23,77.0,0.586,2.15,7.75
Indonesia,2023,782000000,21200802000000,27111,-0.19,5.35,81.0,0.701,14.77,5.44
Indonesia,2023,597000000,7575930000000,12690,-0.02,16.16,72.8,0.838,0.98,-0.27
Indonesia,2023,307000000,11120768000000,36224,2.85,12.42,72.3,0.728,16.69,0.6
Indonesia,2023,469000000,2556519000000,5451,0.84,3.06,83.9,0.949,16.06,8.6
Indonesia,2023,928000000,14256864000000,15363,10.67,17.31,65.8,0.829,7.64,8.84
Indonesia,2023,376000000,22175352000000,58977,1.34,10.04,65.3,0.56,11.75,4.59
Indonesia,2023,378000000,4231332000000,11194,3.51,9.33,73.7,0.805,15.12,2.24
Indonesia,2023,1285000000,58283745000000,45357,5.39,17.74,63.1,0.886,5.33,-0.38
Indonesia,2023,1114000000,36955836000000,33174,0.16,14.22,75.0,0.715,15.46,-1.4
Indonesia,2023,483000000,21895839000000,45333,1.3,17.18,80.9,0.956,16.33,4.35
Indonesia,2023,435000000,28875735000000,66381,9.42,14.48,83.8,0.855,1.69,7.13
Indonesia,2023,845000000,63564280000000,75224,11.88,7.85,84.6,0.768,15.69,3.68
Indonesia,2023,124000000,3093180000000,24945,11.35,14.34,71.6,0.815,3.57,8.59
Indonesia,2023,1205000000,94246665000000,78213,2.47,3.52,68.1,0.652,13.02,1.28
Indonesia,2023,605000000,43419035000000,71767,4.35,12.84,83.4,0.866,3.19,7.98
Indonesia,2023,186000000,5695878000000,30623,-0.56,13.34,75.2,0.608,18.85,6.25
Indonesia,2023,455000000,9953580000000,21876,8.93,4.36,74.0,0.743,8.93,-2.09
Indonesia,2023,289000000,15816681000000,54729,2.78,5.47,62.4,0.82,17.6,0.07
Saudi Arabia,2023,540000000,25520940000000,47261,0.83,10.67,73.9,0.766,5.4,-0.19
Saudi Arabia,2023,996000000,74335464000000,74634,10.71,15.26,62.4,0.873,16.95,3.13
Saudi Arabia,2023,501000000,26729352000000,53352,8.71,10.33,67.7,0.606,15.07,5.67
Saudi Arabia,2023,174000000,499380000000,2870,-0.77,17.07,62.3,0.696,11.41,-2.2
Saudi Arabia,2023,323000000,25472103000000,78861,5.68,15.52,69.8,0.735,16.24,-0.69
Saudi Arabia,2023,1297000000,107341017000000,82761,4.67,5.94,76.2,0.63,15.55,-1.24
Saudi Arabia,2023,1174000000,74851892000000,63758,1.46,7.21,82.2,0.77,18.6,0.08
Saudi Arabia,2023,1030000000,71054550000000,68985,10.55,12.36,75.5,0.594,7.79,-0.53
Saudi Arabia,2023,489000000,24009411000000,49099,5.0,8.01,63.8,0.695,13.14,4.58
Saudi Arabia,2023,1264000000,12265856000000,9704,4.09,12.07,83.8,0.747,8.51,8.18
Saudi Arabia,2023,504000000,32869368000000,65217,1.07,12.36,69.3,0.655,6.8,0.39
Saudi Arabia,2023,464000000,16908160000000,36440,1.52,17.21,72.5,0.598,5.95,0.56
Saudi Arabia,2023,851000000,54389963000000,63913,3.26,11.68,67.4,0.704,11.61,7.58
Saudi Arabia,2023,469000000,37455278000000,79862,8.92,4.62,81.2,0.667,8.94,1.57
Saudi Arabia,2023,903000000,35672112000000,39504,2.23,6.26,84.7,0.764,17.12,4.86
Saudi Arabia,2023,84000000,5066376000000,60314,3.6,7.93,66.1,0.68,13.51,-0.16
Saudi Arabia,2023,696000000,11241096000000,16151,5.69,4.03,80.7,0.711,11.41,2.1
Saudi Arabia,2023,542000000,42638598000000,78669,10.11,9.72,73.2,0.702,13.42,4.41
Saudi Arabia,2023,75000000,3534900000000,47132,1.66,5.9,70.5,0.556,1.38,6.94
Saudi Arabia,2023,1185000000,81864540000000,69084,10.84,5.11,63.3,0.952,2.04,-0.17
South Africa,2023,364000000,18677204000000,51311,9.4,11.8,63.5,0.59,1.98,-2.62
South Africa,2023,372000000,19711908000000,52989,3.31,11.53,78.3,0.871,8.34,1.3
South Africa,2023,609000000,13572783000000,22287,11.26,2.89,79.4,0.74,14.46,0.42
South Africa,2023,467000000,24250376000000,51928,0.55,15.17,79.0,0.657,14.26,0.84
South Africa,2023,1298000000,21345610000000,16445,10.93,11.63,83.4,0.783,16.85,-1.72
South Africa,2023,909000000,2113425000000,2325,10.51,13.09,80.3,0.774,8.8,-1.38
South Africa,2023,786000000,60814392000000,77372,6.44,7.37,78.5,0.859,13.95,0.34
South Africa,2023,1270000000,48247300000000,37990,5.49,5.21,83.3,0.938,15.67,7.52
South Africa,2023,112000000,964992000000,8616,8.11,11.07,82.8,0.746,14.9,-0.75
South Africa,2023,1110000000,10522800000000,9480,6.49,12.1,79.4,0.866,19.09,-2.53
South Africa,2023,1221000000,91741056000000,75136,1.62,15.05,80.8,0.864,1.34,-1.23
South Africa,2023,358000000,8799998000000,24581,11.8,15.71,81.2,0.843,12.01,6.03
South Africa,2023,931000000,51529919000000,55349,8.03,8.28,67.6,0.795,9.9,0.3
South Africa,2023,294000000,15894228000000,54062,10.63,17.13,69.4,0.552,2.14,4.77
South Africa,2023,1271000000,18573123000000,14613,8.61,11.9,77.5,0.906,11.1,5.04
South Africa,2023,905000000,29491235000000,32587,1.1,8.94,64.4,0.64,18.53,8.68
South Africa,2023,1283000000,1968122000000,1534,11.52,9.71,74.8,0.812,7.13,0.17
South Africa,2023,1079000000,9243793000000,8567,9.25,4.06,71.8,0.826,19.95,0.22
South Africa,2023,419000000,7423004000000,17716,6.56,5.79,63.5,0.691,7.92,6.01
South Africa,2023,619000000,20594749000000,33271,0.44,2.9,65.0,0.686,4.07,6.43
Spain,2023,1141000000,48509615000000,42515,11.96,16.91,76.8,0.834,9.29,-1.39
Spain,2023,993000000,26637225000000,26825,3.18,9.88,66.0,0.785,11.74,0.44
Spain,2023,398000000,26148600000000,65700,7.94,7.29,62.2,0.829,7.6,7.25
Spain,2023,519000000,16273764000000,31356,0.39,3.85,65.4,0.556,17.07,3.01
Spain,2023,1148000000,49056336000000,42732,1.04,4.88,84.3,0.819,5.78,5.09
Spain,2023,133000000,4387670000000,32990,9.99,15.96,70.2,0.664,3.96,-1.14
Spain,2023,156000000,8346156000000,53501,1.84,8.4,82.4,0.809,10.22,6.85
Spain,2023,1236000000,89136612000000,72117,8.28,5.15,79.8,0.741,0.94,3.35
Spain,2023,581000000,7566944000000,13024,6.68,3.62,72.7,0.677,6.98,-1.33
Spain,2023,143000000,9619038000000,67266,8.78,10.84,62.7,0.842,7.55,3.24
Spain,2023,430000000,18980200000000,44140,6.85,14.11,69.1,0.775,4.31,5.21
Spain,2023,929000000,33956808000000,36552,-0.27,11.34,72.7,0.638,18.91,6.83
Spain,2023,602000000,5523350000000,9175,4.61,9.6,75.0,0.693,9.64,7.21
Spain,2023,393000000,13137204000000,33428,5.59,8.76,75.3,0.804,5.03,6.84
Spain,2023,772000000,33585088000000,43504,10.81,15.53,78.6,0.693,14.12,-2.26
Spain,2023,378000000,15649200000000,41400,1.31,11.85,69.8,0.771,7.86,2.48
Spain,2023,229000000,9740057000000,42533,3.38,6.53,66.0,0.884,3.7,0.15
Spain,2023,1264000000,49448944000000,39121,0.33,6.15,66.2,0.597,11.52,5.95
Spain,2023,725000000,5214925000000,7193,11.07,2.4,71.5,0.798,3.2,1.7
Spain,2023,1287000000,25038585000000,19455,4.5,12.79,72.5,0.795,4.16,6.47
Netherlands,2023,1116000000,74008656000000,66316,3.86,5.26,62.5,0.769,8.88,3.67
Netherlands,2023,743000000,44137172000000,59404,9.54,10.56,68.7,0.715,5.16,-0.79
Netherlands,2023,967000000,52793365000000,54595,5.39,17.23,65.9,0.675,9.27,-0.33
Netherlands,2023,759000000,30557340000000,40260,3.67,6.74,75.5,0.926,12.71,3.06
Netherlands,2023,167000000,12990763000000,77789,1.99,8.94,82.6,0.622,0.84,-1.8
Netherlands,2023,1040000000,32098560000000,30864,0.61,3.19,66.2,0.676,11.71,2.08
Netherlands,2023,446000000,2850832000000,6392,11.78,7.22,66.3,0.645,14.58,6.12
Netherlands,2023,1029000000,69601560000000,67640,1.09,12.61,67.8,0.944,16.96,4.02
Netherlands,2023,614000000,45624498000000,74307,8.37,2.8,76.8,0.839,6.56,0.61
Netherlands,2023,585000000,2604420000000,4452,2.34,14.63,82.9,0.613,9.77,4.32
Netherlands,2023,619000000,41209925000000,66575,4.64,7.59,62.9,0.956,2.38,7.8
Netherlands,2023,1317000000,63661146000000,48338,3.74,6.84,69.4,0.678,19.37,5.65
Netherlands,2023,958000000,52916088000000,55236,-0.76,10.99,67.0,0.879,16.25,-2.98
Netherlands,2023,26000000,398814000000,15339,5.95,4.87,66.1,0.818,12.77,0.92
Netherlands,2023,345000000,8373150000000,24270,1.43,12.75,64.5,0.723,15.22,5.81
Netherlands,2023,824000000,2445632000000,2968,6.02,10.22,82.0,0.696,2.8,1.6
Netherlands,2023,789000000,46564413000000,59017,5.62,12.45,78.2,0.908,6.6,3.77
Netherlands,2023,113000000,5531802000000,48954,8.99,2.02,82.5,0.774,16.4,5.92
Netherlands,2023,244000000,11602200000000,47550,0.65,10.2,67.2,0.552,11.18,6.46
Netherlands,2023,446000000,34186792000000,76652,11.39,4.01,83.8,0.852,6.48,3.43
Turkey,2023,1081000000,53868392000000,49832,3.88,14.31,78.4,0.864,7.12,7.42
Turkey,2023,156000000,7041996000000,45141,8.07,7.88,64.8,0.754,11.14,2.58
Turkey,2023,1074000000,28521144000000,26556,7.59,7.1,69.1,0.812,8.35,5.27
Turkey,2023,1138000000,50404296000000,44292,4.87,16.01,80.8,0.76,10.93,3.36
Turkey,2023,359000000,12076401000000,33639,7.88,16.28,77.8,0.785,4.07,-1.24
Turkey,2023,196000000,5621868000000,28683,7.76,12.06,74.4,0.711,6.26,6.95
Turkey,2023,341000000,12345223000000,36203,-0.28,14.71,71.4,0.56,15.65,7.82
Turkey,2023,265000000,1792195000000,6763,2.09,12.98,77.3,0.627,17.3,4.5
Turkey,2023,104000000,2306616000000,22179,6.72,5.52,62.8,0.831,1.84,3.04
Turkey,2023,63000000,5314554000000,84358,0.77,11.35,74.6,0.646,12.24,5.87
Turkey,2023,843000000,19864452000000,23564,9.18,9.65,80.6,0.853,16.57,0.36
Turkey,2023,175000000,2601725000000,14867,5.14,11.47,82.9,0.77,4.84,-2.67
Turkey,2023,357000000,7058247000000,19771,11.31,2.07,77.0,0.933,10.02,7.4
Turkey,2023,1272000000,69594936000000,54713,-0.86,17.27,79.5,0.941,4.33,-0.05
Turkey,2023,467000000,719647000000,1541,6.91,9.27,74.7,0.943,1.68,0.09
Turkey,2023,780000000,6782880000000,8696,9.86,8.97,63.2,0.786,12.15,6.03
Turkey,2023,1153000000,20456526000000,17742,5.83,5.19,66.2,0.592,7.23,5.77
Turkey,2023,134000000,7988678000000,59617,3.96,8.82,62.2,0.691,19.34,5.86
Turkey,2023,922000000,55079358000000,59739,2.79,7.98,63.2,0.801,12.16,5.65
Turkey,2023,258000000,8760648000000,33956,7.66,16.34,63.8,0.94,9.26,-0.14
Nigeria,2023,1256000000,65315768000000,52003,0.26,11.97,80.5,0.62,10.42,3.85
Nigeria,2023,1224000000,77764392000000,63533,1.78,13.05,74.9,0.946,4.66,-0.42
Nigeria,2023,278000000,7037570000000,25315,7.65,8.64,74.5,0.829,3.63,4.67
Nigeria,2023,231000000,8966958000000,38818,10.18,4.69,75.5,0.607,14.63,2.02
Nigeria,2023,387000000,17812836000000,46028,8.93,16.61,70.6,0.731,3.38,8.01
Nigeria,2023,1093000000,75204958000000,68806,10.56,4.59,65.9,0.903,5.9,4.68
Nigeria,2023,801000000,2924451000000,3651,9.06,5.73,77.3,0.797,10.83,6.77
Nigeria,2023,198000000,12954744000000,65428,4.09,13.48,77.7,0.595,7.83,-2.63
Nigeria,2023,1018000000,29438524000000,28918,-0.53,16.62,76.5,0.898,2.18,1.96
Nigeria,2023,320000000,11207360000000,35023,4.15,11.31,81.1,0.949,7.22,6.58
Nigeria,2023,655000000,6130145000000,9359,2.23,14.4,63.5,0.79,18.3,0.06
Nigeria,2023,722000000,15714330000000,21765,6.76,7.54,77.2,0.595,2.27,-2.25
Nigeria,2023,404000000,26311712000000,65128,6.04,5.79,70.1,0.916,14.6,8.05
Nigeria,2023,622000000,11249492000000,18086,1.21,11.17,80.4,0.621,7.8,-2.03
Nigeria,2023,624000000,25476048000000,40827,9.43,9.65,78.7,0.697,15.37,0.41
Nigeria,2023,149000000,2525848000000,16952,7.65,10.81,67.5,0.896,18.77,1.12
Nigeria,2023,404000000,30818736000000,76284,5.15,8.1,71.2,0.884,7.35,-2.9
Nigeria,2023,1271000000,78411803000000,61693,3.28,6.01,82.2,0.92,11.41,-1.91
Nigeria,2023,252000000,13318704000000,52852,0.38,10.83,62.6,0.686,13.44,-1.76
Nigeria,2023,1398000000,74151318000000,53041,2.25,6.89,80.9,0.721,7.43,0.81
USA,2024,283000000,9991315000000,35305,1.91,8.04,64.6,0.571,3.29,2.37
USA,2024,1234000000,23513870000000,19055,10.27,10.2,76.4,0.79,14.74,7.84
USA,2024,651000000,36851808000000,56608,9.43,2.04,70.2,0.882,16.22,0.11
USA,2024,801000000,35431434000000,44234,10.07,8.66,66.5,0.766,10.52,6.82
USA,2024,1148000000,9112824000000,7938,4.04,13.63,69.2,0.754,11.53,-2.06
USA,2024,1356000000,16171656000000,11926,5.3,13.56,64.0,0.656,3.75,0.68
USA,2024,295000000,16142990000000,54722,2.15,7.0,67.9,0.909,1.04,5.06
USA,2024,594000000,26393796000000,44434,4.59,5.92,64.9,0.725,9.95,4.89
USA,2024,31000000,512368000000,16528,9.42,16.37,69.4,0.769,1.33,-1.3
USA,2024,530000000,20588910000000,38847,10.05,6.36,80.9,0.844,17.17,-0.66
USA,2024,1116000000,50067108000000,44863,11.44,16.47,69.0,0.561,0.97,-0.2
USA,2024,837000000,18039861000000,21553,10.79,6.78,76.0,0.742,18.05,-0.12
USA,2024,1292000000,17466548000000,13519,7.42,14.89,80.0,0.875,2.86,3.63
USA,2024,474000000,35403534000000,74691,5.05,3.5,81.2,0.674,12.25,5.31
USA,2024,7000000,535843000000,76549,1.51,8.34,75.8,0.561,12.5,1.29
USA,2024,554000000,46127702000000,83263,1.61,6.2,67.3,0.795,2.03,7.03
USA,2024,578000000,40936272000000,70824,-0.89,17.11,63.9,0.833,16.51,-0.47
USA,2024,580000000,5081380000000,8761,8.18,15.87,72.1,0.887,5.85,-1.67
USA,2024,927000000,12438486000000,13418,9.51,16.29,80.8,0.876,18.17,2.24
USA,2024,36000000,136440000000,3790,0.49,8.03,65.5,0.891,19.6,-0.49
China,2024,1247000000,3454190000000,2770,-0.86,17.3,67.0,0.81,0.75,-1.52
China,2024,328000000,7766384000000,23678,3.05,16.44,67.9,0.93,1.7,1.59
China,2024,1006000000,31243342000000,31057,0.03,16.6,72.6,0.809,16.16,6.2
China,2024,1355000000,84213250000000,62150,5.19,13.27,71.8,0.7,0.98,1.64
China,2024,1268000000,96581024000000,76168,4.22,3.56,76.8,0.795,4.13,-0.85
China,2024,951000000,12382971000000,13021,11.89,15.45,84.6,0.603,11.63,8.04
China,2024,1179000000,29546919000000,25061,3.77,2.75,83.3,0.85,8.56,7.55
China,2024,878000000,23852626000000,27167,5.22,13.14,62.1,0.585,10.02,1.03
China,2024,1128000000,67383336000000,59737,-0.55,12.91,82.0,0.665,9.74,4.29
China,2024,1287000000,13549536000000,10528,4.95,13.17,62.9,0.622,5.7,1.11
China,2024,541000000,3669062000000,6782,8.98,13.43,82.2,0.632,3.17,7.84
China,2024,647000000,35639348000000,55084,0.62,10.74,74.9,0.686,19.17,4.45
China,2024,843000000,46993035000000,55745,9.44,11.61,74.2,0.741,16.06,-2.47
China,2024,1022000000,75464480000000,73840,4.91,3.88,62.8,0.674,10.88,6.7
China,2024,475000000,20090600000000,42296,2.76,10.43,72.0,0.844,11.81,-0.62
China,2024,333000000,15096888000000,45336,6.64,11.04,76.2,0.878,16.79,2.69
China,2024,461000000,17860984000000,38744,3.01,17.03,63.5,0.912,10.26,2.32
China,2024,1050000000,57447600000000,54712,11.35,3.18,77.6,0.919,14.57,3.26
China,2024,951000000,60527346000000,63646,5.72,14.04,68.8,0.751,2.67,6.64
China,2024,35000000,2275805000000,65023,9.7,5.91,70.5,0.929,3.14,1.0
India,2024,1095000000,28767840000000,26272,7.69,17.01,75.0,0.707,14.46,3.17
India,2024,228000000,8204808000000,35986,6.52,8.7,79.6,0.585,7.56,1.32
India,2024,1247000000,39282994000000,31502,3.21,6.21,76.2,0.557,4.4,-2.14
India,2024,603000000,41673330000000,69110,8.25,7.45,65.1,0.807,10.19,-2.79
India,2024,736000000,42594528000000,57873,8.92,9.44,75.6,0.614,16.41,5.62
India,2024,646000000,45360828000000,70218,3.37,15.44,67.5,0.958,3.17,0.4
India,2024,1294000000,16485560000000,12740,6.53,14.94,64.7,0.837,16.92,0.4
India,2024,395000000,9694880000000,24544,9.99,13.26,70.3,0.899,7.38,-1.73
India,2024,194000000,3450678000000,17787,5.54,3.35,80.9,0.9,16.39,2.59
India,2024,1293000000,73734618000000,57026,3.41,7.06,79.8,0.652,15.88,-0.7
India,2024,893000000,71490008000000,80056,2.56,5.05,75.2,0.584,2.87,6.95
India,2024,192000000,12595200000000,65600,1.57,16.82,82.4,0.848,1.73,0.79
India,2024,1187000000,10611780000000,8940,7.47,14.13,65.9,0.888,10.06,1.82
India,2024,1005000000,30244470000000,30094,9.89,11.1,75.5,0.868,6.95,8.98
India,2024,790000000,65267430000000,82617,4.2,11.2,67.8,0.711,15.76,-2.16
India,2024,132000000,9398136000000,71198,4.89,4.93,74.0,0.916,0.61,5.04
India,2024,1334000000,86547252000000,64878,1.86,16.09,68.5,0.689,13.33,7.29
India,2024,744000000,63097896000000,84809,5.8,17.11,76.5,0.766,17.2,2.55
India,2024,745000000,37900385000000,50873,0.44,3.32,82.8,0.908,3.27,2.73
India,2024,1054000000,85834598000000,81437,0.52,11.2,66.3,0.764,14.16,-2.49
Germany,2024,721000000,52985569000000,73489,2.33,15.06,78.4,0.659,12.98,-2.14
Germany,2024,121000000,5638358000000,46598,5.36,7.66,67.7,0.788,18.47,0.09
Germany,2024,222000000,15464076000000,69658,7.11,3.24,67.0,0.575,2.04,5.95
Germany,2024,395000000,6950815000000,17597,2.87,7.54,78.6,0.853,3.0,3.09
Germany,2024,300000000,8244000000000,27480,8.89,4.7,83.7,0.845,6.82,6.68
Germany,2024,155000000,5939755000000,38321,3.72,17.7,62.9,0.841,6.52,1.87
Germany,2024,1045000000,41513670000000,39726,9.01,13.89,84.2,0.696,9.95,4.78
Germany,2024,486000000,4133430000000,8505,9.92,6.31,66.3,0.896,3.61,5.51
Germany,2024,327000000,10113783000000,30929,2.36,6.48,82.5,0.58,1.15,2.93
Germany,2024,1253000000,31441529000000,25093,8.0,10.58,64.1,0.853,10.56,2.37
Germany,2024,1321000000,77644417000000,58777,6.18,7.38,84.3,0.827,3.19,2.32
Germany,2024,185000000,1682575000000,9095,2.87,13.56,65.8,0.811,11.39,5.26
Germany,2024,1323000000,4199202000000,3174,4.72,15.32,70.1,0.648,4.66,-2.87
Germany,2024,359000000,2868769000000,7991,6.92,5.16,68.5,0.602,15.04,7.02
Germany,2024,1287000000,27604863000000,21449,-0.03,13.58,82.3,0.738,5.55,2.66
Germany,2024,377000000,18317676000000,48588,8.96,11.22,65.6,0.711,1.98,0.45
Germany,2024,40000000,2457680000000,61442,2.67,9.42,64.8,0.561,3.01,8.85
Germany,2024,701000000,54403208000000,77608,2.77,14.39,68.6,0.948,12.22,0.38
Germany,2024,550000000,9106350000000,16557,-0.86,10.28,66.4,0.73,8.08,6.73
Germany,2024,1267000000,84221291000000,66473,6.84,6.4,67.6,0.671,0.83,5.35
Japan,2024,381000000,10249281000000,26901,11.06,11.88,77.2,0.591,10.29,-1.45
Japan,2024,763000000,54934474000000,71998,0.82,13.11,73.6,0.596,12.38,3.68
Japan,2024,926000000,63851404000000,68954,2.46,8.24,74.3,0.585,1.02,7.07
Japan,2024,733000000,34725875000000,47375,9.7,16.79,62.3,0.948,4.52,-2.4
Japan,2024,529000000,20876456000000,39464,11.38,17.01,68.5,0.849,15.91,6.26
Japan,2024,864000000,72494784000000,83906,7.85,4.94,83.8,0.91,2.09,6.69
Japan,2024,1002000000,83985636000000,83818,-0.56,15.51,84.8,0.918,10.54,-2.53
Japan,2024,1017000000,24784290000000,24370,5.88,11.53,77.4,0.952,11.18,5.81
Japan,2024,1179000000,51274710000000,43490,10.99,4.97,81.3,0.616,18.58,0.75
Japan,2024,694000000,53184690000000,76635,5.71,12.24,74.6,0.958,5.53,0.83
Japan,2024,750000000,5715750000000,7621,9.89,3.39,70.8,0.725,2.3,-0.23
Japan,2024,1349000000,16414632000000,12168,6.16,8.0,72.1,0.815,16.0,0.43
Japan,2024,234000000,17618562000000,75293,10.04,3.84,72.0,0.605,18.67,7.31
Japan,2024,599000000,33187595000000,55405,3.63,16.81,62.2,0.797,12.14,7.11
Japan,2024,676000000,45470464000000,67264,3.2,11.99,72.9,0.786,16.61,3.43
Japan,2024,1281000000,21376047000000,16687,3.0,7.9,63.4,0.633,12.44,8.51
Japan,2024,1305000000,29851875000000,22875,4.35,16.31,69.6,0.91,1.38,3.22
Japan,2024,293000000,14926006000000,50942,6.18,8.69,78.7,0.939,10.83,7.67
Japan,2024,270000000,7004340000000,25942,6.27,10.58,78.3,0.849,15.76,4.19
Japan,2024,726000000,17270088000000,23788,8.22,9.41,76.8,0.92,17.52,3.75
UK,2024,963000000,43847316000000,45532,-0.96,12.6,65.8,0.607,1.0,-0.83
UK,2024,1132000000,8228508000000,7269,1.44,3.13,78.0,0.781,10.79,-0.73
UK,2024,520000000,2187640000000,4207,8.07,5.16,73.0,0.898,13.87,-2.91
UK,2024,456000000,6027408000000,13218,1.74,7.43,68.9,0.59,13.96,-1.81
UK,2024,845000000,13368745000000,15821,1.9,9.0,79.9,0.755,19.43,-0.97
UK,2024,734000000,37438404000000,51006,4.66,6.71,74.1,0.787,19.17,7.32
UK,2024,1077000000,16339167000000,15171,11.27,11.95,82.0,0.855,9.68,2.23
UK,2024,1314000000,73218708000000,55722,4.96,13.44,77.9,0.73,3.56,1.69
UK,2024,1159000000,57634752000000,49728,1.92,9.87,69.6,0.806,12.8,-0.28
UK,2024,224000000,7478688000000,33387,10.12,2.09,77.8,0.576,12.07,1.0
UK,2024,1107000000,33740253000000,30479,7.47,13.15,75.4,0.627,3.62,8.87
UK,2024,1025000000,17103150000000,16686,11.34,12.89,78.1,0.567,18.52,2.54
UK,2024,58000000,4363572000000,75234,4.78,17.76,71.0,0.784,8.82,8.67
UK,2024,1071000000,89474553000000,83543,1.97,5.14,68.4,0.923,6.68,6.34
UK,2024,1355000000,27128455000000,20021,5.34,14.94,83.4,0.821,14.26,6.93
UK,2024,82000000,3966586000000,48373,8.74,14.15,72.0,0.862,0.73,6.45
UK,2024,1235000000,12207975000000,9885,6.83,16.4,72.6,0.833,9.58,-1.16
UK,2024,1326000000,27217476000000,20526,8.54,3.31,67.3,0.72,19.81,6.54
UK,2024,418000000,2950662000000,7059,3.43,17.39,68.5,0.637,3.74,4.94
UK,2024,54000000,1038744000000,19236,1.77,17.31,67.6,0.614,4.07,3.21
France,2024,1055000000,10586925000000,10035,4.85,15.35,74.7,0.79,7.32,6.83
France,2024,457000000,32473963000000,71059,7.65,14.69,84.9,0.613,1.7,2.74
France,2024,1143000000,75842622000000,66354,9.48,8.77,65.0,0.821,19.54,6.81
France,2024,396000000,20250252000000,51137,5.36,3.91,74.6,0.899,16.5,1.59
France,2024,606000000,43404750000000,71625,5.88,17.54,62.3,0.565,5.29,6.76
France,2024,925000000,61517125000000,66505,1.39,13.09,80.4,0.826,9.2,4.59
France,2024,929000000,31855410000000,34290,5.46,17.16,63.1,0.65,1.05,2.06
France,2024,27000000,530604000000,19652,1.57,9.64,82.8,0.929,6.71,7.32
France,2024,813000000,59755500000000,73500,8.47,11.61,63.0,0.689,0.97,-1.82
France,2024,726000000,6893370000000,9495,0.74,9.35,77.6,0.598,11.52,-2.68
France,2024,463000000,31933573000000,68971,0.26,12.55,74.5,0.915,11.32,5.11
France,2024,1182000000,97873146000000,82803,3.55,12.73,70.0,0.644,1.26,3.59
France,2024,1054000000,19171206000000,18189,0.13,12.29,82.3,0.703,9.21,-0.85
France,2024,1235000000,15115165000000,12239,1.63,8.45,75.7,0.796,4.81,3.1
France,2024,1261000000,82050748000000,65068,9.97,9.18,82.4,0.604,16.61,2.43
France,2024,1321000000,110574305000000,83705,5.28,13.79,65.5,0.764,12.08,-1.66
France,2024,1026000000,57195396000000,55746,8.82,2.56,82.5,0.852,1.63,8.6
France,2024,267000000,5144289000000,19267,7.0,6.81,76.5,0.937,13.04,7.38
France,2024,445000000,21982555000000,49399,8.25,4.34,64.6,0.852,12.85,7.0
France,2024,757000000,16713803000000,22079,3.34,5.05,84.3,0.864,9.64,-0.28
Canada,2024,531000000,7336296000000,13816,4.84,12.33,77.1,0.734,9.78,8.55
Canada,2024,393000000,14360613000000,36541,5.36,12.1,66.0,0.597,1.77,0.91
Canada,2024,1357000000,28112969000000,20717,10.37,16.31,77.5,0.945,9.31,3.47
Canada,2024,198000000,643500000000,3250,9.39,5.17,70.9,0.765,1.83,5.69
Canada,2024,692000000,14314712000000,20686,10.25,16.0,64.2,0.561,12.39,7.62
Canada,2024,728000000,30075864000000,41313,0.35,14.01,64.7,0.668,7.05,4.07
Canada,2024,988000000,17676308000000,17891,1.04,4.39,77.5,0.566,17.75,-2.53
Canada,2024,855000000,29146095000000,34089,11.33,9.91,70.1,0.578,14.83,-1.45
Canada,2024,735000000,58026780000000,78948,10.53,3.75,70.5,0.57,19.15,-2.75
Canada,2024,1308000000,109920396000000,84037,11.01,10.24,67.0,0.75,13.17,2.5
Canada,2024,36000000,3039552000000,84432,-0.58,2.88,73.6,0.598,4.29,4.49
Canada,2024,493000000,6125032000000,12424,2.46,4.51,80.9,0.771,19.16,3.54
Canada,2024,339000000,23122512000000,68208,9.45,3.07,74.3,0.889,19.4,0.27
Canada,2024,78000000,1148940000000,14730,3.68,9.79,67.9,0.588,14.71,-2.51
Canada,2024,998000000,71330054000000,71473,0.36,17.78,75.9,0.802,8.14,-1.03
Canada,2024,379000000,5365882000000,14158,7.17,13.86,76.7,0.903,1.37,7.73
Canada,2024,1162000000,51986718000000,44739,-0.89,3.09,80.0,0.812,18.25,3.01
Canada,2024,298000000,12170618000000,40841,0.42,15.85,75.8,0.761,11.0,1.13
Canada,2024,91000000,4415411000000,48521,2.5,3.47,73.1,0.839,17.74,5.25
Canada,2024,1210000000,87668130000000,72453,4.93,16.96,69.7,0.6,9.86,5.31
Brazil,2024,683000000,19438180000000,28460,12.0,15.42,62.5,0.911,9.83,-2.95
Brazil,2024,1346000000,80395234000000,59729,2.76,15.69,71.3,0.895,11.8,3.3
Brazil,2024,504000000,40486824000000,80331,11.4,4.42,77.7,0.891,2.74,-3.0
Brazil,2024,1118000000,16215472000000,14504,7.39,14.91,78.3,0.858,19.74,-1.83
Brazil,2024,164000000,9257308000000,56447,10.06,3.13,68.5,0.894,4.87,8.73
Brazil,2024,143000000,4862143000000,34001,0.93,2.04,68.6,0.635,9.81,-2.66
Brazil,2024,1105000000,91311675000000,82635,2.22,6.06,70.6,0.821,11.33,4.94
Brazil,2024,464000000,7211024000000,15541,2.68,11.21,68.6,0.893,0.55,3.31
Brazil,2024,741000000,24568596000000,33156,-0.85,8.48,71.3,0.925,3.71,1.4
Brazil,2024,455000000,34405735000000,75617,1.55,5.02,77.8,0.687,4.98,8.35
Brazil,2024,1338000000,65566014000000,49003,3.84,6.43,80.1,0.642,7.07,3.57
Brazil,2024,1246000000,81893350000000,65725,2.22,2.82,76.6,0.785,0.94,2.88
Brazil,2024,936000000,68746392000000,73447,-0.04,13.12,69.4,0.611,15.09,3.43
Brazil,2024,751000000,45469295000000,60545,1.98,6.38,80.3,0.817,16.04,4.5
Brazil,2024,527000000,4896884000000,9292,2.84,8.85,71.0,0.845,1.65,2.33
Brazil,2024,328000000,27329944000000,83323,5.41,4.33,78.6,0.779,11.47,3.9
Brazil,2024,457000000,22046137000000,48241,10.28,4.67,77.1,0.567,0.8,7.49
Brazil,2024,1333000000,9365658000000,7026,2.86,2.95,79.6,0.856,16.66,-1.51
Brazil,2024,325000000,10814700000000,33276,11.37,9.5,77.4,0.848,19.03,-0.48
Brazil,2024,974000000,38487610000000,39515,3.53,12.72,66.1,0.868,0.88,4.98
Australia,2024,880000000,50364160000000,57232,8.75,9.99,76.6,0.643,7.17,2.4
Australia,2024,195000000,5601375000000,28725,2.62,11.72,66.4,0.743,8.94,8.82
Australia,2024,1153000000,64352389000000,55813,1.79,3.27,71.3,0.915,16.28,2.17
Australia,2024,1050000000,44137800000000,42036,9.73,4.11,64.6,0.83,7.57,6.61
Australia,2024,648000000,8103240000000,12505,9.3,14.79,63.8,0.825,11.83,0.23
Australia,2024,726000000,44159676000000,60826,2.48,11.43,71.1,0.763,8.49,5.56
Australia,2024,682000000,4445276000000,6518,0.94,8.18,76.3,0.934,16.41,5.41
Australia,2024,323000000,17967844000000,55628,7.11,12.08,65.4,0.674,7.86,-2.51
Australia,2024,924000000,72769620000000,78755,4.38,17.31,63.9,0.905,3.49,0.09
Australia,2024,887000000,71497522000000,80606,-0.55,6.58,62.8,0.626,16.15,1.89
Australia,2024,558000000,27677916000000,49602,7.51,5.26,64.5,0.591,17.24,-1.99
Australia,2024,1387000000,7131954000000,5142,7.31,3.25,78.7,0.744,5.99,5.27
Australia,2024,1105000000,17926415000000,16223,4.08,11.26,74.6,0.833,4.13,2.4
Australia,2024,565000000,12035065000000,21301,5.3,8.05,70.1,0.697,11.36,-1.42
Australia,2024,368000000,19505840000000,53005,7.95,3.07,72.4,0.628,0.65,8.07
Australia,2024,672000000,50062656000000,74498,4.29,5.09,63.6,0.584,19.76,0.32
Australia,2024,875000000,72719500000000,83108,8.31,7.23,78.1,0.798,8.09,3.52
Australia,2024,1181000000,42896282000000,36322,1.09,2.75,70.3,0.943,1.78,6.62
Australia,2024,209000000,6982272000000,33408,11.84,11.92,75.4,0.633,16.58,-0.7
Australia,2024,90000000,6813450000000,75705,8.88,2.65,67.0,0.782,9.35,-2.41
Italy,2024,366000000,26499132000000,72402,7.25,8.45,70.8,0.709,19.62,3.58
Italy,2024,639000000,11915433000000,18647,7.64,13.57,80.9,0.706,3.32,2.56
Italy,2024,530000000,43496040000000,82068,10.79,16.41,68.9,0.718,0.7,-2.8
Italy,2024,803000000,25785936000000,32112,5.99,8.27,65.9,0.87,8.5,6.22
Italy,2024,1275000000,32081550000000,25162,7.65,8.99,72.5,0.616,2.74,6.3
Italy,2024,331000000,21345528000000,64488,1.5,7.4,81.0,0.656,9.59,5.55
Italy,2024,237000000,10827819000000,45687,7.23,12.04,81.5,0.559,11.02,7.13
Italy,2024,802000000,32218746000000,40173,7.29,13.31,79.5,0.716,19.71,2.9
Italy,2024,1007000000,16482576000000,16368,0.64,13.1,62.4,0.761,11.74,6.69
Italy,2024,799000000,61444698000000,76902,10.63,7.46,82.0,0.958,3.42,7.57
Italy,2024,1219000000,61125536000000,50144,9.35,7.92,80.3,0.827,18.63,3.46
Italy,2024,434000000,19341644000000,44566,10.72,16.59,76.3,0.582,18.66,3.41
Italy,2024,1235000000,72341360000000,58576,2.87,5.61,65.9,0.886,10.09,0.78
Italy,2024,626000000,28886770000000,46145,2.35,7.8,64.8,0.694,19.45,6.62
Italy,2024,344000000,10082640000000,29310,5.21,8.07,74.2,0.822,6.16,5.74
Italy,2024,601000000,30325258000000,50458,8.07,5.97,65.0,0.956,7.79,-1.7
Italy,2024,894000000,42819024000000,47896,5.83,9.34,68.0,0.888,10.03,3.56
Italy,2024,980000000,44068640000000,44968,0.56,9.93,80.5,0.647,12.38,4.35
Italy,2024,375000000,4367625000000,11647,10.35,5.31,78.4,0.798,1.09,7.14
Italy,2024,7000000,535311000000,76473,8.7,5.94,66.0,0.9,7.67,3.26
South Korea,2024,590000000,23235380000000,39382,2.51,4.06,74.6,0.879,5.64,-2.54
South Korea,2024,386000000,24226132000000,62762,7.91,8.39,68.8,0.631,2.7,-2.58
South Korea,2024,598000000,35380072000000,59164,10.58,9.19,78.1,0.627,6.36,1.52
South Korea,2024,456000000,32629080000000,71555,4.37,5.9,69.1,0.85,8.18,-0.05
South Korea,2024,608000000,26707008000000,43926,5.12,7.23,82.1,0.865,16.4,7.93
South Korea,2024,841000000,28509900000000,33900,4.9,6.56,80.2,0.82,14.58,6.31
South Korea,2024,187000000,15550172000000,83156,5.46,3.31,78.0,0.677,14.55,-1.51
South Korea,2024,321000000,17387607000000,54167,3.47,14.68,75.4,0.587,18.92,4.96
South Korea,2024,82000000,440750000000,5375,8.77,12.13,65.8,0.909,16.64,1.13
South Korea,2024,1014000000,14231490000000,14035,7.27,2.4,63.1,0.624,8.32,2.21
South Korea,2024,399000000,11118135000000,27865,3.61,17.33,75.2,0.854,16.89,-2.94
South Korea,2024,1392000000,39186192000000,28151,0.59,15.82,72.0,0.911,5.1,-1.61
South Korea,2024,381000000,30295596000000,79516,11.3,13.59,64.2,0.862,11.57,7.14
South Korea,2024,203000000,7123270000000,35090,9.93,17.66,81.7,0.641,5.13,8.09
South Korea,2024,1023000000,27841968000000,27216,7.74,9.52,72.5,0.748,16.33,7.31
South Korea,2024,741000000,53752881000000,72541,0.52,10.86,68.2,0.834,5.01,-2.76
South Korea,2024,138000000,5450586000000,39497,4.9,14.94,79.5,0.761,19.37,8.79
South Korea,2024,460000000,16329540000000,35499,11.98,16.18,63.6,0.617,9.43,0.36
South Korea,2024,763000000,5035037000000,6599,7.03,16.85,81.6,0.883,4.42,8.47
South Korea,2024,647000000,10716908000000,16564,3.56,16.77,82.1,0.925,19.61,5.14
Mexico,2024,940000000,79462900000000,84535,7.73,17.99,81.1,0.666,10.18,3.97
Mexico,2024,163000000,11297367000000,69309,1.25,9.73,65.8,0.814,12.11,8.25
Mexico,2024,1136000000,42568192000000,37472,7.55,14.33,72.6,0.88,17.66,5.43
Mexico,2024,527000000,5272635000000,10005,4.23,4.63,67.2,0.932,17.61,0.85
Mexico,2024,464000000,980896000000,2114,10.97,15.85,77.5,0.853,0.67,3.36
Mexico,2024,1244000000,34885492000000,28043,6.65,8.7,75.6,0.909,14.63,4.54
Mexico,2024,1173000000,90935652000000,77524,10.18,16.76,73.1,0.785,9.23,0.8
Mexico,2024,622000000,42738864000000,68712,5.77,9.58,84.7,0.667,2.82,2.74
Mexico,2024,189000000,505575000000,2675,10.59,17.88,64.1,0.946,1.89,6.58
Mexico,2024,583000000,42318804000000,72588,1.87,9.81,76.9,0.959,3.15,3.94
Mexico,2024,841000000,46173423000000,54903,10.7,5.65,65.2,0.626,1.25,6.77
Mexico,2024,243000000,7859349000000,32343,3.19,5.81,69.7,0.654,17.54,-2.75
Mexico,2024,595000000,22067360000000,37088,10.05,2.68,74.0,0.616,12.31,-0.97
Mexico,2024,746000000,59506928000000,79768,4.13,3.25,72.6,0.916,5.54,8.03
Mexico,2024,941000000,16076985000000,17085,8.58,8.52,82.3,0.897,18.55,2.75
Mexico,2024,33000000,1325049000000,40153,7.33,6.28,66.4,0.813,6.26,7.69
Mexico,2024,548000000,28670264000000,52318,3.87,7.84,79.2,0.755,1.46,5.09
Mexico,2024,836000000,9477732000000,11337,1.78,17.86,72.1,0.831,19.7,8.27
Mexico,2024,78000000,3113214000000,39913,0.12,2.32,75.8,0.645,17.59,6.74
Mexico,2024,1351000000,5067601000000,3751,5.14,4.92,81.5,0.702,5.46,4.7
Indonesia,2024,161000000,2655695000000,16495,9.6,16.48,82.4,0.828,1.05,7.3
Indonesia,2024,1017000000,62088867000000,61051,7.11,11.54,82.0,0.947,10.99,4.23
Indonesia,2024,1088000000,68953088000000,63376,1.66,15.07,80.5,0.629,13.8,3.43
Indonesia,2024,61000000,3580029000000,58689,3.53,12.06,69.8,0.575,17.69,5.37
Indonesia,2024,1309000000,46710356000000,35684,4.0,4.17,66.6,0.845,5.2,4.17
Indonesia,2024,1102000000,7936604000000,7202,10.72,13.31,73.2,0.868,15.45,-0.5
Indonesia,2024,800000000,36639200000000,45799,1.32,5.12,69.0,0.583,14.17,6.54
Indonesia,2024,895000000,60265720000000,67336,2.86,17.67,71.1,0.829,11.72,-0.68
Indonesia,2024,1318000000,16932346000000,12847,6.76,6.44,74.1,0.813,1.73,0.52
Indonesia,2024,90000000,7080300000000,78670,4.92,11.42,64.3,0.818,7.18,0.52
Indonesia,2024,76000000,4600052000000,60527,0.76,9.94,81.0,0.763,6.13,0.97
Indonesia,2024,1395000000,118421550000000,84890,5.75,4.51,79.2,0.869,7.86,8.35
Indonesia,2024,1208000000,9207376000000,7622,-0.34,2.57,81.1,0.859,11.8,-2.78
Indonesia,2024,181000000,11388701000000,62921,10.74,6.21,79.1,0.744,4.42,6.45
Indonesia,2024,1055000000,23634110000000,22402,2.3,6.38,73.8,0.777,4.15,5.59
Indonesia,2024,470000000,10760650000000,22895,8.8,3.4,70.5,0.687,11.13,4.08
Indonesia,2024,766000000,50919084000000,66474,4.6,15.52,63.0,0.916,6.87,6.45
Indonesia,2024,831000000,29449809000000,35439,9.62,8.2,83.0,0.586,10.25,7.86
Indonesia,2024,1124000000,73710796000000,65579,3.49,15.54,69.4,0.659,6.5,7.66
Indonesia,2024,554000000,2466962000000,4453,9.86,16.3,75.4,0.793,5.81,3.95
Saudi Arabia,2024,1249000000,59126411000000,47339,7.44,13.9,74.9,0.943,13.56,8.25
Saudi Arabia,2024,408000000,1124040000000,2755,9.47,13.52,78.6,0.705,18.96,0.58
Saudi Arabia,2024,749000000,22073030000000,29470,10.94,12.03,84.0,0.553,8.6,1.54
Saudi Arabia,2024,318000000,20869386000000,65627,1.05,11.04,80.9,0.844,18.72,7.27
Saudi Arabia,2024,509000000,32589234000000,64026,10.4,9.87,76.3,0.906,17.09,4.04
Saudi Arabia,2024,923000000,14735695000000,15965,2.67,10.16,71.6,0.933,15.22,-1.49
Saudi Arabia,2024,375000000,7636875000000,20365,11.19,12.1,82.7,0.675,17.22,-1.67
Saudi Arabia,2024,250000000,3170500000000,12682,2.81,3.8,74.5,0.665,4.72,2.68
Saudi Arabia,2024,720000000,52126560000000,72398,10.5,17.33,74.9,0.643,2.59,4.24
Saudi Arabia,2024,458000000,8368118000000,18271,5.55,13.68,66.6,0.788,18.53,-1.34
Saudi Arabia,2024,181000000,4665456000000,25776,9.35,8.88,83.9,0.73,1.86,0.54
Saudi Arabia,2024,1289000000,59184435000000,45915,6.61,17.08,75.3,0.86,5.66,6.04
Saudi Arabia,2024,458000000,9707768000000,21196,4.76,7.03,71.9,0.578,18.56,-2.78
Saudi Arabia,2024,343000000,14611800000000,42600,-0.73,9.72,70.5,0.842,18.81,7.14
Saudi Arabia,2024,237000000,15668781000000,66113,-0.01,10.72,79.0,0.828,19.7,2.19
Saudi Arabia,2024,466000000,17519270000000,37595,6.38,2.35,74.3,0.669,8.25,1.83
Saudi Arabia,2024,1257000000,77912631000000,61983,5.14,17.56,72.5,0.675,9.71,0.37
Saudi Arabia,2024,1355000000,6796680000000,5016,3.34,3.32,68.0,0.563,11.28,-0.28
Saudi Arabia,2024,731000000,3675468000000,5028,5.17,14.66,64.1,0.913,16.38,2.23
Saudi Arabia,2024,860000000,6130080000000,7128,5.26,14.88,70.5,0.941,1.04,5.34
South Africa,2024,1321000000,15772740000000,11940,4.0,14.25,78.7,0.586,4.07,1.29
South Africa,2024,600000000,30052200000000,50087,10.08,13.15,83.4,0.911,2.71,-0.33
South Africa,2024,342000000,9487422000000,27741,6.94,17.32,80.4,0.636,6.63,8.77
South Africa,2024,1208000000,74130128000000,61366,2.2,12.58,80.0,0.922,2.86,-1.92
South Africa,2024,217000000,3657969000000,16857,-0.82,3.92,74.9,0.795,17.06,6.35
South Africa,2024,988000000,46498244000000,47063,1.93,9.08,77.1,0.743,16.67,2.62
South Africa,2024,165000000,7562610000000,45834,-0.75,6.1,74.4,0.619,5.65,0.33
South Africa,2024,1192000000,53424248000000,44819,9.63,5.62,69.3,0.931,4.88,6.78
South Africa,2024,158000000,4560986000000,28867,5.55,8.16,64.7,0.7,0.99,-2.88
South Africa,2024,907000000,28955068000000,31924,0.65,4.92,78.8,0.706,8.05,3.78
South Africa,2024,1329000000,76437435000000,57515,6.85,8.62,69.0,0.876,13.98,-0.56
South Africa,2024,1025000000,66430250000000,64810,-0.49,7.85,65.3,0.684,11.65,3.75
South Africa,2024,903000000,25947705000000,28735,5.1,6.95,77.1,0.697,13.91,-0.64
South Africa,2024,19000000,1428154000000,75166,2.88,5.22,63.5,0.803,17.03,3.95
South Africa,2024,1272000000,42898200000000,33725,9.39,16.69,75.6,0.922,14.79,2.57
South Africa,2024,1172000000,5320880000000,4540,4.29,13.96,67.3,0.702,11.64,-2.41
South Africa,2024,429000000,15780765000000,36785,2.81,14.05,68.9,0.579,4.52,-2.11
South Africa,2024,859000000,12326650000000,14350,7.57,14.63,71.3,0.557,10.25,4.8
South Africa,2024,979000000,45406999000000,46381,6.06,11.82,80.7,0.587,17.41,-2.45
South Africa,2024,1177000000,96445734000000,81942,1.11,10.48,75.7,0.94,16.34,5.3
Spain,2024,656000000,43564304000000,66409,7.36,11.46,84.7,0.849,18.69,3.21
Spain,2024,857000000,48597042000000,56706,3.53,4.66,84.2,0.738,2.59,3.75
Spain,2024,1269000000,16507152000000,13008,6.79,16.84,62.6,0.935,9.9,7.99
Spain,2024,569000000,44875323000000,78867,8.36,9.7,76.8,0.621,16.28,6.08
Spain,2024,1238000000,78416158000000,63341,5.72,11.0,70.2,0.627,2.86,5.59
Spain,2024,51000000,1152702000000,22602,6.78,5.51,68.5,0.763,13.01,0.41
Spain,2024,559000000,36977291000000,66149,2.49,6.49,67.0,0.613,5.03,5.45
Spain,2024,327000000,2668647000000,8161,-0.93,7.23,72.4,0.632,16.67,2.15
Spain,2024,884000000,23559484000000,26651,9.06,13.21,71.8,0.809,14.5,7.28
Spain,2024,553000000,40735639000000,73663,8.1,4.25,73.9,0.922,17.54,8.78
Spain,2024,417000000,31331712000000,75136,10.23,9.46,81.0,0.609,1.82,-2.01
Spain,2024,935000000,69223660000000,74036,7.75,13.1,62.9,0.593,8.21,7.44
Spain,2024,909000000,4636809000000,5101,1.34,16.54,65.1,0.755,13.45,-2.18
Spain,2024,1073000000,55131813000000,51381,8.29,5.09,66.0,0.866,13.95,7.95
Spain,2024,846000000,57625290000000,68115,1.27,10.91,67.6,0.596,13.91,2.47
Spain,2024,1017000000,53773875000000,52875,3.14,3.33,66.9,0.606,8.96,2.03
Spain,2024,1132000000,87394928000000,77204,9.14,11.16,73.1,0.633,11.25,0.73
Spain,2024,1319000000,98032037000000,74323,2.32,8.97,75.9,0.812,17.05,1.84
Spain,2024,139000000,7246487000000,52133,-0.39,7.18,79.3,0.627,8.67,2.61
Spain,2024,1257000000,23993616000000,19088,4.49,2.78,74.8,0.893,18.0,8.92
Netherlands,2024,1159000000,32251493000000,27827,-0.64,8.2,81.6,0.939,15.56,2.52
Netherlands,2024,52000000,598104000000,11502,4.01,8.96,63.7,0.7,9.51,-0.02
Netherlands,2024,1251000000,59437512000000,47512,9.24,13.83,84.5,0.668,11.32,6.52
Netherlands,2024,262000000,11564680000000,44140,0.81,9.91,65.1,0.604,19.03,6.45
Netherlands,2024,1105000000,10280920000000,9304,8.27,8.19,76.0,0.612,16.95,0.7
Netherlands,2024,511000000,16928408000000,33128,0.46,3.78,77.7,0.875,13.85,-0.3
Netherlands,2024,1386000000,90856458000000,65553,10.21,5.52,62.8,0.654,18.84,0.39
Netherlands,2024,764000000,5550460000000,7265,1.4,4.12,82.9,0.767,13.48,0.02
Netherlands,2024,1233000000,73077444000000,59268,9.87,8.87,76.2,0.588,18.57,0.64
Netherlands,2024,108000000,4325616000000,40052,9.13,7.15,74.6,0.911,1.14,8.36
Netherlands,2024,750000000,57851250000000,77135,8.52,14.85,76.3,0.585,2.58,-1.23
Netherlands,2024,341000000,635965000000,1865,8.24,14.24,65.9,0.813,19.99,-0.92
Netherlands,2024,217000000,5637660000000,25980,11.15,5.24,81.2,0.952,13.88,-0.45
Netherlands,2024,1127000000,44132193000000,39159,9.67,17.66,62.9,0.905,17.86,-1.7
Netherlands,2024,1100000000,60608900000000,55099,1.91,5.12,71.5,0.841,8.74,7.62
Netherlands,2024,361000000,13490570000000,37370,7.82,9.96,83.0,0.729,1.52,1.18
Netherlands,2024,410000000,31881190000000,77759,5.5,14.95,63.1,0.901,12.24,8.35
Netherlands,2024,706000000,24893560000000,35260,1.59,10.4,84.2,0.749,6.5,8.59
Netherlands,2024,1044000000,64169460000000,61465,8.0,7.43,64.5,0.716,12.33,-1.83
Netherlands,2024,70000000,4855340000000,69362,6.33,16.13,74.1,0.876,3.96,-2.38
Turkey,2024,1360000000,86449760000000,63566,0.68,3.49,71.3,0.737,16.84,5.94
Turkey,2024,114000000,8965416000000,78644,10.78,13.5,72.2,0.618,12.43,2.36
Turkey,2024,28000000,433552000000,15484,1.17,5.14,80.9,0.601,15.16,8.8
Turkey,2024,218000000,11030800000000,50600,-0.86,11.13,64.9,0.959,11.54,8.54
Turkey,2024,1112000000,21805208000000,19609,-0.77,3.59,69.5,0.571,19.22,1.47
Turkey,2024,1015000000,32558155000000,32077,6.17,13.62,71.3,0.852,5.06,8.38
Turkey,2024,517000000,8460705000000,16365,11.27,9.68,71.6,0.694,6.1,-1.05
Turkey,2024,801000000,14388363000000,17963,-0.67,3.81,73.9,0.893,6.53,5.81
Turkey,2024,50000000,840550000000,16811,7.37,2.28,74.7,0.742,3.91,6.72
Turkey,2024,1044000000,25855704000000,24766,11.71,10.49,83.5,0.743,7.48,1.14
Turkey,2024,18000000,1524366000000,84687,1.51,8.49,80.5,0.89,15.62,3.29
Turkey,2024,1317000000,9992079000000,7587,10.1,3.41,63.7,0.835,12.72,-1.35
Turkey,2024,977000000,30654352000000,31376,10.25,11.37,69.4,0.685,19.42,1.68
Turkey,2024,123000000,3181272000000,25864,4.43,2.26,73.8,0.896,9.31,1.73
Turkey,2024,846000000,42508962000000,50247,0.82,4.02,62.0,0.94,19.1,2.24
Turkey,2024,607000000,22143360000000,36480,6.37,9.53,69.0,0.957,3.4,5.8
Turkey,2024,1322000000,110377746000000,83493,9.65,5.15,66.5,0.903,13.86,8.01
Turkey,2024,100000000,8000000000000,80000,8.21,5.41,82.0,0.801,16.34,6.56
Turkey,2024,356000000,14488488000000,40698,-0.32,13.4,76.8,0.62,15.54,0.19
Turkey,2024,996000000,6996900000000,7025,9.25,8.01,79.5,0.838,11.41,1.47
Nigeria,2024,1138000000,43213274000000,37973,0.87,3.67,63.1,0.628,19.61,-2.46
Nigeria,2024,1158000000,59290758000000,51201,7.93,10.75,62.1,0.578,12.67,-2.11
Nigeria,2024,633000000,33308460000000,52620,10.06,8.61,62.8,0.7,14.22,3.16
Nigeria,2024,217000000,12834682000000,59146,4.17,9.86,80.5,0.606,1.08,6.66
Nigeria,2024,490000000,38704120000000,78988,11.58,17.59,79.6,0.735,10.4,1.12
Nigeria,2024,492000000,39184848000000,79644,10.59,16.22,76.5,0.616,4.34,-2.88
Nigeria,2024,1319000000,27129192000000,20568,9.67,12.67,81.4,0.626,11.73,0.97
Nigeria,2024,689000000,22270547000000,32323,3.09,16.13,78.0,0.786,14.25,-2.61
Nigeria,2024,302000000,16791502000000,55601,6.94,4.31,62.9,0.838,11.54,7.1
Nigeria,2024,689000000,2656784000000,3856,3.98,6.2,80.6,0.726,10.83,5.49
Nigeria,2024,371000000,26118771000000,70401,-0.73,17.9,81.4,0.572,10.27,7.24
Nigeria,2024,250000000,8245000000000,32980,1.56,6.29,74.0,0.901,5.76,1.36
Nigeria,2024,1340000000,37485160000000,27974,-0.25,8.24,67.0,0.683,16.65,4.34
Nigeria,2024,732000000,11300616000000,15438,11.85,5.5,68.0,0.775,2.87,-0.13
Nigeria,2024,912000000,68502144000000,75112,3.68,11.97,78.5,0.609,1.14,3.38
Nigeria,2024,1303000000,40790415000000,31305,3.73,17.83,80.4,0.588,10.45,1.79
Nigeria,2024,647000000,34441104000000,53232,7.39,13.53,83.5,0.563,7.98,4.06
Nigeria,2024,275000000,6079425000000,22107,3.13,8.86,73.8,0.855,9.73,7.57
Nigeria,2024,1017000000,5926059000000,5827,10.87,17.58,83.9,0.833,13.88,-0.64
Nigeria,2024,1363000000,80794551000000,59277,8.86,12.96,72.3,0.819,3.09,2.85
